date,daily_cost,anomaly_flag,predicted_root_cause,prediction_confidence,root_cause
2025-09-22 13:20:53,277.4871819116988,0,Normal,1.0,Normal
2025-09-22 14:20:53,421.1405418677268,0,Normal,1.0,Normal
2025-09-22 15:20:53,413.4319244042447,0,Normal,1.0,Normal
2025-09-22 16:20:53,308.6993711901219,0,Normal,1.0,Normal
2025-09-22 17:20:53,393.8806851499815,0,Auto Scaling,1.0,Auto Scaling
2025-09-22 18:20:53,385.3927255768818,0,Normal,1.0,Normal
2025-09-22 19:20:53,524.0386301938564,0,Database Load,1.0,Database Load
2025-09-22 20:20:53,334.46180650481176,0,Normal,1.0,Normal
2025-09-22 21:20:53,682.1242681278563,1,Database Load,1.0,Database Load
2025-09-22 22:20:53,347.2952196231199,0,Normal,1.0,Normal
2025-09-22 23:20:53,612.4356493661934,0,Database Load,1.0,Database Load
2025-09-23 00:20:53,317.4208011897274,0,Normal,1.0,Normal
2025-09-23 01:20:53,411.1286596872206,0,Auto Scaling,1.0,Auto Scaling
2025-09-23 02:20:53,353.6959620458392,0,Idle Resources,1.0,Idle Resources
2025-09-23 03:20:53,407.5488294323232,0,Database Load,1.0,Database Load
2025-09-23 04:20:53,368.6756911119157,0,Normal,1.0,Normal
2025-09-23 05:20:53,340.9378533146425,0,Normal,1.0,Normal
2025-09-23 06:20:53,347.72706500224524,0,Normal,1.0,Normal
2025-09-23 07:20:53,259.49498708566244,0,Normal,1.0,Normal
2025-09-23 08:20:53,463.6706776806399,0,Database Load,1.0,Database Load
2025-09-23 09:20:53,632.7391976678318,0,Database Load,0.97,Database Load
2025-09-23 10:20:53,428.7029678319178,0,Normal,0.98,Normal
2025-09-23 11:20:53,329.54864529756014,0,Idle Resources,0.99,Idle Resources
2025-09-23 12:20:53,440.6136075766856,0,Normal,0.98,Normal
2025-09-23 13:20:53,394.1466758543196,0,Network Traffic,1.0,Network Traffic
2025-09-23 14:20:53,346.6809201132112,0,Normal,1.0,Normal
2025-09-23 15:20:53,352.6630764265588,0,Normal,1.0,Normal
2025-09-23 16:20:53,630.2633230612483,1,Database Load,1.0,Database Load
2025-09-23 17:20:53,427.30554616822445,1,Idle Resources,1.0,Idle Resources
2025-09-23 18:20:53,420.1590905099972,0,Idle Resources,1.0,Idle Resources
2025-09-23 19:20:53,350.22662631420303,0,Network Traffic,1.0,Network Traffic
2025-09-23 20:20:53,292.85689470232626,0,Normal,1.0,Normal
2025-09-23 21:20:53,414.1988613145816,0,Network Traffic,1.0,Network Traffic
2025-09-23 22:20:53,658.5411938379187,1,Database Load,1.0,Database Load
2025-09-23 23:20:53,490.6067776427487,0,Normal,0.93,Normal
2025-09-24 00:20:53,421.7584802120622,0,Storage Growth,0.99,Storage Growth
2025-09-24 01:20:53,390.9753739791319,0,Normal,1.0,Normal
2025-09-24 02:20:53,415.6074045480237,1,Idle Resources,1.0,Idle Resources
2025-09-24 03:20:53,444.1671518653859,0,Idle Resources,1.0,Idle Resources
2025-09-24 04:20:53,378.8482868119754,0,Auto Scaling,1.0,Auto Scaling
2025-09-24 05:20:53,324.8081803663365,0,Storage Growth,0.99,Storage Growth
2025-09-24 06:20:53,541.6899919387947,1,Idle Resources,0.99,Idle Resources
2025-09-24 07:20:53,419.0929287315961,0,Network Traffic,1.0,Network Traffic
2025-09-24 08:20:53,462.0752302126738,0,Idle Resources,1.0,Idle Resources
2025-09-24 09:20:53,410.9793362117936,0,Normal,1.0,Normal
2025-09-24 10:20:53,282.06972119356146,0,Normal,1.0,Normal
2025-09-24 11:20:53,344.17347382576713,0,Normal,1.0,Normal
2025-09-24 12:20:53,402.84662168290873,0,Idle Resources,1.0,Idle Resources
2025-09-24 13:20:53,400.9530568247674,0,Network Traffic,1.0,Network Traffic
2025-09-24 14:20:53,430.37134986851447,0,Normal,0.99,Normal
2025-09-24 15:20:53,265.81046000856384,0,Normal,1.0,Normal
2025-09-24 16:20:53,386.9305879594059,0,Normal,1.0,Normal
2025-09-24 17:20:53,337.6162544622783,0,Normal,1.0,Normal
2025-09-24 18:20:53,241.13286837798813,0,Normal,1.0,Normal
2025-09-24 19:20:53,297.6497638241343,0,Normal,1.0,Normal
2025-09-24 20:20:53,356.92223788683367,0,Normal,0.95,Normal
2025-09-24 21:20:53,557.7932179025489,0,Backup/Snapshot Growth,1.0,Backup/Snapshot Growth
2025-09-24 22:20:53,479.9744500681618,0,Idle Resources,0.96,Idle Resources
2025-09-24 23:20:53,214.8160385795132,0,Normal,1.0,Normal
2025-09-25 00:20:53,401.0500742798086,0,Network Traffic,0.99,Network Traffic
2025-09-25 01:20:53,365.57790931815794,0,Normal,1.0,Normal
2025-09-25 02:20:53,365.6333272215976,0,Auto Scaling,1.0,Auto Scaling
2025-09-25 03:20:53,456.0405990268499,0,Normal,0.99,Normal
2025-09-25 04:20:53,285.3444805066621,0,Normal,1.0,Normal
2025-09-25 05:20:53,304.62343932422414,0,Normal,1.0,Normal
2025-09-25 06:20:53,430.4297923290458,0,Auto Scaling,1.0,Auto Scaling
2025-09-25 07:20:53,280.6715578986492,0,Normal,1.0,Normal
2025-09-25 08:20:53,329.6842228835787,0,Normal,0.98,Normal
2025-09-25 09:20:53,541.6116223801863,0,Database Load,1.0,Database Load
2025-09-25 10:20:53,436.471035116832,0,Idle Resources,1.0,Idle Resources
2025-09-25 11:20:53,378.2812844199465,0,Database Load,1.0,Database Load
2025-09-25 12:20:53,304.6758727378544,0,Normal,1.0,Normal
2025-09-25 13:20:53,275.0877707685532,0,Normal,1.0,Normal
2025-09-25 14:20:53,344.0535246819656,0,Normal,1.0,Normal
2025-09-25 15:20:53,367.3328275334098,0,Idle Resources,1.0,Idle Resources
2025-09-25 16:20:53,463.7700194124988,0,Auto Scaling,1.0,Auto Scaling
2025-09-25 17:20:53,321.54757900493,0,Normal,0.95,Normal
2025-09-25 18:20:53,431.6376093041128,0,Network Traffic,1.0,Network Traffic
2025-09-25 19:20:53,397.49809549815046,0,Idle Resources,1.0,Idle Resources
2025-09-25 20:20:53,640.3304352749726,1,Database Load,1.0,Database Load
2025-09-25 21:20:53,331.23973314937746,0,Storage Growth,0.98,Storage Growth
2025-09-25 22:20:53,391.365668157856,0,Normal,0.99,Normal
2025-09-25 23:20:53,493.7363096908389,0,Backup/Snapshot Growth,1.0,Backup/Snapshot Growth
2025-09-26 00:20:53,301.8273531142092,0,Normal,0.99,Normal
2025-09-26 01:20:53,209.70743171799063,0,Normal,1.0,Normal
2025-09-26 02:20:53,417.61660288049234,0,Auto Scaling,1.0,Auto Scaling
2025-09-26 03:20:53,356.48263296487704,0,Auto Scaling,1.0,Auto Scaling
2025-09-26 04:20:53,364.7659788420286,0,Normal,1.0,Normal
2025-09-26 05:20:53,439.48748742578266,0,Idle Resources,1.0,Idle Resources
2025-09-26 06:20:53,502.7586181011348,0,Idle Resources,1.0,Idle Resources
2025-09-26 07:20:53,333.3986672289034,0,Normal,1.0,Normal
2025-09-26 08:20:53,552.7576559235449,0,Backup/Snapshot Growth,0.99,Backup/Snapshot Growth
2025-09-26 09:20:53,262.0021947993497,0,Normal,0.92,Normal
2025-09-26 10:20:53,473.83506250215424,0,Database Load,1.0,Database Load
2025-09-26 11:20:53,319.5043463825345,0,Normal,1.0,Normal
2025-09-26 12:20:53,396.6452430970679,0,Network Traffic,1.0,Network Traffic
2025-09-26 13:20:53,282.0837927348098,0,Normal,1.0,Normal
2025-09-26 14:20:53,434.4942819212787,0,Normal,1.0,Normal
2025-09-26 15:20:53,352.96081313475975,0,Normal,0.99,Normal
2025-09-26 16:20:53,381.3126452158761,0,Normal,1.0,Normal
2025-09-26 17:20:53,496.9809177577423,0,Idle Resources,1.0,Idle Resources
2025-09-26 18:20:53,476.6867348923535,0,Database Load,1.0,Database Load
2025-09-26 19:20:53,323.86012583035154,0,Normal,1.0,Normal
2025-09-26 20:20:53,555.3326641438122,1,Auto Scaling,0.96,Auto Scaling
2025-09-26 21:20:53,349.3199341984159,0,Normal,1.0,Normal
2025-09-26 22:20:53,287.6137221584668,0,Normal,1.0,Normal
2025-09-26 23:20:53,413.109961020814,0,Normal,0.99,Normal
2025-09-27 00:20:53,309.5104992437339,0,Normal,1.0,Normal
2025-09-27 01:20:53,322.371169789028,0,Normal,1.0,Normal
2025-09-27 02:20:53,268.5108316293592,0,Normal,0.99,Normal
2025-09-27 03:20:53,340.56906985877964,0,Normal,0.99,Normal
2025-09-27 04:20:53,364.27160707001394,0,Normal,1.0,Normal
2025-09-27 05:20:53,502.3506294002729,0,Database Load,1.0,Database Load
2025-09-27 06:20:53,541.9811810434879,0,Database Load,1.0,Database Load
2025-09-27 07:20:53,462.4709416690703,0,Database Load,1.0,Database Load
2025-09-27 08:20:53,216.6129312978568,0,Normal,0.99,Normal
2025-09-27 09:20:53,325.5586639447688,0,Normal,1.0,Normal
2025-09-27 10:20:53,505.3333522565665,0,Database Load,1.0,Database Load
2025-09-27 11:20:53,367.743892738377,0,Storage Growth,0.98,Storage Growth
2025-09-27 12:20:53,592.2242925930306,0,Database Load,1.0,Database Load
2025-09-27 13:20:53,348.84032259284186,0,Normal,0.99,Normal
2025-09-27 14:20:53,336.7205935482013,0,Idle Resources,1.0,Idle Resources
2025-09-27 15:20:53,331.871907868754,0,Idle Resources,0.99,Idle Resources
2025-09-27 16:20:53,487.7668929971279,0,Backup/Snapshot Growth,1.0,Backup/Snapshot Growth
2025-09-27 17:20:53,300.3626019092479,0,Network Traffic,1.0,Network Traffic
2025-09-27 18:20:53,556.6792132998789,1,Idle Resources,1.0,Idle Resources
2025-09-27 19:20:53,335.12455859806465,0,Network Traffic,1.0,Network Traffic
2025-09-27 20:20:53,277.93962541478425,0,Network Traffic,1.0,Network Traffic
2025-09-27 21:20:53,397.4241034021975,0,Normal,1.0,Normal
2025-09-27 22:20:53,419.3608828803521,0,Auto Scaling,0.98,Auto Scaling
2025-09-27 23:20:53,222.68906810437187,0,Normal,1.0,Normal
2025-09-28 00:20:53,463.8724974521357,0,Idle Resources,1.0,Idle Resources
2025-09-28 01:20:53,598.7436746535246,0,Database Load,1.0,Database Load
2025-09-28 02:20:53,227.57699880843745,0,Normal,1.0,Normal
2025-09-28 03:20:53,347.72990638416195,0,Normal,0.99,Normal
2025-09-28 04:20:53,379.1524548118357,0,Normal,1.0,Normal
2025-09-28 05:20:53,358.70844206351467,0,Auto Scaling,1.0,Auto Scaling
2025-09-28 06:20:53,332.4508056156263,0,Normal,1.0,Normal
2025-09-28 07:20:53,301.6691456188423,0,Normal,1.0,Normal
2025-09-28 08:20:53,249.3840668265045,0,Normal,1.0,Normal
2025-09-28 09:20:53,514.11609701707,1,Backup/Snapshot Growth,1.0,Backup/Snapshot Growth
2025-09-28 10:20:53,436.6234490523953,0,Idle Resources,1.0,Idle Resources
2025-09-28 11:20:53,565.5926103144482,1,Backup/Snapshot Growth,1.0,Backup/Snapshot Growth
2025-09-28 12:20:53,368.8168742713762,0,Normal,1.0,Normal
2025-09-28 13:20:53,466.2332821470326,0,Idle Resources,1.0,Idle Resources
2025-09-28 14:20:53,395.128243825592,0,Normal,0.99,Normal
2025-09-28 15:20:53,341.2990156434676,0,Normal,1.0,Normal
2025-09-28 16:20:53,227.26388996342743,0,Normal,1.0,Normal
2025-09-28 17:20:53,309.0117293492833,0,Normal,1.0,Normal
2025-09-28 18:20:53,242.3657436256509,0,Normal,1.0,Normal
2025-09-28 19:20:53,334.0013870224241,0,Normal,1.0,Normal
2025-09-28 20:20:53,374.2690534307201,0,Normal,1.0,Normal
2025-09-28 21:20:53,318.2517868820754,0,Normal,1.0,Normal
2025-09-28 22:20:53,392.3940434459168,0,Auto Scaling,1.0,Auto Scaling
2025-09-28 23:20:53,404.664569077055,0,Normal,1.0,Normal
2025-09-29 00:20:53,447.9269873683777,0,Database Load,1.0,Database Load
2025-09-29 01:20:53,329.9533305799037,0,Normal,1.0,Normal
2025-09-29 02:20:53,512.8289472011523,0,Database Load,1.0,Database Load
2025-09-29 03:20:53,352.1680793616722,0,Idle Resources,0.99,Idle Resources
2025-09-29 04:20:53,322.7388055560632,0,Auto Scaling,1.0,Auto Scaling
2025-09-29 05:20:53,245.62152894412296,0,Normal,0.99,Normal
2025-09-29 06:20:53,279.2754698546144,0,Normal,1.0,Normal
2025-09-29 07:20:53,358.64418931637834,0,Normal,1.0,Normal
2025-09-29 08:20:53,385.6610734477703,0,Normal,1.0,Normal
2025-09-29 09:20:53,422.14243815442,0,Network Traffic,1.0,Network Traffic
2025-09-29 10:20:53,362.1969592122424,0,Storage Growth,0.98,Storage Growth
2025-09-29 11:20:53,373.1185375917248,0,Normal,0.97,Normal
2025-09-29 12:20:53,278.2285355530468,0,Normal,1.0,Normal
2025-09-29 13:20:53,418.5717770546382,0,Normal,1.0,Normal
2025-09-29 14:20:53,408.3751699709098,0,Storage Growth,1.0,Storage Growth
2025-09-29 15:20:53,440.11507136639705,0,Idle Resources,1.0,Idle Resources
2025-09-29 16:20:53,359.85044856680923,0,Network Traffic,1.0,Network Traffic
2025-09-29 17:20:53,370.23933247502697,0,Normal,1.0,Normal
2025-09-29 18:20:53,333.57338106199023,0,Network Traffic,1.0,Network Traffic
2025-09-29 19:20:53,396.7938025969301,0,Normal,1.0,Normal
2025-09-29 20:20:53,600.2433796015198,0,Database Load,1.0,Database Load
2025-09-29 21:20:53,684.8812267637609,1,Database Load,1.0,Database Load
2025-09-29 22:20:53,383.458412196065,0,Idle Resources,1.0,Idle Resources
2025-09-29 23:20:53,422.74284077151657,0,Backup/Snapshot Growth,0.98,Backup/Snapshot Growth
2025-09-30 00:20:53,400.4589243979986,0,Idle Resources,1.0,Idle Resources
2025-09-30 01:20:53,324.7053595864493,0,Normal,0.98,Normal
2025-09-30 02:20:53,380.7025010031529,0,Normal,1.0,Normal
2025-09-30 03:20:53,331.26580736764123,0,Normal,1.0,Normal
2025-09-30 04:20:53,382.57192694566,0,Normal,1.0,Normal
2025-09-30 05:20:53,422.897849989427,0,Idle Resources,1.0,Idle Resources
2025-09-30 06:20:53,355.4083934956673,0,Normal,0.99,Normal
2025-09-30 07:20:53,419.0894041002935,0,Idle Resources,1.0,Idle Resources
2025-09-30 08:20:53,396.23735006609513,0,Auto Scaling,1.0,Auto Scaling
2025-09-30 09:20:53,267.7748313710782,0,Normal,1.0,Normal
2025-09-30 10:20:53,320.70356139849457,0,Normal,1.0,Normal
2025-09-30 11:20:53,314.5535085158449,0,Normal,1.0,Normal
2025-09-30 12:20:53,385.9129014885161,0,Idle Resources,1.0,Idle Resources
2025-09-30 13:20:53,366.3118152277145,0,Normal,1.0,Normal
2025-09-30 14:20:53,565.8789925088008,1,Backup/Snapshot Growth,1.0,Backup/Snapshot Growth
2025-09-30 15:20:53,423.7051813050109,0,Auto Scaling,1.0,Auto Scaling
2025-09-30 16:20:53,602.208089084158,1,Database Load,1.0,Database Load
2025-09-30 17:20:53,516.1163814310165,1,Auto Scaling,1.0,Auto Scaling
2025-09-30 18:20:53,354.647963106159,0,Normal,1.0,Normal
2025-09-30 19:20:53,409.5340956386917,0,Backup/Snapshot Growth,1.0,Backup/Snapshot Growth
2025-09-30 20:20:53,448.85181315502905,0,Idle Resources,1.0,Idle Resources
2025-09-30 21:20:53,310.93522384659974,0,Normal,1.0,Normal
2025-09-30 22:20:53,383.2048539131574,0,Normal,1.0,Normal
2025-09-30 23:20:53,493.3646742615912,0,Network Traffic,1.0,Network Traffic
2025-10-01 00:20:53,315.8569717277787,0,Normal,0.99,Normal
2025-10-01 01:20:53,596.3458965341182,1,Database Load,1.0,Database Load
2025-10-01 02:20:53,391.22120408218655,0,Auto Scaling,1.0,Auto Scaling
2025-10-01 03:20:53,431.4353237789844,0,Storage Growth,1.0,Storage Growth
2025-10-01 04:20:53,591.5278319514384,1,Backup/Snapshot Growth,0.96,Backup/Snapshot Growth
2025-10-01 05:20:53,451.8971704562295,0,Storage Growth,0.98,Storage Growth
2025-10-01 06:20:53,557.4710542035187,0,Backup/Snapshot Growth,1.0,Backup/Snapshot Growth
2025-10-01 07:20:53,340.34480919523827,0,Normal,1.0,Normal
2025-10-01 08:20:53,373.0463896679336,0,Storage Growth,1.0,Storage Growth
2025-10-01 09:20:53,367.45226018561374,0,Normal,1.0,Normal
2025-10-01 10:20:53,408.1244519526764,0,Network Traffic,1.0,Network Traffic
2025-10-01 11:20:53,348.90207983919265,0,Normal,1.0,Normal
2025-10-01 12:20:53,367.0602992192818,0,Network Traffic,1.0,Network Traffic
2025-10-01 13:20:53,416.2404458626186,0,Network Traffic,1.0,Network Traffic
2025-10-01 14:20:53,338.86643385531124,0,Normal,0.99,Normal
2025-10-01 15:20:53,467.06706127639137,0,Normal,1.0,Normal
2025-10-01 16:20:53,588.88652725335,0,Backup/Snapshot Growth,1.0,Backup/Snapshot Growth
2025-10-01 17:20:53,388.323173058576,0,Network Traffic,1.0,Network Traffic
2025-10-01 18:20:53,435.6383112631617,0,Normal,1.0,Normal
2025-10-01 19:20:53,345.36626796966755,0,Auto Scaling,0.98,Auto Scaling
2025-10-01 20:20:53,428.9064880903285,0,Backup/Snapshot Growth,0.98,Backup/Snapshot Growth
2025-10-01 21:20:53,289.98108825817457,0,Normal,1.0,Normal
2025-10-01 22:20:53,413.1955694246218,0,Normal,0.99,Normal
2025-10-01 23:20:53,353.0511489323915,0,Network Traffic,1.0,Network Traffic
2025-10-02 00:20:53,326.53496672738925,0,Normal,0.98,Normal
2025-10-02 01:20:53,361.57605988646935,0,Normal,1.0,Normal
2025-10-02 02:20:53,386.4876290158503,0,Normal,1.0,Normal
2025-10-02 03:20:53,270.4039453176185,0,Normal,0.99,Normal
2025-10-02 04:20:53,393.37960401407184,0,Auto Scaling,1.0,Auto Scaling
2025-10-02 05:20:53,365.3426709838443,0,Normal,1.0,Normal
2025-10-02 06:20:53,294.5347380906004,0,Normal,1.0,Normal
2025-10-02 07:20:53,450.2267647638645,0,Database Load,1.0,Database Load
2025-10-02 08:20:53,257.01812801349564,0,Normal,1.0,Normal
2025-10-02 09:20:53,394.9961141096728,0,Storage Growth,1.0,Storage Growth
2025-10-02 10:20:53,509.8581613747977,0,Backup/Snapshot Growth,1.0,Backup/Snapshot Growth
2025-10-02 11:20:53,281.29053197939163,0,Storage Growth,1.0,Storage Growth
2025-10-02 12:20:53,419.9601292504664,0,Auto Scaling,1.0,Auto Scaling
2025-10-02 13:20:53,426.6009682029336,0,Normal,1.0,Normal
2025-10-02 14:20:53,256.2847352046985,0,Auto Scaling,1.0,Auto Scaling
2025-10-02 15:20:53,404.8539840552185,0,Network Traffic,1.0,Network Traffic
2025-10-02 16:20:53,482.2051013406212,0,Idle Resources,1.0,Idle Resources
2025-10-02 17:20:53,306.5919137376512,0,Normal,1.0,Normal
2025-10-02 18:20:53,429.9189611160086,0,Network Traffic,1.0,Network Traffic
2025-10-02 19:20:53,373.42579707099645,0,Normal,1.0,Normal
2025-10-02 20:20:53,275.71971267215923,0,Normal,1.0,Normal
2025-10-02 21:20:53,332.8233653992558,0,Normal,1.0,Normal
2025-10-02 22:20:53,382.352124686686,0,Database Load,1.0,Database Load
2025-10-02 23:20:53,667.5535925754506,0,Database Load,1.0,Database Load
2025-10-03 00:20:53,665.5966864139783,1,Database Load,1.0,Database Load
2025-10-03 01:20:53,271.20174089219245,0,Normal,1.0,Normal
2025-10-03 02:20:53,443.9333943298872,0,Normal,0.99,Normal
2025-10-03 03:20:53,546.1144594491072,0,Database Load,1.0,Database Load
2025-10-03 04:20:53,345.17199396328266,0,Idle Resources,1.0,Idle Resources
2025-10-03 05:20:53,504.8038826192544,0,Idle Resources,1.0,Idle Resources
2025-10-03 06:20:53,310.6078085858963,0,Network Traffic,1.0,Network Traffic
2025-10-03 07:20:53,349.6401365225471,0,Network Traffic,0.99,Network Traffic
2025-10-03 08:20:53,661.5178603634382,1,Backup/Snapshot Growth,1.0,Backup/Snapshot Growth
2025-10-03 09:20:53,378.4657946631183,0,Normal,1.0,Normal
2025-10-03 10:20:53,460.1460289642304,1,Auto Scaling,1.0,Auto Scaling
2025-10-03 11:20:53,615.1130703213872,0,Database Load,1.0,Database Load
2025-10-03 12:20:53,196.01706226707944,0,Normal,1.0,Normal
2025-10-03 13:20:53,527.7035716570693,1,Backup/Snapshot Growth,0.97,Backup/Snapshot Growth
2025-10-03 14:20:53,391.709894680925,0,Idle Resources,1.0,Idle Resources
2025-10-03 15:20:53,414.7817088387166,0,Network Traffic,1.0,Network Traffic
2025-10-03 16:20:53,387.68031363538057,0,Normal,0.99,Normal
2025-10-03 17:20:53,505.2545354295457,0,Database Load,1.0,Database Load
2025-10-03 18:20:53,310.7343721923374,0,Normal,1.0,Normal
2025-10-03 19:20:53,365.1482276595448,0,Auto Scaling,1.0,Auto Scaling
2025-10-03 20:20:53,519.0049595102471,1,Idle Resources,1.0,Idle Resources
2025-10-03 21:20:53,329.5848492021944,0,Normal,1.0,Normal
2025-10-03 22:20:53,450.2072402004078,0,Auto Scaling,1.0,Auto Scaling
2025-10-03 23:20:53,641.9040787445706,1,Database Load,1.0,Database Load
2025-10-04 00:20:53,388.0500826678917,0,Network Traffic,1.0,Network Traffic
2025-10-04 01:20:53,280.0314760345439,0,Normal,1.0,Normal
2025-10-04 02:20:53,312.784591963546,0,Normal,1.0,Normal
2025-10-04 03:20:53,479.0662948858148,0,Backup/Snapshot Growth,1.0,Backup/Snapshot Growth
2025-10-04 04:20:53,368.84181623870063,0,Storage Growth,0.97,Storage Growth
2025-10-04 05:20:53,241.99186784269315,0,Normal,1.0,Normal
2025-10-04 06:20:53,548.8296296572445,0,Database Load,1.0,Database Load
2025-10-04 07:20:53,374.9496845640317,0,Normal,1.0,Normal
2025-10-04 08:20:53,573.493211467157,1,Database Load,1.0,Database Load
2025-10-04 09:20:53,495.6103519028489,0,Database Load,1.0,Database Load
2025-10-04 10:20:53,542.4641616605129,0,Database Load,1.0,Database Load
2025-10-04 11:20:53,386.2709853470704,0,Normal,1.0,Normal
2025-10-04 12:20:53,271.77754898069384,0,Normal,1.0,Normal
2025-10-04 13:20:53,359.62520580586903,0,Normal,1.0,Normal
2025-10-04 14:20:53,352.0363332694756,0,Normal,1.0,Normal
2025-10-04 15:20:53,447.0543979802798,0,Normal,0.98,Normal
2025-10-04 16:20:53,376.095207163662,0,Idle Resources,1.0,Idle Resources
2025-10-04 17:20:53,318.73128230421867,0,Normal,1.0,Normal
2025-10-04 18:20:53,269.59511886835867,0,Normal,1.0,Normal
2025-10-04 19:20:53,303.1081801095172,0,Normal,1.0,Normal
2025-10-04 20:20:53,563.3532173976223,0,Database Load,0.99,Database Load
2025-10-04 21:20:53,342.0019962609008,0,Normal,1.0,Normal
2025-10-04 22:20:53,462.61730128917935,0,Normal,1.0,Normal
2025-10-04 23:20:53,370.7756693798989,0,Normal,1.0,Normal
2025-10-05 00:20:53,353.9514857172552,0,Normal,1.0,Normal
2025-10-05 01:20:53,289.3098460571725,0,Network Traffic,0.97,Network Traffic
2025-10-05 02:20:53,328.3054064034976,0,Auto Scaling,1.0,Auto Scaling
2025-10-05 03:20:53,292.115835762432,0,Normal,1.0,Normal
2025-10-05 04:20:53,654.0192785905033,1,Database Load,1.0,Database Load
2025-10-05 05:20:53,365.0464418150751,0,Normal,1.0,Normal
2025-10-05 06:20:53,301.8794755765811,0,Auto Scaling,1.0,Auto Scaling
2025-10-05 07:20:53,419.70703380026646,0,Normal,1.0,Normal
2025-10-05 08:20:53,387.604456463798,0,Network Traffic,1.0,Network Traffic
2025-10-05 09:20:53,412.1651164961886,0,Storage Growth,0.99,Storage Growth
2025-10-05 10:20:53,427.2486737334398,0,Idle Resources,1.0,Idle Resources
2025-10-05 11:20:53,437.0199010424734,0,Normal,0.99,Normal
2025-10-05 12:20:53,530.4533197098247,0,Database Load,1.0,Database Load
2025-10-05 13:20:53,423.46254485575577,0,Idle Resources,0.99,Idle Resources
2025-10-05 14:20:53,327.38777499141554,0,Normal,1.0,Normal
2025-10-05 15:20:53,350.7267189348213,0,Normal,1.0,Normal
2025-10-05 16:20:53,337.95739657418227,0,Normal,0.96,Normal
2025-10-05 17:20:53,281.0261110100428,0,Normal,1.0,Normal
2025-10-05 18:20:53,465.1871913889644,0,Auto Scaling,0.97,Auto Scaling
2025-10-05 19:20:53,356.5535416644884,0,Normal,1.0,Normal
2025-10-05 20:20:53,333.026346381042,0,Normal,1.0,Normal
2025-10-05 21:20:53,391.54800878702,0,Normal,1.0,Normal
2025-10-05 22:20:53,517.1521194789464,0,Database Load,1.0,Database Load
2025-10-05 23:20:53,348.7720772376978,0,Normal,1.0,Normal
2025-10-06 00:20:53,409.26253893835104,0,Idle Resources,1.0,Idle Resources
2025-10-06 01:20:53,331.02744783270634,0,Normal,1.0,Normal
2025-10-06 02:20:53,431.11764304352175,0,Idle Resources,1.0,Idle Resources
2025-10-06 03:20:53,381.3472455235516,0,Network Traffic,0.99,Network Traffic
2025-10-06 04:20:53,634.8119116237867,1,Backup/Snapshot Growth,1.0,Backup/Snapshot Growth
2025-10-06 05:20:53,374.52390840776224,0,Normal,1.0,Normal
2025-10-06 06:20:53,387.9155163254288,0,Normal,1.0,Normal
2025-10-06 07:20:53,417.9962086079362,0,Idle Resources,1.0,Idle Resources
2025-10-06 08:20:53,306.2878846710896,0,Normal,1.0,Normal
2025-10-06 09:20:53,290.1458135989059,0,Normal,1.0,Normal
2025-10-06 10:20:53,446.3704896261305,0,Database Load,1.0,Database Load
2025-10-06 11:20:53,263.2174730886176,0,Normal,1.0,Normal
2025-10-06 12:20:53,483.0742326693775,1,Backup/Snapshot Growth,1.0,Backup/Snapshot Growth
2025-10-06 13:20:53,311.7029212844151,0,Normal,1.0,Normal
2025-10-06 14:20:53,501.3657344803364,0,Database Load,1.0,Database Load
2025-10-06 15:20:53,294.18009728860983,0,Normal,0.99,Normal
2025-10-06 16:20:53,323.8433808945434,0,Normal,1.0,Normal
2025-10-06 17:20:53,304.3769932843092,0,Idle Resources,0.99,Idle Resources
2025-10-06 18:20:53,302.61492713323685,0,Normal,1.0,Normal
2025-10-06 19:20:53,395.069753255102,0,Normal,1.0,Normal
2025-10-06 20:20:53,332.5081372614057,0,Auto Scaling,1.0,Auto Scaling
2025-10-06 21:20:53,365.3084209305125,0,Auto Scaling,1.0,Auto Scaling
2025-10-06 22:20:53,597.7154812671523,1,Backup/Snapshot Growth,1.0,Backup/Snapshot Growth
2025-10-06 23:20:53,467.6447017291716,0,Idle Resources,1.0,Idle Resources
2025-10-07 00:20:53,358.4164921598467,0,Normal,1.0,Normal
2025-10-07 01:20:53,339.8318536506947,0,Idle Resources,1.0,Idle Resources
2025-10-07 02:20:53,405.6591707234504,0,Normal,1.0,Normal
2025-10-07 03:20:53,497.05713668254936,0,Idle Resources,1.0,Idle Resources
2025-10-07 04:20:53,333.99272913449494,0,Normal,1.0,Normal
2025-10-07 05:20:53,351.755567648852,0,Normal,1.0,Normal
2025-10-07 06:20:53,320.9578720921577,0,Normal,1.0,Normal
2025-10-07 07:20:53,268.48247598224043,0,Normal,1.0,Normal
2025-10-07 08:20:53,496.84031613871775,0,Idle Resources,1.0,Idle Resources
2025-10-07 09:20:53,367.53146729206014,0,Network Traffic,1.0,Network Traffic
2025-10-07 10:20:53,336.32160431122975,0,Idle Resources,1.0,Idle Resources
2025-10-07 11:20:53,400.4697407037237,0,Auto Scaling,1.0,Auto Scaling
2025-10-07 12:20:53,587.5476852468086,0,Database Load,1.0,Database Load
2025-10-07 13:20:53,400.43847945940905,0,Normal,0.99,Normal
2025-10-07 14:20:53,238.7385473469312,0,Normal,1.0,Normal
2025-10-07 15:20:53,293.1110532619105,0,Normal,1.0,Normal
2025-10-07 16:20:53,483.8509642594121,0,Idle Resources,1.0,Idle Resources
2025-10-07 17:20:53,399.17473630726136,0,Idle Resources,1.0,Idle Resources
2025-10-07 18:20:53,389.5576659856199,0,Normal,1.0,Normal
2025-10-07 19:20:53,312.03044730540626,0,Normal,1.0,Normal
2025-10-07 20:20:53,455.5326155030245,0,Idle Resources,0.97,Idle Resources
2025-10-07 21:20:53,423.83222481404056,0,Normal,1.0,Normal
2025-10-07 22:20:53,338.4243395283943,0,Normal,0.99,Normal
2025-10-07 23:20:53,237.5782617622704,0,Normal,1.0,Normal
2025-10-08 00:20:53,673.0115300732873,1,Database Load,1.0,Database Load
2025-10-08 01:20:53,371.0558572608605,0,Normal,1.0,Normal
2025-10-08 02:20:53,335.1052570883462,0,Network Traffic,1.0,Network Traffic
2025-10-08 03:20:53,360.04214062573107,0,Normal,1.0,Normal
2025-10-08 04:20:53,398.6663181502641,0,Normal,1.0,Normal
2025-10-08 05:20:53,380.981179878704,0,Normal,1.0,Normal
2025-10-08 06:20:53,395.79896458879546,0,Storage Growth,1.0,Storage Growth
2025-10-08 07:20:53,322.2962448294702,0,Network Traffic,1.0,Network Traffic
2025-10-08 08:20:53,397.1570746717954,0,Idle Resources,1.0,Idle Resources
2025-10-08 09:20:53,390.6817036707363,0,Normal,1.0,Normal
2025-10-08 10:20:53,340.16759413258075,0,Normal,1.0,Normal
2025-10-08 11:20:53,384.7540532090469,0,Network Traffic,1.0,Network Traffic
2025-10-08 12:20:53,363.6789717309485,0,Normal,1.0,Normal
2025-10-08 13:20:53,460.85626942664953,1,Idle Resources,1.0,Idle Resources
2025-10-08 14:20:53,534.4337533421362,0,Backup/Snapshot Growth,1.0,Backup/Snapshot Growth
2025-10-08 15:20:53,426.44044157919,0,Database Load,1.0,Database Load
2025-10-08 16:20:53,419.6444754151767,0,Idle Resources,1.0,Idle Resources
2025-10-08 17:20:53,415.2692977288161,0,Network Traffic,1.0,Network Traffic
2025-10-08 18:20:53,368.88823776749246,0,Normal,0.99,Normal
2025-10-08 19:20:53,327.6849519665871,0,Normal,1.0,Normal
2025-10-08 20:20:53,454.3080950053941,0,Idle Resources,0.98,Idle Resources
2025-10-08 21:20:53,455.4013915810713,0,Database Load,1.0,Database Load
2025-10-08 22:20:53,407.3809034962151,0,Normal,1.0,Normal
2025-10-08 23:20:53,299.7230536572204,0,Network Traffic,1.0,Network Traffic
2025-10-09 00:20:53,256.2813836288254,0,Normal,1.0,Normal
2025-10-09 01:20:53,353.8290272756079,0,Auto Scaling,1.0,Auto Scaling
2025-10-09 02:20:53,329.36691492767244,0,Normal,1.0,Normal
2025-10-09 03:20:53,381.135245093506,0,Network Traffic,0.99,Network Traffic
2025-10-09 04:20:53,477.7159283927754,0,Database Load,1.0,Database Load
2025-10-09 05:20:53,379.0857339395501,0,Normal,1.0,Normal
2025-10-09 06:20:53,273.64962435136346,0,Normal,1.0,Normal
2025-10-09 07:20:53,433.7456211064028,0,Database Load,1.0,Database Load
2025-10-09 08:20:53,325.75366746260994,0,Idle Resources,1.0,Idle Resources
2025-10-09 09:20:53,274.44868668581825,0,Normal,1.0,Normal
2025-10-09 10:20:53,396.9455465897779,0,Idle Resources,1.0,Idle Resources
2025-10-09 11:20:53,395.6938419610647,0,Idle Resources,1.0,Idle Resources
2025-10-09 12:20:53,382.6191385530144,0,Normal,1.0,Normal
2025-10-09 13:20:53,361.6968800677421,0,Normal,1.0,Normal
2025-10-09 14:20:53,331.12961251606225,0,Normal,1.0,Normal
2025-10-09 15:20:53,508.5444841506181,0,Backup/Snapshot Growth,1.0,Backup/Snapshot Growth
2025-10-09 16:20:53,262.43352824618466,0,Normal,1.0,Normal
2025-10-09 17:20:53,510.1542299744934,1,Idle Resources,0.99,Idle Resources
2025-10-09 18:20:53,391.1118812709509,0,Network Traffic,1.0,Network Traffic
2025-10-09 19:20:53,601.7101024358514,0,Database Load,1.0,Database Load
2025-10-09 20:20:53,292.6298450991394,0,Normal,1.0,Normal
2025-10-09 21:20:53,308.4257601942007,0,Normal,1.0,Normal
2025-10-09 22:20:53,325.3491764723625,0,Normal,0.99,Normal
2025-10-09 23:20:53,354.80013369329305,0,Normal,1.0,Normal
2025-10-10 00:20:53,535.1778896873603,0,Backup/Snapshot Growth,0.8,Backup/Snapshot Growth
2025-10-10 01:20:53,360.87809402256414,0,Normal,1.0,Normal
2025-10-10 02:20:53,389.46481210488014,0,Normal,1.0,Normal
2025-10-10 03:20:53,403.30429265267446,0,Normal,1.0,Normal
2025-10-10 04:20:53,387.9024840904586,0,Normal,1.0,Normal
2025-10-10 05:20:53,441.1093063996967,0,Normal,1.0,Normal
2025-10-10 06:20:53,597.4407631007015,0,Backup/Snapshot Growth,1.0,Backup/Snapshot Growth
2025-10-10 07:20:53,261.0449006216272,0,Normal,1.0,Normal
2025-10-10 08:20:53,401.3556230598445,0,Network Traffic,1.0,Network Traffic
2025-10-10 09:20:53,269.24099235688806,0,Normal,1.0,Normal
2025-10-10 10:20:53,280.6572437418169,0,Storage Growth,1.0,Storage Growth
2025-10-10 11:20:53,386.5902324224066,0,Network Traffic,1.0,Network Traffic
2025-10-10 12:20:53,375.0477468101236,0,Normal,1.0,Normal
2025-10-10 13:20:53,381.4041644535804,1,Auto Scaling,0.99,Auto Scaling
2025-10-10 14:20:53,336.1885361245925,0,Storage Growth,0.99,Storage Growth
2025-10-10 15:20:53,475.13776767924026,0,Database Load,1.0,Database Load
2025-10-10 16:20:53,257.9147286593968,0,Normal,1.0,Normal
2025-10-10 17:20:53,392.031127213248,0,Idle Resources,1.0,Idle Resources
2025-10-10 18:20:53,426.87898966470334,0,Normal,0.95,Normal
2025-10-10 19:20:53,427.1805921000992,0,Idle Resources,1.0,Idle Resources
2025-10-10 20:20:53,408.03361328507617,0,Network Traffic,1.0,Network Traffic
2025-10-10 21:20:53,401.6300528073442,0,Normal,1.0,Normal
2025-10-10 22:20:53,519.3161090715714,0,Backup/Snapshot Growth,1.0,Backup/Snapshot Growth
2025-10-10 23:20:53,319.8088383875307,0,Normal,1.0,Normal
2025-10-11 00:20:53,563.6818176753494,0,Database Load,1.0,Database Load
2025-10-11 01:20:53,456.7194749923869,0,Auto Scaling,1.0,Auto Scaling
2025-10-11 02:20:53,379.56846992227855,0,Idle Resources,0.99,Idle Resources
2025-10-11 03:20:53,468.26679868031255,0,Auto Scaling,1.0,Auto Scaling
2025-10-11 04:20:53,258.0704386458006,0,Normal,0.98,Normal
2025-10-11 05:20:53,463.1392818916711,0,Database Load,0.97,Database Load
2025-10-11 06:20:53,339.2113748231887,0,Network Traffic,1.0,Network Traffic
2025-10-11 07:20:53,461.76405137001353,0,Normal,0.95,Normal
2025-10-11 08:20:53,380.2304314480968,0,Idle Resources,1.0,Idle Resources
2025-10-11 09:20:53,597.2063799818254,0,Database Load,1.0,Database Load
2025-10-11 10:20:53,436.14365351926506,0,Normal,1.0,Normal
2025-10-11 11:20:53,391.3613732706463,0,Normal,1.0,Normal
2025-10-11 12:20:53,488.9419331573086,1,Backup/Snapshot Growth,0.97,Backup/Snapshot Growth
2025-10-11 13:20:53,427.78909908266814,0,Auto Scaling,1.0,Auto Scaling
2025-10-11 14:20:53,280.16089081138625,0,Network Traffic,1.0,Network Traffic
2025-10-11 15:20:53,537.2958111761697,0,Database Load,1.0,Database Load
2025-10-11 16:20:53,371.8317783800392,0,Normal,1.0,Normal
2025-10-11 17:20:53,316.87108556049355,0,Normal,1.0,Normal
2025-10-11 18:20:53,291.7961714423002,0,Storage Growth,0.98,Storage Growth
2025-10-11 19:20:53,296.76161310967905,0,Normal,0.95,Normal
2025-10-11 20:20:53,306.58917241262344,0,Normal,0.99,Normal
2025-10-11 21:20:53,305.3074583987295,0,Normal,1.0,Normal
2025-10-11 22:20:53,319.63458919954115,0,Storage Growth,0.99,Storage Growth
2025-10-11 23:20:53,418.4910036530845,0,Idle Resources,1.0,Idle Resources
2025-10-12 00:20:53,323.5538150631743,0,Storage Growth,1.0,Storage Growth
2025-10-12 01:20:53,279.8353234140751,0,Normal,1.0,Normal
2025-10-12 02:20:53,510.72527332124207,0,Backup/Snapshot Growth,1.0,Backup/Snapshot Growth
2025-10-12 03:20:53,327.13838997068905,0,Network Traffic,1.0,Network Traffic
2025-10-12 04:20:53,577.6703929819734,1,Idle Resources,1.0,Idle Resources
2025-10-12 05:20:53,442.071540650796,0,Backup/Snapshot Growth,0.98,Backup/Snapshot Growth
2025-10-12 06:20:53,323.14046747361635,0,Normal,1.0,Normal
2025-10-12 07:20:53,328.435949401494,0,Normal,1.0,Normal
2025-10-12 08:20:53,367.97996884410605,0,Normal,0.98,Normal
2025-10-12 09:20:53,350.730609844499,0,Normal,0.96,Normal
2025-10-12 10:20:53,390.81472692704506,0,Database Load,1.0,Database Load
2025-10-12 11:20:53,270.3899560000118,0,Normal,1.0,Normal
2025-10-12 12:20:53,354.8310257142472,0,Network Traffic,1.0,Network Traffic
2025-10-12 13:20:53,421.8536931038224,0,Storage Growth,1.0,Storage Growth
2025-10-12 14:20:53,329.78367385445085,0,Normal,1.0,Normal
2025-10-12 15:20:53,334.0426637565887,0,Auto Scaling,1.0,Auto Scaling
2025-10-12 16:20:53,349.92951932432265,0,Idle Resources,0.98,Idle Resources
2025-10-12 17:20:53,367.6871654636744,0,Normal,1.0,Normal
2025-10-12 18:20:53,549.2121257452462,1,Database Load,0.99,Database Load
2025-10-12 19:20:53,362.0343871886252,0,Normal,1.0,Normal
2025-10-12 20:20:53,363.138158583758,0,Normal,1.0,Normal
2025-10-12 21:20:53,349.1937751147093,0,Normal,1.0,Normal
2025-10-12 22:20:53,356.44078962509946,0,Normal,1.0,Normal
2025-10-12 23:20:53,337.3766227764507,0,Normal,1.0,Normal
2025-10-13 00:20:53,294.13380114376315,0,Normal,1.0,Normal
2025-10-13 01:20:53,485.255613712968,0,Normal,0.98,Normal
2025-10-13 02:20:53,411.80158762342666,0,Idle Resources,1.0,Idle Resources
2025-10-13 03:20:53,438.9134129564353,0,Auto Scaling,1.0,Auto Scaling
2025-10-13 04:20:53,339.593529433314,0,Normal,1.0,Normal
2025-10-13 05:20:53,417.0191260242908,0,Idle Resources,1.0,Idle Resources
2025-10-13 06:20:53,649.4230769118444,0,Database Load,1.0,Database Load
2025-10-13 07:20:53,309.1078419563492,0,Normal,1.0,Normal
2025-10-13 08:20:53,464.4430925925555,0,Storage Growth,0.99,Storage Growth
2025-10-13 09:20:53,585.8690878398987,0,Database Load,1.0,Database Load
2025-10-13 10:20:53,404.7656352163266,0,Normal,1.0,Normal
2025-10-13 11:20:53,483.952467382413,0,Auto Scaling,1.0,Auto Scaling
2025-10-13 12:20:53,331.6053047000356,0,Storage Growth,1.0,Storage Growth
2025-10-13 13:20:53,548.1189074915926,0,Database Load,1.0,Database Load
2025-10-13 14:20:53,260.10502384711646,0,Normal,1.0,Normal
2025-10-13 15:20:53,371.4410475801352,0,Normal,1.0,Normal
2025-10-13 16:20:53,270.4878440655184,1,Network Traffic,1.0,Network Traffic
2025-10-13 17:20:53,398.525619531809,0,Auto Scaling,1.0,Auto Scaling
2025-10-13 18:20:53,315.1146185043011,0,Network Traffic,1.0,Network Traffic
2025-10-13 19:20:53,409.8924218803832,0,Auto Scaling,1.0,Auto Scaling
2025-10-13 20:20:53,392.2147195048008,0,Idle Resources,1.0,Idle Resources
2025-10-13 21:20:53,342.52583926514154,0,Normal,1.0,Normal
2025-10-13 22:20:53,349.40444347329566,0,Auto Scaling,1.0,Auto Scaling
2025-10-13 23:20:53,549.4654143911491,0,Database Load,1.0,Database Load
2025-10-14 00:20:53,411.1436941697206,0,Auto Scaling,1.0,Auto Scaling
2025-10-14 01:20:53,407.7166978134177,0,Idle Resources,1.0,Idle Resources
2025-10-14 02:20:53,698.6320456005826,1,Database Load,1.0,Database Load
2025-10-14 03:20:53,406.0240716743554,0,Normal,1.0,Normal
2025-10-14 04:20:53,482.9605205394763,0,Auto Scaling,1.0,Auto Scaling
2025-10-14 05:20:53,429.6973635762323,0,Normal,1.0,Normal
2025-10-14 06:20:53,299.4800869243962,0,Normal,1.0,Normal
2025-10-14 07:20:53,425.8802330084909,0,Idle Resources,1.0,Idle Resources
2025-10-14 08:20:53,341.9012315006716,0,Normal,1.0,Normal
2025-10-14 09:20:53,275.47216999186054,0,Normal,1.0,Normal
2025-10-14 10:20:53,371.5655207154383,0,Normal,1.0,Normal
2025-10-14 11:20:53,416.4701714526002,0,Normal,1.0,Normal
2025-10-14 12:20:53,382.9523312337712,0,Storage Growth,1.0,Storage Growth
2025-10-14 13:20:53,278.0505443218815,0,Network Traffic,1.0,Network Traffic
2025-10-14 14:20:53,400.1783440205685,0,Normal,1.0,Normal
2025-10-14 15:20:53,296.2123888952279,0,Normal,1.0,Normal
2025-10-14 16:20:53,328.2341527055058,0,Network Traffic,1.0,Network Traffic
2025-10-14 17:20:53,406.9068684859496,0,Auto Scaling,0.99,Auto Scaling
2025-10-14 18:20:53,398.3095275506189,0,Normal,1.0,Normal
2025-10-14 19:20:53,242.0541773860109,0,Normal,1.0,Normal
2025-10-14 20:20:53,340.4203093726014,0,Normal,1.0,Normal
2025-10-14 21:20:53,370.2447871354823,0,Auto Scaling,1.0,Auto Scaling
2025-10-14 22:20:53,364.2360297405414,0,Normal,1.0,Normal
2025-10-14 23:20:53,340.04619137002874,0,Normal,1.0,Normal
2025-10-15 00:20:53,414.2884416850589,0,Normal,1.0,Normal
2025-10-15 01:20:53,342.66749085809823,0,Normal,1.0,Normal
2025-10-15 02:20:53,312.32855432620414,0,Storage Growth,0.99,Storage Growth
2025-10-15 03:20:53,419.7842645162063,0,Network Traffic,1.0,Network Traffic
2025-10-15 04:20:53,459.2934857248572,0,Idle Resources,1.0,Idle Resources
2025-10-15 05:20:53,389.1687925050602,0,Normal,1.0,Normal
2025-10-15 06:20:53,458.00493437509726,0,Network Traffic,1.0,Network Traffic
2025-10-15 07:20:53,626.5872186881058,0,Database Load,1.0,Database Load
2025-10-15 08:20:53,297.6906926717254,0,Normal,1.0,Normal
2025-10-15 09:20:53,401.95612155125946,0,Normal,0.99,Normal
2025-10-15 10:20:53,446.82629868006353,0,Network Traffic,1.0,Network Traffic
2025-10-15 11:20:53,313.93702863511703,0,Network Traffic,0.99,Network Traffic
2025-10-15 12:20:53,402.2755791732727,0,Normal,1.0,Normal
2025-10-15 13:20:53,486.15265798984905,0,Idle Resources,1.0,Idle Resources
2025-10-15 14:20:53,481.7812981167013,0,Backup/Snapshot Growth,0.99,Backup/Snapshot Growth
2025-10-15 15:20:53,308.9459377310044,0,Normal,1.0,Normal
2025-10-15 16:20:53,339.2909654697144,0,Storage Growth,1.0,Storage Growth
2025-10-15 17:20:53,459.1656225347217,0,Auto Scaling,1.0,Auto Scaling
2025-10-15 18:20:53,419.7305981028311,0,Normal,1.0,Normal
2025-10-15 19:20:53,348.16305926898,0,Normal,1.0,Normal
2025-10-15 20:20:53,409.3279004882551,0,Auto Scaling,1.0,Auto Scaling
2025-10-15 21:20:53,494.9224944668656,0,Database Load,1.0,Database Load
2025-10-15 22:20:53,539.8072066526123,0,Database Load,1.0,Database Load
2025-10-15 23:20:53,323.7253223541473,0,Normal,0.99,Normal
2025-10-16 00:20:53,322.9025402215857,0,Normal,1.0,Normal
2025-10-16 01:20:53,411.9814906884123,0,Network Traffic,1.0,Network Traffic
2025-10-16 02:20:53,553.2212368028078,0,Database Load,1.0,Database Load
2025-10-16 03:20:53,635.0166705368097,1,Backup/Snapshot Growth,1.0,Backup/Snapshot Growth
2025-10-16 04:20:53,493.20027446079024,0,Database Load,0.99,Database Load
2025-10-16 05:20:53,409.29394644028025,0,Storage Growth,1.0,Storage Growth
2025-10-16 06:20:53,360.1057004026149,0,Auto Scaling,1.0,Auto Scaling
2025-10-16 07:20:53,370.3264614212328,0,Normal,1.0,Normal
2025-10-16 08:20:53,523.37938651769,0,Database Load,1.0,Database Load
2025-10-16 09:20:53,540.0545503156766,0,Database Load,1.0,Database Load
2025-10-16 10:20:53,293.8929246485631,0,Normal,0.99,Normal
2025-10-16 11:20:53,361.6368746678416,0,Normal,1.0,Normal
2025-10-16 12:20:53,446.8735200678826,0,Auto Scaling,1.0,Auto Scaling
2025-10-16 13:20:53,368.54960079105706,0,Network Traffic,1.0,Network Traffic
2025-10-16 14:20:53,331.28070549526063,0,Normal,1.0,Normal
2025-10-16 15:20:53,442.7229773971139,0,Network Traffic,1.0,Network Traffic
2025-10-16 16:20:53,370.2535245646083,0,Normal,1.0,Normal
2025-10-16 17:20:53,293.0190988793576,0,Normal,1.0,Normal
2025-10-16 18:20:53,347.8728975835063,0,Idle Resources,0.99,Idle Resources
2025-10-16 19:20:53,360.2231375376751,0,Idle Resources,0.96,Idle Resources
2025-10-16 20:20:53,308.70098974947007,0,Normal,0.98,Normal
2025-10-16 21:20:53,267.0645882068924,0,Normal,0.99,Normal
2025-10-16 22:20:53,323.0247176887624,0,Normal,1.0,Normal
2025-10-16 23:20:53,361.19648564995913,0,Network Traffic,1.0,Network Traffic
2025-10-17 00:20:53,672.271546729954,1,Database Load,1.0,Database Load
2025-10-17 01:20:53,336.86046214507354,0,Normal,0.99,Normal
2025-10-17 02:20:53,421.82102612137646,0,Normal,1.0,Normal
2025-10-17 03:20:53,454.4214710595624,0,Normal,0.9,Normal
2025-10-17 04:20:53,310.4366095907767,0,Normal,1.0,Normal
2025-10-17 05:20:53,549.8896370281491,1,Backup/Snapshot Growth,0.99,Backup/Snapshot Growth
2025-10-17 06:20:53,508.9534555260352,0,Backup/Snapshot Growth,0.96,Backup/Snapshot Growth
2025-10-17 07:20:53,357.30799950283483,0,Normal,1.0,Normal
2025-10-17 08:20:53,442.59670556625207,0,Auto Scaling,1.0,Auto Scaling
2025-10-17 09:20:53,370.4410194649537,0,Idle Resources,0.99,Idle Resources
2025-10-17 10:20:53,348.67205788618475,0,Normal,0.99,Normal
2025-10-17 11:20:53,284.2356446767521,0,Normal,1.0,Normal
2025-10-17 12:20:53,376.9749939613009,0,Normal,1.0,Normal
2025-10-17 13:20:53,572.0658099375261,0,Database Load,1.0,Database Load
2025-10-17 14:20:53,384.7402885263072,0,Auto Scaling,1.0,Auto Scaling
2025-10-17 15:20:53,404.8296266901083,0,Network Traffic,1.0,Network Traffic
2025-10-17 16:20:53,358.62820155320657,0,Network Traffic,1.0,Network Traffic
2025-10-17 17:20:53,422.5926055824435,0,Normal,1.0,Normal
2025-10-17 18:20:53,463.8181410528429,0,Database Load,1.0,Database Load
2025-10-17 19:20:53,364.5174046631812,0,Normal,1.0,Normal
2025-10-17 20:20:53,332.78396362320126,0,Normal,1.0,Normal
2025-10-17 21:20:53,340.30686438757283,0,Normal,1.0,Normal
2025-10-17 22:20:53,485.0771060611525,0,Idle Resources,1.0,Idle Resources
2025-10-17 23:20:53,330.2002896094708,0,Normal,1.0,Normal
2025-10-18 00:20:53,573.442696423461,0,Backup/Snapshot Growth,1.0,Backup/Snapshot Growth
2025-10-18 01:20:53,290.9359700665193,0,Idle Resources,0.93,Idle Resources
2025-10-18 02:20:53,362.5355003472953,0,Normal,1.0,Normal
2025-10-18 03:20:53,331.2267405156586,0,Normal,1.0,Normal
2025-10-18 04:20:53,322.7665719533216,0,Normal,1.0,Normal
2025-10-18 05:20:53,334.8554814869119,0,Normal,1.0,Normal
2025-10-18 06:20:53,367.5844552747224,0,Normal,1.0,Normal
2025-10-18 07:20:53,352.70821479941964,0,Normal,1.0,Normal
2025-10-18 08:20:53,457.2495713087331,1,Idle Resources,1.0,Idle Resources
2025-10-18 09:20:53,276.6820375608226,0,Normal,1.0,Normal
2025-10-18 10:20:53,425.56241014487466,0,Auto Scaling,1.0,Auto Scaling
2025-10-18 11:20:53,455.946717445426,0,Database Load,1.0,Database Load
2025-10-18 12:20:53,270.7612575592947,0,Normal,1.0,Normal
2025-10-18 13:20:53,406.3197341857312,0,Normal,1.0,Normal
2025-10-18 14:20:53,301.5681720366482,0,Idle Resources,0.98,Idle Resources
2025-10-18 15:20:53,345.0113838121888,0,Auto Scaling,1.0,Auto Scaling
2025-10-18 16:20:53,424.78472346796457,0,Network Traffic,1.0,Network Traffic
2025-10-18 17:20:53,458.38979688292153,0,Database Load,1.0,Database Load
2025-10-18 18:20:53,342.49117119784046,0,Normal,1.0,Normal
2025-10-18 19:20:53,325.2166842237093,0,Normal,1.0,Normal
2025-10-18 20:20:53,378.50994879915015,0,Network Traffic,1.0,Network Traffic
2025-10-18 21:20:53,441.335846999708,0,Storage Growth,0.98,Storage Growth
2025-10-18 22:20:53,298.9254002968768,0,Network Traffic,1.0,Network Traffic
2025-10-18 23:20:53,263.704506281392,0,Normal,1.0,Normal
2025-10-19 00:20:53,489.6031527734632,0,Database Load,1.0,Database Load
2025-10-19 01:20:53,332.37004875309805,0,Storage Growth,1.0,Storage Growth
2025-10-19 02:20:53,407.9233984049288,0,Normal,1.0,Normal
2025-10-19 03:20:53,364.8847313993825,0,Normal,1.0,Normal
2025-10-19 04:20:53,458.1343854413939,0,Network Traffic,1.0,Network Traffic
2025-10-19 05:20:53,313.02163264464855,0,Normal,1.0,Normal
2025-10-19 06:20:53,357.404056563312,0,Network Traffic,1.0,Network Traffic
2025-10-19 07:20:53,395.5212593785205,0,Normal,1.0,Normal
2025-10-19 08:20:53,325.3695609556247,0,Normal,1.0,Normal
2025-10-19 09:20:53,322.65006059080383,0,Normal,1.0,Normal
2025-10-19 10:20:53,326.84618369433304,0,Normal,1.0,Normal
2025-10-19 11:20:53,282.91019507488267,0,Normal,1.0,Normal
2025-10-19 12:20:53,298.16643212505875,0,Normal,1.0,Normal
2025-10-19 13:20:53,376.0869561581317,0,Normal,1.0,Normal
2025-10-19 14:20:53,358.5201872342916,0,Network Traffic,1.0,Network Traffic
2025-10-19 15:20:53,449.5310962125572,0,Idle Resources,1.0,Idle Resources
2025-10-19 16:20:53,256.03184534474235,0,Normal,0.98,Normal
2025-10-19 17:20:53,394.48356387893386,0,Normal,1.0,Normal
2025-10-19 18:20:53,324.4914334539805,0,Normal,1.0,Normal
2025-10-19 19:20:53,365.055229970869,0,Idle Resources,1.0,Idle Resources
2025-10-19 20:20:53,409.5866928592162,0,Normal,1.0,Normal
2025-10-19 21:20:53,502.0511638761429,0,Storage Growth,0.96,Storage Growth
2025-10-19 22:20:53,444.9511532828958,0,Network Traffic,1.0,Network Traffic
2025-10-19 23:20:53,478.87719319004,0,Network Traffic,1.0,Network Traffic
2025-10-20 00:20:53,345.58957380297403,1,Idle Resources,1.0,Idle Resources
2025-10-20 01:20:53,419.7041962648752,0,Normal,0.99,Normal
2025-10-20 02:20:53,364.9575931781859,0,Network Traffic,1.0,Network Traffic
2025-10-20 03:20:53,498.258489692706,0,Database Load,1.0,Database Load
2025-10-20 04:20:53,306.1156475545087,0,Storage Growth,0.92,Storage Growth
2025-10-20 05:20:53,321.48229963943413,0,Normal,1.0,Normal
2025-10-20 06:20:53,607.3671947885309,1,Backup/Snapshot Growth,1.0,Backup/Snapshot Growth
2025-10-20 07:20:53,297.2961508133601,0,Normal,1.0,Normal
2025-10-20 08:20:53,333.9993792489105,0,Auto Scaling,1.0,Auto Scaling
2025-10-20 09:20:53,283.4940957519836,0,Normal,1.0,Normal
2025-10-20 10:20:53,322.6202102654875,0,Normal,1.0,Normal
2025-10-20 11:20:53,518.2121197131681,1,Backup/Snapshot Growth,1.0,Backup/Snapshot Growth
2025-10-20 12:20:53,313.7802754596479,0,Normal,1.0,Normal
2025-10-20 13:20:53,376.3316377987167,0,Normal,1.0,Normal
2025-10-20 14:20:53,322.42456024756416,0,Network Traffic,0.99,Network Traffic
2025-10-20 15:20:53,271.05644913707914,0,Normal,1.0,Normal
2025-10-20 16:20:53,613.4395665186163,0,Backup/Snapshot Growth,1.0,Backup/Snapshot Growth
2025-10-20 17:20:53,450.9798144157336,0,Normal,1.0,Normal
2025-10-20 18:20:53,242.43989405114056,0,Storage Growth,0.99,Storage Growth
2025-10-20 19:20:53,347.0296222170316,0,Idle Resources,1.0,Idle Resources
2025-10-20 20:20:53,355.0629704819704,0,Normal,1.0,Normal
2025-10-20 21:20:53,344.38912539997153,0,Network Traffic,1.0,Network Traffic
2025-10-20 22:20:53,319.71609459612563,0,Normal,1.0,Normal
2025-10-20 23:20:53,289.63846820165867,0,Normal,1.0,Normal
2025-10-21 00:20:53,388.58896819901815,0,Auto Scaling,1.0,Auto Scaling
2025-10-21 01:20:53,446.1974881824098,0,Idle Resources,1.0,Idle Resources
2025-10-21 02:20:53,634.004305045717,1,Database Load,1.0,Database Load
2025-10-21 03:20:53,315.3351171956268,0,Storage Growth,1.0,Storage Growth
2025-10-21 04:20:53,279.89521022239785,0,Normal,1.0,Normal
2025-10-21 05:20:53,375.7135858801376,0,Normal,0.99,Normal
2025-10-21 06:20:53,332.6262350531441,0,Normal,1.0,Normal
2025-10-21 07:20:53,314.4327316121389,0,Network Traffic,1.0,Network Traffic
2025-10-21 08:20:53,358.6156091145356,0,Normal,1.0,Normal
2025-10-21 09:20:53,343.8652076148628,0,Normal,1.0,Normal
2025-10-21 10:20:53,348.218264907175,0,Network Traffic,1.0,Network Traffic
2025-10-21 11:20:53,306.64340499551747,0,Network Traffic,1.0,Network Traffic
2025-10-21 12:20:53,437.7800646965152,0,Auto Scaling,1.0,Auto Scaling
2025-10-21 13:20:53,557.2560393691307,0,Database Load,1.0,Database Load
2025-10-21 14:20:53,592.1265341428101,0,Database Load,1.0,Database Load
2025-10-21 15:20:53,307.1604249847562,0,Normal,1.0,Normal
2025-10-21 16:20:53,343.4974880517884,0,Normal,1.0,Normal
2025-10-21 17:20:53,306.986070308858,0,Normal,1.0,Normal
2025-10-21 18:20:53,471.189627616524,0,Database Load,1.0,Database Load
2025-10-21 19:20:53,367.3107140555355,0,Normal,1.0,Normal
2025-10-21 20:20:53,410.4388414216407,0,Normal,1.0,Normal
2025-10-21 21:20:53,300.52173033786386,0,Normal,1.0,Normal
2025-10-21 22:20:53,322.03278315957306,0,Normal,1.0,Normal
2025-10-21 23:20:53,334.98095402048153,0,Auto Scaling,1.0,Auto Scaling
2025-10-22 00:20:53,362.8432046675262,0,Normal,1.0,Normal
2025-10-22 01:20:53,548.6625620407914,0,Database Load,1.0,Database Load
2025-10-22 02:20:53,467.1563977364314,0,Auto Scaling,1.0,Auto Scaling
2025-10-22 03:20:53,390.0285464526624,0,Normal,1.0,Normal
2025-10-22 04:20:53,317.94223184463056,0,Normal,1.0,Normal
2025-10-22 05:20:53,319.2538632464366,0,Normal,0.98,Normal
2025-10-22 06:20:53,459.3835956659194,0,Network Traffic,0.99,Network Traffic
2025-10-22 07:20:53,306.5601737421109,0,Storage Growth,1.0,Storage Growth
2025-10-22 08:20:53,371.8785205558357,0,Storage Growth,1.0,Storage Growth
2025-10-22 09:20:53,335.4260167888938,0,Normal,1.0,Normal
2025-10-22 10:20:53,398.2042487712464,0,Database Load,1.0,Database Load
2025-10-22 11:20:53,357.26943126546126,0,Normal,1.0,Normal
2025-10-22 12:20:53,313.1998947440921,0,Normal,1.0,Normal
2025-10-22 13:20:53,379.1071197730744,0,Normal,0.99,Normal
2025-10-22 14:20:53,305.3177414193584,0,Normal,1.0,Normal
2025-10-22 15:20:53,414.3347170341154,0,Network Traffic,1.0,Network Traffic
2025-10-22 16:20:53,463.6419114196735,0,Database Load,0.99,Database Load
2025-10-22 17:20:53,320.84326053759247,0,Normal,1.0,Normal
2025-10-22 18:20:53,269.23205418724496,0,Normal,1.0,Normal
2025-10-22 19:20:53,235.98429030830087,0,Auto Scaling,1.0,Auto Scaling
2025-10-22 20:20:53,455.0785258928751,0,Idle Resources,1.0,Idle Resources
2025-10-22 21:20:53,343.613974170189,0,Normal,1.0,Normal
2025-10-22 22:20:53,457.65225835772526,0,Idle Resources,1.0,Idle Resources
2025-10-22 23:20:53,472.07094386432914,0,Auto Scaling,1.0,Auto Scaling
2025-10-23 00:20:53,362.0099386237055,0,Normal,1.0,Normal
2025-10-23 01:20:53,447.12336576907313,0,Idle Resources,1.0,Idle Resources
2025-10-23 02:20:53,347.7751936675291,0,Network Traffic,1.0,Network Traffic
2025-10-23 03:20:53,383.7237879188822,0,Auto Scaling,1.0,Auto Scaling
2025-10-23 04:20:53,351.49979710105373,0,Normal,1.0,Normal
2025-10-23 05:20:53,391.6163635864755,0,Normal,1.0,Normal
2025-10-23 06:20:53,437.1017198913737,0,Storage Growth,0.99,Storage Growth
2025-10-23 07:20:53,464.3526515251135,0,Database Load,0.99,Database Load
2025-10-23 08:20:53,379.5985613537816,0,Normal,1.0,Normal
2025-10-23 09:20:53,473.7177662517783,0,Idle Resources,0.99,Idle Resources
2025-10-23 10:20:53,408.68759510279057,0,Database Load,1.0,Database Load
2025-10-23 11:20:53,435.3119326764433,0,Normal,1.0,Normal
2025-10-23 12:20:53,481.6407019075048,0,Idle Resources,1.0,Idle Resources
2025-10-23 13:20:53,375.333936520003,0,Normal,1.0,Normal
2025-10-23 14:20:53,540.9436360621248,0,Backup/Snapshot Growth,1.0,Backup/Snapshot Growth
2025-10-23 15:20:53,270.1325132232164,0,Normal,1.0,Normal
2025-10-23 16:20:53,284.4845455815919,0,Normal,1.0,Normal
2025-10-23 17:20:53,442.51379941995606,0,Normal,1.0,Normal
2025-10-23 18:20:53,333.711665543162,0,Normal,1.0,Normal
2025-10-23 19:20:53,567.8064111462229,0,Backup/Snapshot Growth,1.0,Backup/Snapshot Growth
2025-10-23 20:20:53,391.1202941561793,0,Normal,0.98,Normal
2025-10-23 21:20:53,448.3692806468606,0,Backup/Snapshot Growth,1.0,Backup/Snapshot Growth
2025-10-23 22:20:53,366.5268819531145,0,Normal,1.0,Normal
2025-10-23 23:20:53,447.402756899577,0,Idle Resources,1.0,Idle Resources
2025-10-24 00:20:53,338.6328988542729,0,Normal,1.0,Normal
2025-10-24 01:20:53,532.5044352535397,0,Backup/Snapshot Growth,0.99,Backup/Snapshot Growth
2025-10-24 02:20:53,362.6883513572614,0,Storage Growth,1.0,Storage Growth
2025-10-24 03:20:53,305.5154654432144,0,Normal,1.0,Normal
2025-10-24 04:20:53,428.5481574593848,0,Normal,1.0,Normal
2025-10-24 05:20:53,346.8308224594317,0,Normal,1.0,Normal
2025-10-24 06:20:53,413.35373900662097,0,Auto Scaling,1.0,Auto Scaling
2025-10-24 07:20:53,606.4631231470271,0,Database Load,1.0,Database Load
2025-10-24 08:20:53,384.13726881514816,0,Idle Resources,1.0,Idle Resources
2025-10-24 09:20:53,280.0109996740538,0,Normal,1.0,Normal
2025-10-24 10:20:53,413.6769284693762,0,Network Traffic,1.0,Network Traffic
2025-10-24 11:20:53,305.0469592212836,0,Normal,1.0,Normal
2025-10-24 12:20:53,357.60608377495544,0,Storage Growth,0.99,Storage Growth
2025-10-24 13:20:53,321.9223243534267,0,Network Traffic,1.0,Network Traffic
2025-10-24 14:20:53,362.441930163668,0,Network Traffic,1.0,Network Traffic
2025-10-24 15:20:53,299.49463949702186,0,Normal,1.0,Normal
2025-10-24 16:20:53,376.10729645438255,0,Network Traffic,1.0,Network Traffic
2025-10-24 17:20:53,321.3669452224731,0,Normal,0.99,Normal
2025-10-24 18:20:53,365.8083358193255,0,Auto Scaling,1.0,Auto Scaling
2025-10-24 19:20:53,345.1222224017432,0,Network Traffic,1.0,Network Traffic
2025-10-24 20:20:53,454.76142723066016,0,Network Traffic,1.0,Network Traffic
2025-10-24 21:20:53,466.31699792650727,0,Idle Resources,1.0,Idle Resources
2025-10-24 22:20:53,275.2396955059141,0,Normal,1.0,Normal
2025-10-24 23:20:53,364.8899428191851,0,Normal,1.0,Normal
2025-10-25 00:20:53,447.9190806021769,0,Normal,1.0,Normal
2025-10-25 01:20:53,367.43984692696256,0,Network Traffic,1.0,Network Traffic
2025-10-25 02:20:53,422.3109789539968,0,Storage Growth,0.99,Storage Growth
2025-10-25 03:20:53,550.1519993323518,0,Database Load,1.0,Database Load
2025-10-25 04:20:53,538.7385367030346,0,Database Load,1.0,Database Load
2025-10-25 05:20:53,435.4193790307203,0,Normal,1.0,Normal
2025-10-25 06:20:53,388.6313000868062,0,Normal,1.0,Normal
2025-10-25 07:20:53,364.4543841004511,0,Storage Growth,1.0,Storage Growth
2025-10-25 08:20:53,327.42440311202307,0,Normal,1.0,Normal
2025-10-25 09:20:53,336.5745956499014,0,Normal,1.0,Normal
2025-10-25 10:20:53,335.3087602507049,0,Network Traffic,1.0,Network Traffic
2025-10-25 11:20:53,516.9113610238417,0,Database Load,1.0,Database Load
2025-10-25 12:20:53,537.8063579963116,0,Backup/Snapshot Growth,1.0,Backup/Snapshot Growth
2025-10-25 13:20:53,344.0893332668317,0,Normal,0.92,Normal
2025-10-25 14:20:53,489.5246493066807,0,Database Load,1.0,Database Load
2025-10-25 15:20:53,287.83198089864766,0,Normal,1.0,Normal
2025-10-25 16:20:53,511.1048641981041,0,Backup/Snapshot Growth,0.99,Backup/Snapshot Growth
2025-10-25 17:20:53,390.3945522054567,0,Auto Scaling,1.0,Auto Scaling
2025-10-25 18:20:53,341.0530012641974,0,Normal,1.0,Normal
2025-10-25 19:20:53,359.98791216306336,0,Normal,1.0,Normal
2025-10-25 20:20:53,393.9759147444576,0,Network Traffic,1.0,Network Traffic
2025-10-25 21:20:53,324.8756143219921,0,Normal,1.0,Normal
2025-10-25 22:20:53,426.2033972702686,0,Normal,0.99,Normal
2025-10-25 23:20:53,391.2968186025519,0,Storage Growth,1.0,Storage Growth
2025-10-26 00:20:53,377.7350639222298,0,Idle Resources,1.0,Idle Resources
2025-10-26 01:20:53,437.06574171355953,0,Normal,0.99,Normal
2025-10-26 02:20:53,375.32900108337753,0,Normal,1.0,Normal
2025-10-26 03:20:53,403.6387123344919,0,Network Traffic,1.0,Network Traffic
2025-10-26 04:20:53,367.7869061773232,0,Network Traffic,1.0,Network Traffic
2025-10-26 05:20:53,338.1919769950551,0,Normal,1.0,Normal
2025-10-26 06:20:53,305.65048763445736,0,Normal,1.0,Normal
2025-10-26 07:20:53,442.2778747075485,0,Idle Resources,1.0,Idle Resources
2025-10-26 08:20:53,323.5299864993851,0,Normal,1.0,Normal
2025-10-26 09:20:53,321.9521718296389,0,Storage Growth,1.0,Storage Growth
2025-10-26 10:20:53,423.3631954165372,0,Auto Scaling,1.0,Auto Scaling
2025-10-26 11:20:53,389.5780811497602,0,Normal,1.0,Normal
2025-10-26 12:20:53,336.7701691914514,0,Normal,1.0,Normal
2025-10-26 13:20:53,300.53781105738034,0,Auto Scaling,1.0,Auto Scaling
2025-10-26 14:20:53,323.8162052198934,0,Normal,1.0,Normal
2025-10-26 15:20:53,302.79616439996414,0,Normal,1.0,Normal
2025-10-26 16:20:53,407.7369511910632,0,Normal,1.0,Normal
2025-10-26 17:20:53,472.1235981420442,0,Normal,0.95,Normal
2025-10-26 18:20:53,386.3824610167488,0,Idle Resources,1.0,Idle Resources
2025-10-26 19:20:53,398.288916714414,0,Normal,0.99,Normal
2025-10-26 20:20:53,493.5623029226237,0,Database Load,1.0,Database Load
2025-10-26 21:20:53,338.55247757453515,0,Normal,1.0,Normal
2025-10-26 22:20:53,395.5292958150804,0,Normal,1.0,Normal
2025-10-26 23:20:53,444.78199472847655,0,Database Load,1.0,Database Load
2025-10-27 00:20:53,320.62421226567994,0,Normal,1.0,Normal
2025-10-27 01:20:53,324.65189571164524,0,Network Traffic,1.0,Network Traffic
2025-10-27 02:20:53,370.1815896700516,0,Normal,1.0,Normal
2025-10-27 03:20:53,324.58640378620305,0,Normal,1.0,Normal
2025-10-27 04:20:53,375.4414111804981,0,Network Traffic,1.0,Network Traffic
2025-10-27 05:20:53,353.1882685268767,0,Auto Scaling,0.99,Auto Scaling
2025-10-27 06:20:53,382.0526486292789,0,Network Traffic,1.0,Network Traffic
2025-10-27 07:20:53,415.1676796138449,0,Database Load,0.97,Database Load
2025-10-27 08:20:53,296.2965457199085,0,Normal,1.0,Normal
2025-10-27 09:20:53,410.45001287174006,0,Storage Growth,1.0,Storage Growth
2025-10-27 10:20:53,440.03638784318895,0,Normal,0.98,Normal
2025-10-27 11:20:53,360.35790076926736,0,Normal,1.0,Normal
2025-10-27 12:20:53,503.53940199028295,0,Database Load,1.0,Database Load
2025-10-27 13:20:53,406.5207698301296,0,Normal,0.97,Normal
2025-10-27 14:20:53,319.98774630383866,0,Normal,1.0,Normal
2025-10-27 15:20:53,439.0737165582527,0,Normal,1.0,Normal
2025-10-27 16:20:53,400.8953354985632,0,Normal,0.99,Normal
2025-10-27 17:20:53,551.1332581865727,0,Database Load,1.0,Database Load
2025-10-27 18:20:53,304.3605186148675,0,Normal,1.0,Normal
2025-10-27 19:20:53,397.91221018236905,0,Normal,1.0,Normal
2025-10-27 20:20:53,303.31260467916115,0,Normal,1.0,Normal
2025-10-27 21:20:53,384.7654541745326,0,Normal,1.0,Normal
2025-10-27 22:20:53,378.6059086441614,0,Normal,1.0,Normal
2025-10-27 23:20:53,361.5664458431496,0,Storage Growth,1.0,Storage Growth
2025-10-28 00:20:53,434.2168775284503,0,Idle Resources,1.0,Idle Resources
2025-10-28 01:20:53,330.9238286111332,0,Normal,1.0,Normal
2025-10-28 02:20:53,554.4771301893978,0,Backup/Snapshot Growth,1.0,Backup/Snapshot Growth
2025-10-28 03:20:53,375.0679104022757,0,Idle Resources,0.96,Idle Resources
2025-10-28 04:20:53,346.9763033309053,0,Normal,0.99,Normal
2025-10-28 05:20:53,383.64615912955793,0,Normal,1.0,Normal
2025-10-28 06:20:53,240.50507086709047,0,Normal,1.0,Normal
2025-10-28 07:20:53,362.7216060262472,0,Normal,0.99,Normal
2025-10-28 08:20:53,432.0868689146478,0,Idle Resources,1.0,Idle Resources
2025-10-28 09:20:53,348.4865675511221,0,Normal,1.0,Normal
2025-10-28 10:20:53,569.346861011,0,Backup/Snapshot Growth,0.95,Backup/Snapshot Growth
2025-10-28 11:20:53,611.9932088787232,1,Backup/Snapshot Growth,1.0,Backup/Snapshot Growth
2025-10-28 12:20:53,358.648143789658,0,Normal,1.0,Normal
2025-10-28 13:20:53,313.58460588159664,0,Normal,0.97,Normal
2025-10-28 14:20:53,367.3212186874668,0,Storage Growth,0.99,Storage Growth
2025-10-28 15:20:53,280.5332670461394,0,Normal,1.0,Normal
2025-10-28 16:20:53,653.87494774028,1,Database Load,1.0,Database Load
2025-10-28 17:20:53,478.63631997180255,0,Database Load,1.0,Database Load
2025-10-28 18:20:53,320.9687438946445,0,Storage Growth,1.0,Storage Growth
2025-10-28 19:20:53,637.7386218560065,1,Backup/Snapshot Growth,0.99,Backup/Snapshot Growth
2025-10-28 20:20:53,567.7188180928242,0,Database Load,1.0,Database Load
2025-10-28 21:20:53,313.18134360769704,0,Auto Scaling,0.99,Auto Scaling
2025-10-28 22:20:53,295.6741020646907,0,Normal,0.99,Normal
2025-10-28 23:20:53,652.4083484943939,1,Backup/Snapshot Growth,0.99,Backup/Snapshot Growth
2025-10-29 00:20:53,374.96781583189176,0,Normal,1.0,Normal
2025-10-29 01:20:53,363.6145826090125,0,Normal,1.0,Normal
2025-10-29 02:20:53,387.38755271674415,0,Normal,1.0,Normal
2025-10-29 03:20:53,412.37944416262616,0,Normal,0.99,Normal
2025-10-29 04:20:53,340.2637048911383,0,Normal,1.0,Normal
2025-10-29 05:20:53,306.3885033000437,0,Normal,1.0,Normal
2025-10-29 06:20:53,399.7719167344932,0,Normal,1.0,Normal
2025-10-29 07:20:53,423.2764400473451,0,Idle Resources,1.0,Idle Resources
2025-10-29 08:20:53,338.92993026614124,0,Network Traffic,1.0,Network Traffic
2025-10-29 09:20:53,324.6782455834271,0,Normal,1.0,Normal
2025-10-29 10:20:53,352.5248651744325,0,Normal,1.0,Normal
2025-10-29 11:20:53,322.5714888180758,0,Normal,1.0,Normal
2025-10-29 12:20:53,403.9871446555112,0,Database Load,1.0,Database Load
2025-10-29 13:20:53,400.3659963415624,0,Normal,1.0,Normal
2025-10-29 14:20:53,340.8000488870926,0,Normal,1.0,Normal
2025-10-29 15:20:53,551.1315225548055,0,Backup/Snapshot Growth,0.98,Backup/Snapshot Growth
2025-10-29 16:20:53,314.7813053413731,0,Normal,1.0,Normal
2025-10-29 17:20:53,337.4826359824666,0,Normal,1.0,Normal
2025-10-29 18:20:53,430.1685451314703,0,Database Load,1.0,Database Load
2025-10-29 19:20:53,446.8894749818918,0,Database Load,1.0,Database Load
2025-10-29 20:20:53,453.1802189703379,0,Database Load,1.0,Database Load
2025-10-29 21:20:53,307.38273950831496,0,Normal,1.0,Normal
2025-10-29 22:20:53,553.9885040588807,1,Database Load,1.0,Database Load
2025-10-29 23:20:53,417.34903203770034,0,Normal,1.0,Normal
2025-10-30 00:20:53,400.4299808911579,0,Normal,1.0,Normal
2025-10-30 01:20:53,454.5429093951277,0,Auto Scaling,1.0,Auto Scaling
2025-10-30 02:20:53,335.4327453787544,0,Auto Scaling,1.0,Auto Scaling
2025-10-30 03:20:53,459.2573603091579,1,Network Traffic,1.0,Network Traffic
2025-10-30 04:20:53,252.05383435849728,0,Network Traffic,1.0,Network Traffic
2025-10-30 05:20:53,368.2197040050673,0,Auto Scaling,1.0,Auto Scaling
2025-10-30 06:20:53,392.87073947142943,0,Network Traffic,1.0,Network Traffic
2025-10-30 07:20:53,376.1199633976989,0,Auto Scaling,1.0,Auto Scaling
2025-10-30 08:20:53,387.02774566615295,0,Auto Scaling,1.0,Auto Scaling
2025-10-30 09:20:53,460.5729245948084,0,Auto Scaling,1.0,Auto Scaling
2025-10-30 10:20:53,305.33223456057425,0,Network Traffic,1.0,Network Traffic
2025-10-30 11:20:53,269.2679105926866,0,Normal,1.0,Normal
2025-10-30 12:20:53,445.6891534130059,0,Network Traffic,1.0,Network Traffic
2025-10-30 13:20:53,370.4712196571181,0,Network Traffic,1.0,Network Traffic
2025-10-30 14:20:53,260.4592183324676,0,Normal,0.98,Normal
2025-10-30 15:20:53,357.1685515474872,0,Auto Scaling,0.99,Auto Scaling
2025-10-30 16:20:53,302.9723372060136,1,Network Traffic,1.0,Network Traffic
2025-10-30 17:20:53,378.1925501265335,0,Normal,1.0,Normal
2025-10-30 18:20:53,347.9405222565273,0,Normal,1.0,Normal
2025-10-30 19:20:53,340.37855016598354,0,Network Traffic,1.0,Network Traffic
2025-10-30 20:20:53,614.6132115237629,1,Backup/Snapshot Growth,1.0,Backup/Snapshot Growth
2025-10-30 21:20:53,276.6816424166951,0,Normal,1.0,Normal
2025-10-30 22:20:53,314.8226391137286,0,Normal,1.0,Normal
2025-10-30 23:20:53,289.5220653937233,0,Normal,1.0,Normal
2025-10-31 00:20:53,695.5968358393973,0,Database Load,1.0,Database Load
2025-10-31 01:20:53,460.8222259026048,0,Normal,1.0,Normal
2025-10-31 02:20:53,334.8192099353556,0,Normal,1.0,Normal
2025-10-31 03:20:53,410.6551546746808,0,Database Load,1.0,Database Load
2025-10-31 04:20:53,294.7314434114129,0,Normal,1.0,Normal
2025-10-31 05:20:53,308.4737078785187,0,Normal,1.0,Normal
2025-10-31 06:20:53,579.8700303902273,0,Backup/Snapshot Growth,1.0,Backup/Snapshot Growth
2025-10-31 07:20:53,334.5403683986127,0,Normal,1.0,Normal
2025-10-31 08:20:53,353.6250585472855,0,Normal,1.0,Normal
2025-10-31 09:20:53,364.2508788068752,0,Normal,1.0,Normal
2025-10-31 10:20:53,273.3138667062328,0,Normal,1.0,Normal
2025-10-31 11:20:53,511.39401330752526,0,Backup/Snapshot Growth,1.0,Backup/Snapshot Growth
2025-10-31 12:20:53,528.0998984723165,0,Backup/Snapshot Growth,1.0,Backup/Snapshot Growth
2025-10-31 13:20:53,385.7754954104313,0,Normal,1.0,Normal
2025-10-31 14:20:53,392.1713644251232,0,Normal,1.0,Normal
2025-10-31 15:20:53,373.54609771241314,0,Normal,1.0,Normal
2025-10-31 16:20:53,556.3186576649638,0,Database Load,1.0,Database Load
2025-10-31 17:20:53,297.21598344045765,0,Normal,1.0,Normal
2025-10-31 18:20:53,443.0591124684743,0,Normal,1.0,Normal
2025-10-31 19:20:53,471.4266067880067,0,Database Load,1.0,Database Load
2025-10-31 20:20:53,608.6975829640078,0,Backup/Snapshot Growth,1.0,Backup/Snapshot Growth
2025-10-31 21:20:53,382.97092975646507,0,Normal,1.0,Normal
2025-10-31 22:20:53,250.3606169479152,0,Normal,1.0,Normal
2025-10-31 23:20:53,559.7666174354734,0,Database Load,1.0,Database Load
2025-11-01 00:20:53,345.87452251345434,0,Database Load,0.96,Database Load
2025-11-01 01:20:53,349.88518048722665,0,Storage Growth,0.98,Storage Growth
2025-11-01 02:20:53,351.63166303815547,0,Auto Scaling,1.0,Auto Scaling
2025-11-01 03:20:53,296.14338118931784,0,Normal,1.0,Normal
2025-11-01 04:20:53,593.2800961087834,0,Backup/Snapshot Growth,1.0,Backup/Snapshot Growth
2025-11-01 05:20:53,282.32068523232897,0,Normal,1.0,Normal
2025-11-01 06:20:53,333.39848432195606,0,Normal,1.0,Normal
2025-11-01 07:20:53,475.623304737781,0,Database Load,1.0,Database Load
2025-11-01 08:20:53,431.60714357497545,0,Network Traffic,1.0,Network Traffic
2025-11-01 09:20:53,372.7313575604478,0,Normal,1.0,Normal
2025-11-01 10:20:53,381.4434982628968,0,Normal,1.0,Normal
2025-11-01 11:20:53,367.903297320388,0,Normal,1.0,Normal
2025-11-01 12:20:53,413.9658435314124,0,Network Traffic,1.0,Network Traffic
2025-11-01 13:20:53,399.59053211894894,0,Normal,1.0,Normal
2025-11-01 14:20:53,387.82195219830777,0,Normal,1.0,Normal
2025-11-01 15:20:53,339.07901870532294,0,Network Traffic,1.0,Network Traffic
2025-11-01 16:20:53,404.3264193559316,0,Storage Growth,0.99,Storage Growth
2025-11-01 17:20:53,319.59952708077384,0,Normal,1.0,Normal
2025-11-01 18:20:53,393.5841984991028,0,Normal,1.0,Normal
2025-11-01 19:20:53,368.2638177363745,0,Network Traffic,1.0,Network Traffic
2025-11-01 20:20:53,325.57155398765667,0,Network Traffic,1.0,Network Traffic
2025-11-01 21:20:53,208.9914379984212,0,Normal,1.0,Normal
2025-11-01 22:20:53,465.5241078399192,0,Network Traffic,1.0,Network Traffic
2025-11-01 23:20:53,369.9322915065943,0,Normal,0.99,Normal
2025-11-02 00:20:53,271.29551913735605,0,Normal,1.0,Normal
2025-11-02 01:20:53,635.6218208707658,0,Database Load,1.0,Database Load
2025-11-02 02:20:53,296.54600863422814,0,Normal,1.0,Normal
2025-11-02 03:20:53,303.3715217975846,0,Normal,1.0,Normal
2025-11-02 04:20:53,397.9820715073796,0,Normal,1.0,Normal
2025-11-02 05:20:53,297.15550572709554,0,Normal,1.0,Normal
2025-11-02 06:20:53,408.2031703672526,0,Auto Scaling,1.0,Auto Scaling
2025-11-02 07:20:53,538.0068206212572,1,Idle Resources,1.0,Idle Resources
2025-11-02 08:20:53,274.0643370559161,0,Normal,1.0,Normal
2025-11-02 09:20:53,313.87662770327444,0,Auto Scaling,1.0,Auto Scaling
2025-11-02 10:20:53,340.9734548519236,0,Normal,1.0,Normal
2025-11-02 11:20:53,351.14319577430234,0,Normal,0.93,Normal
2025-11-02 12:20:53,253.31961801796885,0,Normal,1.0,Normal
2025-11-02 13:20:53,302.5778184068219,0,Idle Resources,0.97,Idle Resources
2025-11-02 14:20:53,392.3698034043382,0,Database Load,1.0,Database Load
2025-11-02 15:20:53,411.4795299951338,0,Network Traffic,1.0,Network Traffic
2025-11-02 16:20:53,432.5729988576642,0,Normal,1.0,Normal
2025-11-02 17:20:53,545.7526573395355,0,Database Load,1.0,Database Load
2025-11-02 18:20:53,422.8398496025592,0,Idle Resources,1.0,Idle Resources
2025-11-02 19:20:53,250.8093011241913,1,Network Traffic,1.0,Network Traffic
2025-11-02 20:20:53,345.6521553537718,0,Normal,1.0,Normal
2025-11-02 21:20:53,418.0348507354319,0,Normal,1.0,Normal
2025-11-02 22:20:53,350.5136712406523,0,Database Load,0.96,Database Load
2025-11-02 23:20:53,329.8215589497158,0,Network Traffic,0.99,Network Traffic
2025-11-03 00:20:53,449.5194248573947,0,Auto Scaling,1.0,Auto Scaling
2025-11-03 01:20:53,376.97966665491776,0,Normal,1.0,Normal
2025-11-03 02:20:53,411.18702305785257,0,Network Traffic,1.0,Network Traffic
2025-11-03 03:20:53,438.3630202301316,0,Normal,0.99,Normal
2025-11-03 04:20:53,322.6977401378392,0,Normal,1.0,Normal
2025-11-03 05:20:53,390.04100283288034,0,Storage Growth,1.0,Storage Growth
2025-11-03 06:20:53,415.1090675807501,0,Idle Resources,1.0,Idle Resources
2025-11-03 07:20:53,393.0922880570933,0,Normal,1.0,Normal
2025-11-03 08:20:53,351.50848629654536,0,Network Traffic,1.0,Network Traffic
2025-11-03 09:20:53,336.52781015366486,0,Normal,1.0,Normal
2025-11-03 10:20:53,272.9630213454574,0,Normal,1.0,Normal
2025-11-03 11:20:53,318.0036463586817,0,Normal,1.0,Normal
2025-11-03 12:20:53,379.4976967498462,0,Idle Resources,1.0,Idle Resources
2025-11-03 13:20:53,304.1535925930689,0,Normal,1.0,Normal
2025-11-03 14:20:53,414.7521225194156,0,Idle Resources,1.0,Idle Resources
2025-11-03 15:20:53,312.693469253294,0,Normal,1.0,Normal
2025-11-03 16:20:53,284.240736560616,0,Normal,1.0,Normal
2025-11-03 17:20:53,324.9611023928444,0,Normal,1.0,Normal
2025-11-03 18:20:53,364.3402173030309,0,Normal,1.0,Normal
2025-11-03 19:20:53,249.28203444893683,0,Normal,1.0,Normal
2025-11-03 20:20:53,467.6200001273632,0,Database Load,1.0,Database Load
2025-11-03 21:20:53,318.2767141294156,0,Normal,1.0,Normal
2025-11-03 22:20:53,387.652436985032,0,Network Traffic,1.0,Network Traffic
2025-11-03 23:20:53,402.5353291512452,0,Normal,1.0,Normal
2025-11-04 00:20:53,366.1502187863282,0,Auto Scaling,0.99,Auto Scaling
2025-11-04 01:20:53,426.78791486695445,0,Idle Resources,1.0,Idle Resources
2025-11-04 02:20:53,401.31474260962887,0,Idle Resources,1.0,Idle Resources
2025-11-04 03:20:53,323.3979951829014,0,Normal,0.98,Normal
2025-11-04 04:20:53,349.55288141396665,0,Normal,0.93,Normal
2025-11-04 05:20:53,392.95467005356255,0,Network Traffic,1.0,Network Traffic
2025-11-04 06:20:53,382.76600263552655,0,Database Load,1.0,Database Load
2025-11-04 07:20:53,459.1776261126582,0,Auto Scaling,1.0,Auto Scaling
2025-11-04 08:20:53,435.23722805270944,0,Network Traffic,1.0,Network Traffic
2025-11-04 09:20:53,359.26859834950915,0,Normal,1.0,Normal
2025-11-04 10:20:53,344.993059688558,0,Storage Growth,0.99,Storage Growth
2025-11-04 11:20:53,415.9849822909931,0,Idle Resources,1.0,Idle Resources
2025-11-04 12:20:53,294.8512892967997,0,Normal,1.0,Normal
2025-11-04 13:20:53,496.6569584970514,0,Backup/Snapshot Growth,1.0,Backup/Snapshot Growth
2025-11-04 14:20:53,390.5140137113909,0,Network Traffic,1.0,Network Traffic
2025-11-04 15:20:53,412.0484510558189,0,Normal,1.0,Normal
2025-11-04 16:20:53,306.3294240857064,0,Auto Scaling,1.0,Auto Scaling
2025-11-04 17:20:53,299.14511929624746,0,Normal,1.0,Normal
2025-11-04 18:20:53,333.10039968019646,0,Normal,1.0,Normal
2025-11-04 19:20:53,242.67690513149148,0,Normal,1.0,Normal
2025-11-04 20:20:53,436.4825683378263,0,Storage Growth,1.0,Storage Growth
2025-11-04 21:20:53,443.625822117409,0,Auto Scaling,1.0,Auto Scaling
2025-11-04 22:20:53,378.3128920077168,0,Auto Scaling,1.0,Auto Scaling
2025-11-04 23:20:53,375.046038276784,0,Idle Resources,1.0,Idle Resources
2025-11-05 00:20:53,301.1161685472858,0,Normal,1.0,Normal
2025-11-05 01:20:53,315.796370764532,0,Auto Scaling,1.0,Auto Scaling
2025-11-05 02:20:53,298.1290644799717,0,Normal,1.0,Normal
2025-11-05 03:20:53,581.8791676625441,1,Backup/Snapshot Growth,1.0,Backup/Snapshot Growth
2025-11-05 04:20:53,330.34155060603564,0,Network Traffic,1.0,Network Traffic
2025-11-05 05:20:53,410.0989637233365,0,Idle Resources,1.0,Idle Resources
2025-11-05 06:20:53,310.2801844114577,0,Normal,1.0,Normal
2025-11-05 07:20:53,488.4634217047235,1,Idle Resources,0.93,Idle Resources
2025-11-05 08:20:53,326.16944488842057,0,Idle Resources,0.97,Idle Resources
2025-11-05 09:20:53,381.13336292025593,0,Auto Scaling,1.0,Auto Scaling
2025-11-05 10:20:53,345.4614655276486,0,Normal,1.0,Normal
2025-11-05 11:20:53,460.9220007569659,0,Database Load,1.0,Database Load
2025-11-05 12:20:53,325.5961977420192,0,Normal,1.0,Normal
2025-11-05 13:20:53,449.2243328406162,0,Auto Scaling,0.96,Auto Scaling
2025-11-05 14:20:53,381.2913036113509,0,Idle Resources,1.0,Idle Resources
2025-11-05 15:20:53,290.1289809866812,0,Storage Growth,1.0,Storage Growth
2025-11-05 16:20:53,336.65732916800573,0,Normal,1.0,Normal
2025-11-05 17:20:53,291.796767360264,0,Network Traffic,1.0,Network Traffic
2025-11-05 18:20:53,395.6836512207512,0,Network Traffic,1.0,Network Traffic
2025-11-05 19:20:53,302.1396433162113,0,Normal,1.0,Normal
2025-11-05 20:20:53,414.8470099048692,0,Normal,0.99,Normal
2025-11-05 21:20:53,567.4333487595713,0,Database Load,1.0,Database Load
2025-11-05 22:20:53,386.09386728827474,0,Auto Scaling,1.0,Auto Scaling
2025-11-05 23:20:53,338.43753421217923,0,Normal,1.0,Normal
2025-11-06 00:20:53,376.5936821320947,0,Normal,1.0,Normal
2025-11-06 01:20:53,477.61848312311247,0,Database Load,0.99,Database Load
2025-11-06 02:20:53,525.6268618232132,1,Idle Resources,1.0,Idle Resources
2025-11-06 03:20:53,336.64894775681984,0,Idle Resources,1.0,Idle Resources
2025-11-06 04:20:53,372.7782204671225,0,Idle Resources,1.0,Idle Resources
2025-11-06 05:20:53,402.4367442827246,0,Normal,1.0,Normal
2025-11-06 06:20:53,584.5108529973533,0,Database Load,0.99,Database Load
2025-11-06 07:20:53,301.33457791156326,0,Normal,0.92,Normal
2025-11-06 08:20:53,361.0232983753228,0,Auto Scaling,1.0,Auto Scaling
2025-11-06 09:20:53,598.4346098470083,0,Database Load,1.0,Database Load
2025-11-06 10:20:53,229.3152651885288,0,Normal,1.0,Normal
2025-11-06 11:20:53,353.92807159660566,0,Network Traffic,0.61,Network Traffic
2025-11-06 12:20:53,558.3413233107225,0,Backup/Snapshot Growth,1.0,Backup/Snapshot Growth
2025-11-06 13:20:53,376.0946381207273,0,Normal,0.98,Normal
2025-11-06 14:20:53,381.58223897376166,0,Normal,1.0,Normal
2025-11-06 15:20:53,362.5823177809002,0,Idle Resources,1.0,Idle Resources
2025-11-06 16:20:53,531.2984051014713,0,Backup/Snapshot Growth,1.0,Backup/Snapshot Growth
2025-11-06 17:20:53,299.32138409143334,0,Normal,1.0,Normal
2025-11-06 18:20:53,379.9975465364383,0,Network Traffic,1.0,Network Traffic
2025-11-06 19:20:53,199.9141103855449,0,Normal,1.0,Normal
2025-11-06 20:20:53,310.62361388519594,0,Normal,1.0,Normal
2025-11-06 21:20:53,297.1411362363359,0,Normal,1.0,Normal
2025-11-06 22:20:53,401.71092082817,0,Storage Growth,1.0,Storage Growth
2025-11-06 23:20:53,399.8945749832018,0,Normal,1.0,Normal
2025-11-07 00:20:53,595.1040624086648,1,Database Load,1.0,Database Load
2025-11-07 01:20:53,566.889584310301,0,Database Load,1.0,Database Load
2025-11-07 02:20:53,303.9409800291427,0,Normal,1.0,Normal
2025-11-07 03:20:53,262.4956862090195,0,Normal,1.0,Normal
2025-11-07 04:20:53,289.2430169970491,0,Network Traffic,1.0,Network Traffic
2025-11-07 05:20:53,357.9619853735215,0,Normal,1.0,Normal
2025-11-07 06:20:53,399.7289221628105,0,Idle Resources,1.0,Idle Resources
2025-11-07 07:20:53,297.7473327620529,0,Normal,1.0,Normal
2025-11-07 08:20:53,463.6521311588172,0,Auto Scaling,1.0,Auto Scaling
2025-11-07 09:20:53,386.4293236627578,0,Normal,1.0,Normal
2025-11-07 10:20:53,465.2263850531832,0,Network Traffic,1.0,Network Traffic
2025-11-07 11:20:53,350.9099439911381,0,Normal,1.0,Normal
2025-11-07 12:20:53,353.5346678267969,0,Auto Scaling,1.0,Auto Scaling
2025-11-07 13:20:53,377.2588842961369,0,Normal,0.99,Normal
2025-11-07 14:20:53,357.50181211980816,0,Normal,1.0,Normal
2025-11-07 15:20:53,318.79212310387834,0,Normal,1.0,Normal
2025-11-07 16:20:53,302.2412407030926,0,Normal,0.99,Normal
2025-11-07 17:20:53,493.3263545958981,0,Database Load,1.0,Database Load
2025-11-07 18:20:53,335.1858612764295,0,Normal,1.0,Normal
2025-11-07 19:20:53,399.8725937158264,0,Storage Growth,1.0,Storage Growth
2025-11-07 20:20:53,294.16534721591347,0,Idle Resources,0.98,Idle Resources
2025-11-07 21:20:53,419.05447142210346,0,Idle Resources,1.0,Idle Resources
2025-11-07 22:20:53,323.8666992195469,0,Normal,0.99,Normal
2025-11-07 23:20:53,320.0404115165069,0,Normal,1.0,Normal
2025-11-08 00:20:53,428.1319676785532,0,Auto Scaling,0.98,Auto Scaling
2025-11-08 01:20:53,434.64767615588767,0,Database Load,1.0,Database Load
2025-11-08 02:20:53,390.99806016690434,0,Normal,1.0,Normal
2025-11-08 03:20:53,401.046288680456,0,Normal,0.99,Normal
2025-11-08 04:20:53,333.3973731263925,0,Idle Resources,1.0,Idle Resources
2025-11-08 05:20:53,270.50816274955423,0,Normal,1.0,Normal
2025-11-08 06:20:53,528.0283855844311,1,Backup/Snapshot Growth,0.95,Backup/Snapshot Growth
2025-11-08 07:20:53,343.76198705182713,0,Network Traffic,1.0,Network Traffic
2025-11-08 08:20:53,413.5686263847918,0,Normal,0.97,Normal
2025-11-08 09:20:53,593.4231138525549,0,Database Load,1.0,Database Load
2025-11-08 10:20:53,462.2203214663279,1,Idle Resources,1.0,Idle Resources
2025-11-08 11:20:53,379.9081356577407,0,Network Traffic,1.0,Network Traffic
2025-11-08 12:20:53,370.17969882848513,0,Idle Resources,1.0,Idle Resources
2025-11-08 13:20:53,381.2428627369879,0,Database Load,0.6,Database Load
2025-11-08 14:20:53,294.12216366487195,0,Normal,1.0,Normal
2025-11-08 15:20:53,370.767776299971,0,Normal,1.0,Normal
2025-11-08 16:20:53,413.6784541506638,0,Normal,0.92,Normal
2025-11-08 17:20:53,356.37763495027343,0,Auto Scaling,0.99,Auto Scaling
2025-11-08 18:20:53,457.4520344507405,0,Idle Resources,1.0,Idle Resources
2025-11-08 19:20:53,394.86918163691735,0,Auto Scaling,1.0,Auto Scaling
2025-11-08 20:20:53,363.09388662454063,0,Normal,0.99,Normal
2025-11-08 21:20:53,362.2284648023485,0,Normal,0.99,Normal
2025-11-08 22:20:53,604.6523241567679,1,Database Load,1.0,Database Load
2025-11-08 23:20:53,358.09900731445185,0,Normal,1.0,Normal
2025-11-09 00:20:53,429.5541712397063,0,Auto Scaling,1.0,Auto Scaling
2025-11-09 01:20:53,395.6956998934407,0,Normal,1.0,Normal
2025-11-09 02:20:53,416.60714575396577,0,Database Load,1.0,Database Load
2025-11-09 03:20:53,559.3994359056417,0,Backup/Snapshot Growth,1.0,Backup/Snapshot Growth
2025-11-09 04:20:53,278.10767576113426,0,Normal,1.0,Normal
2025-11-09 05:20:53,313.2467428183625,0,Normal,0.96,Normal
2025-11-09 06:20:53,475.39983936968224,0,Auto Scaling,0.96,Auto Scaling
2025-11-09 07:20:53,428.4083726983197,0,Idle Resources,1.0,Idle Resources
2025-11-09 08:20:53,395.0881104040935,0,Normal,1.0,Normal
2025-11-09 09:20:53,347.8758724167645,0,Normal,1.0,Normal
2025-11-09 10:20:53,308.21423531544946,0,Normal,1.0,Normal
2025-11-09 11:20:53,392.74323507155526,0,Idle Resources,1.0,Idle Resources
2025-11-09 12:20:53,436.9724617261234,0,Auto Scaling,1.0,Auto Scaling
2025-11-09 13:20:53,346.48282551744944,0,Normal,1.0,Normal
2025-11-09 14:20:53,409.5468609422844,0,Normal,1.0,Normal
2025-11-09 15:20:53,275.8813985891172,0,Normal,1.0,Normal
2025-11-09 16:20:53,440.6232696293249,0,Normal,0.97,Normal
2025-11-09 17:20:53,402.0105640191616,0,Network Traffic,1.0,Network Traffic
2025-11-09 18:20:53,409.8542257048043,0,Normal,1.0,Normal
2025-11-09 19:20:53,480.54702500768894,0,Auto Scaling,0.96,Auto Scaling
2025-11-09 20:20:53,455.44849957485457,0,Normal,0.97,Normal
2025-11-09 21:20:53,397.3225825160187,0,Auto Scaling,1.0,Auto Scaling
2025-11-09 22:20:53,386.6775141680552,0,Auto Scaling,1.0,Auto Scaling
2025-11-09 23:20:53,368.1787521155432,0,Normal,1.0,Normal
2025-11-10 00:20:53,613.9811712200296,1,Database Load,0.98,Database Load
2025-11-10 01:20:53,372.0089453688189,0,Idle Resources,1.0,Idle Resources
2025-11-10 02:20:53,511.31070808649145,1,Idle Resources,1.0,Idle Resources
2025-11-10 03:20:53,381.9218419286784,0,Database Load,0.8,Database Load
2025-11-10 04:20:53,461.6069716877085,0,Normal,1.0,Normal
2025-11-10 05:20:53,353.9473541975672,0,Storage Growth,1.0,Storage Growth
2025-11-10 06:20:53,261.9776922763315,0,Normal,1.0,Normal
2025-11-10 07:20:53,353.07998613768297,0,Normal,1.0,Normal
2025-11-10 08:20:53,354.8998821739364,0,Normal,1.0,Normal
2025-11-10 09:20:53,301.93934311819726,0,Normal,1.0,Normal
2025-11-10 10:20:53,300.8022188710437,0,Normal,1.0,Normal
2025-11-10 11:20:53,334.71369406087086,0,Normal,1.0,Normal
2025-11-10 12:20:53,358.75240473981137,0,Normal,1.0,Normal
2025-11-10 13:20:53,273.4630827348754,0,Network Traffic,1.0,Network Traffic
2025-11-10 14:20:53,489.3916554720451,0,Normal,0.91,Normal
2025-11-10 15:20:53,680.83090631392,1,Database Load,1.0,Database Load
2025-11-10 16:20:53,397.2566764771197,0,Network Traffic,1.0,Network Traffic
2025-11-10 17:20:53,231.05845982924657,0,Normal,1.0,Normal
2025-11-10 18:20:53,355.97770584158485,0,Network Traffic,1.0,Network Traffic
2025-11-10 19:20:53,409.03103784323184,0,Auto Scaling,1.0,Auto Scaling
2025-11-10 20:20:53,623.8955000951363,1,Database Load,1.0,Database Load
2025-11-10 21:20:53,584.6675760051445,0,Database Load,1.0,Database Load
2025-11-10 22:20:53,473.0844871252367,0,Database Load,1.0,Database Load
2025-11-10 23:20:53,390.6326439250477,0,Idle Resources,1.0,Idle Resources
2025-11-11 00:20:53,296.3876164063964,0,Normal,1.0,Normal
2025-11-11 01:20:53,321.5022116195952,0,Normal,1.0,Normal
2025-11-11 02:20:53,385.74583067409736,0,Normal,0.88,Normal
2025-11-11 03:20:53,403.6977048503028,0,Idle Resources,1.0,Idle Resources
2025-11-11 04:20:53,713.3474063507105,1,Database Load,1.0,Database Load
2025-11-11 05:20:53,386.6972115210855,0,Normal,1.0,Normal
2025-11-11 06:20:53,493.5179448507703,0,Backup/Snapshot Growth,0.99,Backup/Snapshot Growth
2025-11-11 07:20:53,379.37366824563856,0,Network Traffic,1.0,Network Traffic
2025-11-11 08:20:53,330.3106553625626,0,Normal,1.0,Normal
2025-11-11 09:20:53,400.0215979467045,0,Auto Scaling,1.0,Auto Scaling
2025-11-11 10:20:53,571.9918837608384,0,Database Load,1.0,Database Load
2025-11-11 11:20:53,455.1512100796854,0,Backup/Snapshot Growth,1.0,Backup/Snapshot Growth
2025-11-11 12:20:53,516.7035952146217,0,Database Load,1.0,Database Load
2025-11-11 13:20:53,455.8250676442138,0,Database Load,1.0,Database Load
2025-11-11 14:20:53,342.61568715943247,0,Normal,1.0,Normal
2025-11-11 15:20:53,455.6528412864462,0,Normal,0.96,Normal
2025-11-11 16:20:53,324.8335790388337,0,Normal,1.0,Normal
2025-11-11 17:20:53,419.1935523553436,0,Backup/Snapshot Growth,0.98,Backup/Snapshot Growth
2025-11-11 18:20:53,330.4329810127063,0,Normal,1.0,Normal
2025-11-11 19:20:53,343.2384096645264,0,Auto Scaling,1.0,Auto Scaling
2025-11-11 20:20:53,372.4870968873714,0,Auto Scaling,1.0,Auto Scaling
2025-11-11 21:20:53,468.5620448082582,0,Idle Resources,1.0,Idle Resources
2025-11-11 22:20:53,348.9739139970405,0,Normal,1.0,Normal
2025-11-11 23:20:53,370.6814900587531,0,Network Traffic,1.0,Network Traffic
2025-11-12 00:20:53,302.8991615748464,0,Normal,1.0,Normal
2025-11-12 01:20:53,326.69178785259214,0,Network Traffic,1.0,Network Traffic
2025-11-12 02:20:53,380.6261889068485,0,Normal,1.0,Normal
2025-11-12 03:20:53,203.6398808706209,0,Normal,1.0,Normal
2025-11-12 04:20:53,465.9480247737109,0,Auto Scaling,1.0,Auto Scaling
2025-11-12 05:20:53,502.2674610481339,0,Backup/Snapshot Growth,1.0,Backup/Snapshot Growth
2025-11-12 06:20:53,409.3104917334611,0,Network Traffic,1.0,Network Traffic
2025-11-12 07:20:53,378.1281222066567,0,Auto Scaling,1.0,Auto Scaling
2025-11-12 08:20:53,379.7663397226689,0,Normal,1.0,Normal
2025-11-12 09:20:53,335.3464261159386,0,Normal,1.0,Normal
2025-11-12 10:20:53,515.1150626809904,0,Database Load,1.0,Database Load
2025-11-12 11:20:53,342.9520696369581,0,Normal,1.0,Normal
2025-11-12 12:20:53,480.4665172858122,0,Normal,0.95,Normal
2025-11-12 13:20:53,464.514703038554,0,Idle Resources,1.0,Idle Resources
2025-11-12 14:20:53,622.8116639599446,1,Database Load,1.0,Database Load
2025-11-12 15:20:53,269.878684370502,0,Idle Resources,0.98,Idle Resources
2025-11-12 16:20:53,292.00063746023005,0,Normal,1.0,Normal
2025-11-12 17:20:53,420.6526383874863,0,Idle Resources,1.0,Idle Resources
2025-11-12 18:20:53,433.24432490128623,0,Auto Scaling,1.0,Auto Scaling
2025-11-12 19:20:53,328.9911670023707,0,Storage Growth,1.0,Storage Growth
2025-11-12 20:20:53,378.7191068756253,0,Idle Resources,1.0,Idle Resources
2025-11-12 21:20:53,266.2390280151292,0,Normal,1.0,Normal
2025-11-12 22:20:53,409.4894682902877,0,Idle Resources,1.0,Idle Resources
2025-11-12 23:20:53,343.0312643543624,0,Normal,1.0,Normal
2025-11-13 00:20:53,375.8017720072101,0,Network Traffic,1.0,Network Traffic
2025-11-13 01:20:53,337.2589015834291,0,Normal,1.0,Normal
2025-11-13 02:20:53,386.0330744051474,0,Storage Growth,1.0,Storage Growth
2025-11-13 03:20:53,398.9583381302895,0,Network Traffic,1.0,Network Traffic
2025-11-13 04:20:53,348.7451681026088,0,Normal,1.0,Normal
2025-11-13 05:20:53,401.2094377618416,0,Normal,1.0,Normal
2025-11-13 06:20:53,294.4303400811536,0,Normal,1.0,Normal
2025-11-13 07:20:53,303.45096489502646,0,Normal,1.0,Normal
2025-11-13 08:20:53,282.7273152950484,0,Normal,1.0,Normal
2025-11-13 09:20:53,276.3982121638099,0,Normal,1.0,Normal
2025-11-13 10:20:53,375.7494739423802,0,Storage Growth,0.99,Storage Growth
2025-11-13 11:20:53,530.7255487749792,0,Database Load,1.0,Database Load
2025-11-13 12:20:53,354.7483435292155,0,Normal,1.0,Normal
2025-11-13 13:20:53,319.64145839852773,0,Normal,1.0,Normal
2025-11-13 14:20:53,407.4859075962468,0,Idle Resources,1.0,Idle Resources
2025-11-13 15:20:53,612.8844550506886,1,Backup/Snapshot Growth,1.0,Backup/Snapshot Growth
2025-11-13 16:20:53,363.2130283049429,0,Normal,1.0,Normal
2025-11-13 17:20:53,277.0166057506224,0,Normal,1.0,Normal
2025-11-13 18:20:53,320.769682696357,0,Normal,1.0,Normal
2025-11-13 19:20:53,476.5651444645532,1,Idle Resources,1.0,Idle Resources
2025-11-13 20:20:53,309.76799501885534,0,Normal,1.0,Normal
2025-11-13 21:20:53,403.3614203430815,0,Normal,1.0,Normal
2025-11-13 22:20:53,574.6841867236567,0,Database Load,1.0,Database Load
2025-11-13 23:20:53,427.2933116512056,0,Normal,1.0,Normal
2025-11-14 00:20:53,384.096926298501,0,Normal,0.99,Normal
2025-11-14 01:20:53,374.9179830403549,0,Idle Resources,1.0,Idle Resources
2025-11-14 02:20:53,323.7405025575803,0,Network Traffic,1.0,Network Traffic
2025-11-14 03:20:53,261.30951889962154,0,Normal,1.0,Normal
2025-11-14 04:20:53,255.3038472276429,0,Normal,1.0,Normal
2025-11-14 05:20:53,300.84757295948555,0,Storage Growth,1.0,Storage Growth
2025-11-14 06:20:53,335.2949830930258,0,Normal,0.99,Normal
2025-11-14 07:20:53,643.0358713758171,1,Backup/Snapshot Growth,1.0,Backup/Snapshot Growth
2025-11-14 08:20:53,624.5072967887014,1,Backup/Snapshot Growth,1.0,Backup/Snapshot Growth
2025-11-14 09:20:53,419.2812237938579,0,Auto Scaling,1.0,Auto Scaling
2025-11-14 10:20:53,386.2679894680685,0,Normal,0.98,Normal
2025-11-14 11:20:53,289.7123118618989,0,Normal,0.99,Normal
2025-11-14 12:20:53,388.84544668842943,0,Idle Resources,1.0,Idle Resources
2025-11-14 13:20:53,609.610723914058,0,Backup/Snapshot Growth,1.0,Backup/Snapshot Growth
2025-11-14 14:20:53,449.12493326993626,0,Idle Resources,1.0,Idle Resources
2025-11-14 15:20:53,511.5488955605816,0,Backup/Snapshot Growth,1.0,Backup/Snapshot Growth
2025-11-14 16:20:53,324.2398331746916,0,Auto Scaling,1.0,Auto Scaling
2025-11-14 17:20:53,390.72467465695865,0,Auto Scaling,0.96,Auto Scaling
2025-11-14 18:20:53,396.9818242469991,0,Network Traffic,1.0,Network Traffic
2025-11-14 19:20:53,490.2119811764056,0,Backup/Snapshot Growth,1.0,Backup/Snapshot Growth
2025-11-14 20:20:53,368.3092484408828,0,Normal,1.0,Normal
2025-11-14 21:20:53,409.3602738556627,0,Normal,0.99,Normal
2025-11-14 22:20:53,339.6983841023741,0,Idle Resources,0.95,Idle Resources
2025-11-14 23:20:53,380.7916034991972,1,Network Traffic,1.0,Network Traffic
2025-11-15 00:20:53,424.3259429721284,1,Idle Resources,1.0,Idle Resources
2025-11-15 01:20:53,316.93670080997305,0,Normal,1.0,Normal
2025-11-15 02:20:53,382.4076239259406,0,Auto Scaling,1.0,Auto Scaling
2025-11-15 03:20:53,592.7608580680919,0,Database Load,1.0,Database Load
2025-11-15 04:20:53,393.36868119377095,0,Normal,1.0,Normal
2025-11-15 05:20:53,408.0229061252306,0,Network Traffic,1.0,Network Traffic
2025-11-15 06:20:53,460.4200099947519,0,Idle Resources,1.0,Idle Resources
2025-11-15 07:20:53,333.8182591272687,0,Network Traffic,1.0,Network Traffic
2025-11-15 08:20:53,317.6492388788407,0,Normal,1.0,Normal
2025-11-15 09:20:53,414.20211508176624,0,Auto Scaling,1.0,Auto Scaling
2025-11-15 10:20:53,367.18634239005087,0,Normal,1.0,Normal
2025-11-15 11:20:53,301.30410036755484,0,Normal,1.0,Normal
2025-11-15 12:20:53,549.5841183097514,0,Database Load,1.0,Database Load
2025-11-15 13:20:53,543.0035658377128,0,Database Load,1.0,Database Load
2025-11-15 14:20:53,363.5396921844842,0,Normal,1.0,Normal
2025-11-15 15:20:53,450.9715308875609,0,Database Load,1.0,Database Load
2025-11-15 16:20:53,583.2577060493525,0,Database Load,1.0,Database Load
2025-11-15 17:20:53,374.4779856704206,0,Auto Scaling,1.0,Auto Scaling
2025-11-15 18:20:53,472.3751433026294,0,Idle Resources,1.0,Idle Resources
2025-11-15 19:20:53,360.6193732173261,0,Normal,1.0,Normal
2025-11-15 20:20:53,454.8406402166164,0,Database Load,1.0,Database Load
2025-11-15 21:20:53,361.3845597759988,0,Normal,1.0,Normal
2025-11-15 22:20:53,263.0127072540111,0,Normal,1.0,Normal
2025-11-15 23:20:53,520.4820595033115,1,Idle Resources,1.0,Idle Resources
2025-11-16 00:20:53,349.9473166803107,0,Network Traffic,1.0,Network Traffic
2025-11-16 01:20:53,493.3660986971415,1,Idle Resources,1.0,Idle Resources
2025-11-16 02:20:53,256.9434512161514,0,Normal,1.0,Normal
2025-11-16 03:20:53,574.9961631678499,0,Database Load,1.0,Database Load
2025-11-16 04:20:53,357.1800973905749,0,Storage Growth,0.99,Storage Growth
2025-11-16 05:20:53,323.55527319258067,0,Normal,1.0,Normal
2025-11-16 06:20:53,321.49617058691496,0,Network Traffic,1.0,Network Traffic
2025-11-16 07:20:53,383.481808118582,0,Database Load,0.96,Database Load
2025-11-16 08:20:53,334.3679203741924,0,Normal,1.0,Normal
2025-11-16 09:20:53,269.73835001067675,0,Normal,1.0,Normal
2025-11-16 10:20:53,409.7008539903531,0,Network Traffic,1.0,Network Traffic
2025-11-16 11:20:53,299.08533271557474,0,Normal,1.0,Normal
2025-11-16 12:20:53,358.341068241461,0,Normal,1.0,Normal
2025-11-16 13:20:53,479.43991605977527,0,Idle Resources,1.0,Idle Resources
2025-11-16 14:20:53,413.6602054205031,0,Normal,1.0,Normal
2025-11-16 15:20:53,416.94440348788726,0,Backup/Snapshot Growth,0.99,Backup/Snapshot Growth
2025-11-16 16:20:53,365.6637916509543,0,Auto Scaling,1.0,Auto Scaling
2025-11-16 17:20:53,445.27786012420506,0,Auto Scaling,1.0,Auto Scaling
2025-11-16 18:20:53,556.5724909288726,0,Database Load,1.0,Database Load
2025-11-16 19:20:53,365.1088189833857,0,Normal,0.99,Normal
2025-11-16 20:20:53,558.1901279460576,0,Database Load,1.0,Database Load
2025-11-16 21:20:53,309.34007763310336,0,Normal,1.0,Normal
2025-11-16 22:20:53,443.7891522827134,0,Auto Scaling,1.0,Auto Scaling
2025-11-16 23:20:53,248.49774310116328,0,Normal,1.0,Normal
2025-11-17 00:20:53,440.3729688433704,0,Normal,1.0,Normal
2025-11-17 01:20:53,373.7766553056511,0,Auto Scaling,1.0,Auto Scaling
2025-11-17 02:20:53,393.4369108214024,0,Database Load,1.0,Database Load
2025-11-17 03:20:53,452.602585193234,0,Storage Growth,0.96,Storage Growth
2025-11-17 04:20:53,395.60198287079726,0,Normal,1.0,Normal
2025-11-17 05:20:53,517.8395602360296,0,Database Load,1.0,Database Load
2025-11-17 06:20:53,274.79315619891514,0,Normal,0.99,Normal
2025-11-17 07:20:53,418.0770240146453,0,Idle Resources,1.0,Idle Resources
2025-11-17 08:20:53,384.8820589781248,0,Network Traffic,1.0,Network Traffic
2025-11-17 09:20:53,264.7791121451326,0,Normal,1.0,Normal
2025-11-17 10:20:53,421.87133667767046,0,Auto Scaling,1.0,Auto Scaling
2025-11-17 11:20:53,552.5904868267944,0,Database Load,1.0,Database Load
2025-11-17 12:20:53,376.3310092559094,0,Idle Resources,1.0,Idle Resources
2025-11-17 13:20:53,376.2308633283078,0,Normal,1.0,Normal
2025-11-17 14:20:53,492.7141184613921,0,Idle Resources,1.0,Idle Resources
2025-11-17 15:20:53,371.098456861811,0,Normal,1.0,Normal
2025-11-17 16:20:53,295.9594519651746,0,Normal,1.0,Normal
2025-11-17 17:20:53,452.9675935642207,0,Idle Resources,1.0,Idle Resources
2025-11-17 18:20:53,466.5683817457451,0,Backup/Snapshot Growth,1.0,Backup/Snapshot Growth
2025-11-17 19:20:53,326.6358239586507,0,Network Traffic,1.0,Network Traffic
2025-11-17 20:20:53,311.787638398727,0,Storage Growth,0.98,Storage Growth
2025-11-17 21:20:53,268.10853240191864,0,Normal,1.0,Normal
2025-11-17 22:20:53,336.13075689756147,0,Normal,1.0,Normal
2025-11-17 23:20:53,381.7396052081536,0,Normal,1.0,Normal
2025-11-18 00:20:53,463.55264091671927,0,Idle Resources,1.0,Idle Resources
2025-11-18 01:20:53,326.1115544021249,0,Normal,1.0,Normal
2025-11-18 02:20:53,349.6171891579319,0,Idle Resources,1.0,Idle Resources
2025-11-18 03:20:53,337.6201362363645,0,Auto Scaling,1.0,Auto Scaling
2025-11-18 04:20:53,367.1930898301638,0,Storage Growth,0.99,Storage Growth
2025-11-18 05:20:53,325.8569392216458,0,Network Traffic,1.0,Network Traffic
2025-11-18 06:20:53,313.1558538342781,0,Auto Scaling,1.0,Auto Scaling
2025-11-18 07:20:53,336.63056373685487,0,Normal,0.98,Normal
2025-11-18 08:20:53,432.4011345398245,0,Normal,1.0,Normal
2025-11-18 09:20:53,420.4158897977421,0,Idle Resources,1.0,Idle Resources
2025-11-18 10:20:53,285.15256244492764,0,Normal,1.0,Normal
2025-11-18 11:20:53,315.17865104239775,0,Normal,1.0,Normal
2025-11-18 12:20:53,308.82169822883185,0,Normal,1.0,Normal
2025-11-18 13:20:53,501.1125076756822,0,Backup/Snapshot Growth,1.0,Backup/Snapshot Growth
2025-11-18 14:20:53,375.8951609958647,0,Normal,1.0,Normal
2025-11-18 15:20:53,370.9969060392456,0,Normal,1.0,Normal
2025-11-18 16:20:53,430.9720012499101,0,Backup/Snapshot Growth,1.0,Backup/Snapshot Growth
2025-11-18 17:20:53,430.0199800596655,0,Network Traffic,1.0,Network Traffic
2025-11-18 18:20:53,392.16770674908616,0,Normal,1.0,Normal
2025-11-18 19:20:53,397.30188590889736,0,Auto Scaling,0.99,Auto Scaling
2025-11-18 20:20:53,329.8816337090424,0,Normal,1.0,Normal
2025-11-18 21:20:53,291.2656281356483,0,Normal,1.0,Normal
2025-11-18 22:20:53,411.346062878498,0,Idle Resources,1.0,Idle Resources
2025-11-18 23:20:53,276.96516096981,0,Normal,1.0,Normal
2025-11-19 00:20:53,372.3366511733816,0,Idle Resources,1.0,Idle Resources
2025-11-19 01:20:53,381.3345568677767,0,Normal,0.97,Normal
2025-11-19 02:20:53,456.4415222624568,0,Normal,0.99,Normal
2025-11-19 03:20:53,337.4955096419749,0,Auto Scaling,1.0,Auto Scaling
2025-11-19 04:20:53,305.8466534208076,0,Normal,1.0,Normal
2025-11-19 05:20:53,399.946212218297,0,Normal,1.0,Normal
2025-11-19 06:20:53,322.0336815075655,0,Normal,1.0,Normal
2025-11-19 07:20:53,523.6826731522007,0,Database Load,1.0,Database Load
2025-11-19 08:20:53,397.4501931842224,0,Auto Scaling,1.0,Auto Scaling
2025-11-19 09:20:53,264.5100770986509,0,Normal,1.0,Normal
2025-11-19 10:20:53,415.13376469480863,0,Backup/Snapshot Growth,0.96,Backup/Snapshot Growth
2025-11-19 11:20:53,513.1647583996013,0,Auto Scaling,1.0,Auto Scaling
2025-11-19 12:20:53,639.2694418105854,1,Backup/Snapshot Growth,1.0,Backup/Snapshot Growth
2025-11-19 13:20:53,440.7981381472877,0,Normal,0.97,Normal
2025-11-19 14:20:53,496.4388850796837,0,Database Load,1.0,Database Load
2025-11-19 15:20:53,320.877907948367,0,Normal,1.0,Normal
2025-11-19 16:20:53,308.5012055571472,0,Idle Resources,1.0,Idle Resources
2025-11-19 17:20:53,410.7157401261179,0,Backup/Snapshot Growth,0.98,Backup/Snapshot Growth
2025-11-19 18:20:53,398.1265013178388,0,Normal,1.0,Normal
2025-11-19 19:20:53,391.3995887391548,0,Normal,0.99,Normal
2025-11-19 20:20:53,342.73295125942263,0,Normal,1.0,Normal
2025-11-19 21:20:53,442.0816333605961,0,Database Load,1.0,Database Load
2025-11-19 22:20:53,579.2466032935877,0,Database Load,0.99,Database Load
2025-11-19 23:20:53,356.947635374283,0,Normal,0.97,Normal
2025-11-20 00:20:53,365.892538056586,0,Storage Growth,1.0,Storage Growth
2025-11-20 01:20:53,546.4377515077815,0,Database Load,1.0,Database Load
2025-11-20 02:20:53,329.32503607720605,0,Auto Scaling,1.0,Auto Scaling
2025-11-20 03:20:53,329.45077923149586,0,Normal,1.0,Normal
2025-11-20 04:20:53,381.0859025824376,0,Normal,1.0,Normal
2025-11-20 05:20:53,315.0244029607554,0,Auto Scaling,1.0,Auto Scaling
2025-11-20 06:20:53,311.3745736219141,0,Network Traffic,1.0,Network Traffic
2025-11-20 07:20:53,442.1559180748857,0,Database Load,1.0,Database Load
2025-11-20 08:20:53,587.2216951192818,0,Database Load,1.0,Database Load
2025-11-20 09:20:53,521.7778620421159,0,Database Load,1.0,Database Load
2025-11-20 10:20:53,418.5704765736083,0,Normal,1.0,Normal
2025-11-20 11:20:53,402.8921888610032,0,Normal,0.95,Normal
2025-11-20 12:20:53,377.182150653905,0,Network Traffic,1.0,Network Traffic
2025-11-20 13:20:53,340.98878782495785,0,Auto Scaling,1.0,Auto Scaling
2025-11-20 14:20:53,397.9966061752808,0,Network Traffic,1.0,Network Traffic
2025-11-20 15:20:53,402.9055561228284,0,Normal,0.98,Normal
2025-11-20 16:20:53,415.6030177826159,0,Network Traffic,1.0,Network Traffic
2025-11-20 17:20:53,327.4857822384831,0,Normal,1.0,Normal
2025-11-20 18:20:53,380.0979457926218,0,Normal,1.0,Normal
2025-11-20 19:20:53,373.0653476247257,0,Normal,1.0,Normal
2025-11-20 20:20:53,303.3191864755574,0,Normal,1.0,Normal
2025-11-20 21:20:53,370.73884281035305,0,Network Traffic,1.0,Network Traffic
2025-11-20 22:20:53,259.84639362609033,0,Normal,1.0,Normal
2025-11-20 23:20:53,340.09566260814006,0,Normal,1.0,Normal
2025-11-21 00:20:53,468.3558841843199,0,Normal,1.0,Normal
2025-11-21 01:20:53,664.6257154633239,1,Backup/Snapshot Growth,1.0,Backup/Snapshot Growth
2025-11-21 02:20:53,377.5024566405939,0,Normal,1.0,Normal
2025-11-21 03:20:53,423.8374264416626,0,Idle Resources,1.0,Idle Resources
2025-11-21 04:20:53,375.37315791384185,0,Idle Resources,1.0,Idle Resources
2025-11-21 05:20:53,323.1987005665931,0,Normal,1.0,Normal
2025-11-21 06:20:53,307.4945443441564,0,Normal,1.0,Normal
2025-11-21 07:20:53,420.89674674938647,0,Normal,1.0,Normal
2025-11-21 08:20:53,439.7721299480694,0,Auto Scaling,1.0,Auto Scaling
2025-11-21 09:20:53,378.4643080347454,0,Storage Growth,1.0,Storage Growth
2025-11-21 10:20:53,273.4973678502379,0,Normal,1.0,Normal
2025-11-21 11:20:53,554.8908331573246,0,Database Load,0.99,Database Load
2025-11-21 12:20:53,438.6402465633767,0,Normal,1.0,Normal
2025-11-21 13:20:53,323.6902102168135,0,Normal,1.0,Normal
2025-11-21 14:20:53,404.3221101807248,0,Normal,0.98,Normal
2025-11-21 15:20:53,573.0580745895171,0,Database Load,1.0,Database Load
2025-11-21 16:20:53,332.1163367571492,0,Normal,1.0,Normal
2025-11-21 17:20:53,308.515723622195,0,Network Traffic,1.0,Network Traffic
2025-11-21 18:20:53,356.1063668986575,0,Normal,1.0,Normal
2025-11-21 19:20:53,644.3860726558552,1,Database Load,1.0,Database Load
2025-11-21 20:20:53,332.3490276782628,0,Normal,1.0,Normal
2025-11-21 21:20:53,461.9035941458436,0,Auto Scaling,1.0,Auto Scaling
2025-11-21 22:20:53,445.8113243558125,0,Idle Resources,1.0,Idle Resources
2025-11-21 23:20:53,312.14880229662947,0,Normal,1.0,Normal
2025-11-22 00:20:53,346.5989680342027,0,Idle Resources,1.0,Idle Resources
2025-11-22 01:20:53,357.21975370409587,0,Normal,1.0,Normal
2025-11-22 02:20:53,417.1450091306115,0,Auto Scaling,1.0,Auto Scaling
2025-11-22 03:20:53,514.169880928096,0,Idle Resources,1.0,Idle Resources
2025-11-22 04:20:53,368.4426679604903,0,Auto Scaling,1.0,Auto Scaling
2025-11-22 05:20:53,337.3044799962803,0,Network Traffic,1.0,Network Traffic
2025-11-22 06:20:53,358.58083814604936,0,Network Traffic,1.0,Network Traffic
2025-11-22 07:20:53,560.7634017071424,0,Database Load,1.0,Database Load
2025-11-22 08:20:53,386.6267788915175,0,Normal,1.0,Normal
2025-11-22 09:20:53,264.3082107793183,0,Normal,1.0,Normal
2025-11-22 10:20:53,372.9384179245062,0,Network Traffic,1.0,Network Traffic
2025-11-22 11:20:53,288.15671070789875,0,Normal,1.0,Normal
2025-11-22 12:20:53,408.881253749234,0,Normal,1.0,Normal
2025-11-22 13:20:53,420.4934827951921,0,Database Load,1.0,Database Load
2025-11-22 14:20:53,387.4081591530107,0,Normal,1.0,Normal
2025-11-22 15:20:53,500.4397442534966,0,Auto Scaling,1.0,Auto Scaling
2025-11-22 16:20:53,412.4430442812578,0,Backup/Snapshot Growth,0.94,Backup/Snapshot Growth
2025-11-22 17:20:53,356.88516636339534,0,Normal,1.0,Normal
2025-11-22 18:20:53,366.3452527574417,0,Normal,1.0,Normal
2025-11-22 19:20:53,334.7713293328873,0,Network Traffic,1.0,Network Traffic
2025-11-22 20:20:53,430.8706551056009,0,Network Traffic,1.0,Network Traffic
2025-11-22 21:20:53,315.3986905758736,0,Normal,1.0,Normal
2025-11-22 22:20:53,429.7045838593001,0,Database Load,1.0,Database Load
2025-11-22 23:20:53,293.2608178335884,0,Normal,1.0,Normal
2025-11-23 00:20:53,411.10230133036526,0,Network Traffic,1.0,Network Traffic
2025-11-23 01:20:53,409.3911050078643,0,Storage Growth,0.99,Storage Growth
2025-11-23 02:20:53,451.84552571250686,0,Network Traffic,1.0,Network Traffic
2025-11-23 03:20:53,353.440316143155,0,Idle Resources,0.99,Idle Resources
2025-11-23 04:20:53,329.52910194113934,0,Normal,1.0,Normal
2025-11-23 05:20:53,387.23169860312896,0,Normal,1.0,Normal
2025-11-23 06:20:53,444.40494602437104,0,Normal,0.99,Normal
2025-11-23 07:20:53,419.0661827701901,0,Normal,1.0,Normal
2025-11-23 08:20:53,354.33087743393145,0,Normal,1.0,Normal
2025-11-23 09:20:53,337.01704867257456,0,Normal,1.0,Normal
2025-11-23 10:20:53,338.7326712004978,0,Normal,0.99,Normal
2025-11-23 11:20:53,329.8651965174286,0,Normal,1.0,Normal
2025-11-23 12:20:53,380.7737335360116,0,Storage Growth,1.0,Storage Growth
2025-11-23 13:20:53,520.9466776329675,0,Idle Resources,1.0,Idle Resources
2025-11-23 14:20:53,365.2418416056056,0,Normal,1.0,Normal
2025-11-23 15:20:53,572.1023944619354,1,Backup/Snapshot Growth,1.0,Backup/Snapshot Growth
2025-11-23 16:20:53,346.1202727919777,0,Normal,1.0,Normal
2025-11-23 17:20:53,349.3434838776244,0,Network Traffic,1.0,Network Traffic
2025-11-23 18:20:53,613.3830637937468,1,Database Load,1.0,Database Load
2025-11-23 19:20:53,640.3559402487272,1,Database Load,1.0,Database Load
2025-11-23 20:20:53,381.8756015529842,0,Normal,0.99,Normal
2025-11-23 21:20:53,325.5777476027628,0,Normal,1.0,Normal
2025-11-23 22:20:53,292.3475238639187,0,Idle Resources,1.0,Idle Resources
2025-11-23 23:20:53,312.0007024312255,0,Normal,1.0,Normal
2025-11-24 00:20:53,603.9161524993483,1,Database Load,1.0,Database Load
2025-11-24 01:20:53,411.4382359119262,0,Idle Resources,1.0,Idle Resources
2025-11-24 02:20:53,348.46833124958687,0,Normal,1.0,Normal
2025-11-24 03:20:53,366.4779332730179,0,Storage Growth,0.99,Storage Growth
2025-11-24 04:20:53,343.8329342431189,0,Normal,0.97,Normal
2025-11-24 05:20:53,367.9799708618555,0,Auto Scaling,1.0,Auto Scaling
2025-11-24 06:20:53,411.72713022468463,0,Auto Scaling,1.0,Auto Scaling
2025-11-24 07:20:53,272.4259933401722,0,Normal,1.0,Normal
2025-11-24 08:20:53,395.9064557704381,0,Backup/Snapshot Growth,0.99,Backup/Snapshot Growth
2025-11-24 09:20:53,379.9503124659427,0,Normal,1.0,Normal
2025-11-24 10:20:53,381.1683515561114,0,Auto Scaling,1.0,Auto Scaling
2025-11-24 11:20:53,332.8040627186074,0,Normal,0.88,Normal
2025-11-24 12:20:53,414.8819195626826,0,Storage Growth,1.0,Storage Growth
2025-11-24 13:20:53,361.2303536756093,0,Idle Resources,1.0,Idle Resources
2025-11-24 14:20:53,300.7189336296124,0,Normal,1.0,Normal
2025-11-24 15:20:53,330.0838126240907,0,Normal,1.0,Normal
2025-11-24 16:20:53,645.9565288988251,1,Database Load,1.0,Database Load
2025-11-24 17:20:53,407.6567118019436,0,Normal,1.0,Normal
2025-11-24 18:20:53,417.2839088641025,0,Auto Scaling,1.0,Auto Scaling
2025-11-24 19:20:53,284.15285745886035,0,Normal,1.0,Normal
2025-11-24 20:20:53,577.4682206474602,1,Backup/Snapshot Growth,1.0,Backup/Snapshot Growth
2025-11-24 21:20:53,237.4893654787004,0,Network Traffic,1.0,Network Traffic
2025-11-24 22:20:53,389.5073477604051,0,Normal,1.0,Normal
2025-11-24 23:20:53,405.222235645776,0,Normal,1.0,Normal
2025-11-25 00:20:53,376.33001289834704,0,Normal,1.0,Normal
2025-11-25 01:20:53,347.9036828960872,0,Normal,1.0,Normal
2025-11-25 02:20:53,324.491184187438,0,Normal,1.0,Normal
2025-11-25 03:20:53,389.6357012358449,0,Normal,1.0,Normal
2025-11-25 04:20:53,305.4122320855213,0,Auto Scaling,0.93,Auto Scaling
2025-11-25 05:20:53,386.3709571883071,0,Normal,0.99,Normal
2025-11-25 06:20:53,214.16328304208383,0,Normal,1.0,Normal
2025-11-25 07:20:53,364.4379723485741,0,Normal,1.0,Normal
2025-11-25 08:20:53,365.33827364686994,0,Auto Scaling,1.0,Auto Scaling
2025-11-25 09:20:53,530.7770303793616,0,Backup/Snapshot Growth,0.99,Backup/Snapshot Growth
2025-11-25 10:20:53,353.7954893002089,0,Normal,1.0,Normal
2025-11-25 11:20:53,228.78146796966467,0,Normal,1.0,Normal
2025-11-25 12:20:53,319.57805108699813,0,Normal,1.0,Normal
2025-11-25 13:20:53,559.4843003261351,0,Backup/Snapshot Growth,1.0,Backup/Snapshot Growth
2025-11-25 14:20:53,302.3629218966576,0,Storage Growth,1.0,Storage Growth
2025-11-25 15:20:53,305.1603284799666,0,Normal,1.0,Normal
2025-11-25 16:20:53,427.3560600677173,0,Normal,1.0,Normal
2025-11-25 17:20:53,502.2504761398624,0,Backup/Snapshot Growth,1.0,Backup/Snapshot Growth
2025-11-25 18:20:53,403.7656596879091,0,Idle Resources,0.97,Idle Resources
2025-11-25 19:20:53,456.4195436851781,0,Idle Resources,1.0,Idle Resources
2025-11-25 20:20:53,702.2079866447082,1,Backup/Snapshot Growth,0.99,Backup/Snapshot Growth
2025-11-25 21:20:53,550.3216491618756,0,Database Load,1.0,Database Load
2025-11-25 22:20:53,371.9955793331375,0,Normal,1.0,Normal
2025-11-25 23:20:53,317.20638181450806,0,Normal,1.0,Normal
2025-11-26 00:20:53,291.6378012436587,0,Normal,1.0,Normal
2025-11-26 01:20:53,292.9613891976038,0,Normal,1.0,Normal
2025-11-26 02:20:53,427.12533091023454,0,Network Traffic,1.0,Network Traffic
2025-11-26 03:20:53,387.59339383293707,0,Normal,1.0,Normal
2025-11-26 04:20:53,570.5645845044625,0,Backup/Snapshot Growth,1.0,Backup/Snapshot Growth
2025-11-26 05:20:53,340.51446048932445,0,Normal,1.0,Normal
2025-11-26 06:20:53,435.7429321117995,0,Normal,0.92,Normal
2025-11-26 07:20:53,319.9863914481058,0,Normal,1.0,Normal
2025-11-26 08:20:53,528.8829593000781,0,Database Load,1.0,Database Load
2025-11-26 09:20:53,399.61087413441686,1,Idle Resources,1.0,Idle Resources
2025-11-26 10:20:53,700.9342993074522,1,Database Load,1.0,Database Load
2025-11-26 11:20:53,493.6976274998816,0,Auto Scaling,1.0,Auto Scaling
2025-11-26 12:20:53,254.18170578080705,0,Normal,1.0,Normal
2025-11-26 13:20:53,369.36601545594056,0,Database Load,0.98,Database Load
2025-11-26 14:20:53,504.5613751917069,0,Database Load,1.0,Database Load
2025-11-26 15:20:53,435.8420149422516,0,Network Traffic,1.0,Network Traffic
2025-11-26 16:20:53,491.8261767127382,0,Database Load,1.0,Database Load
2025-11-26 17:20:53,444.271750522624,0,Auto Scaling,1.0,Auto Scaling
2025-11-26 18:20:53,297.2856723433988,0,Normal,1.0,Normal
2025-11-26 19:20:53,239.44487476225248,0,Normal,1.0,Normal
2025-11-26 20:20:53,365.972580742558,0,Auto Scaling,1.0,Auto Scaling
2025-11-26 21:20:53,424.22069523986346,0,Normal,1.0,Normal
2025-11-26 22:20:53,359.4733838168594,0,Normal,1.0,Normal
2025-11-26 23:20:53,308.1915547015272,0,Normal,1.0,Normal
2025-11-27 00:20:53,372.3110181065931,0,Normal,1.0,Normal
2025-11-27 01:20:53,443.2617041068178,0,Idle Resources,1.0,Idle Resources
2025-11-27 02:20:53,311.5170162278537,0,Normal,1.0,Normal
2025-11-27 03:20:53,351.38184337478543,0,Normal,1.0,Normal
2025-11-27 04:20:53,446.8955139900081,0,Storage Growth,0.97,Storage Growth
2025-11-27 05:20:53,572.737176823685,0,Database Load,1.0,Database Load
2025-11-27 06:20:53,401.2753682478657,0,Normal,0.95,Normal
2025-11-27 07:20:53,291.69558734613526,0,Auto Scaling,0.97,Auto Scaling
2025-11-27 08:20:53,505.2354388809341,0,Database Load,1.0,Database Load
2025-11-27 09:20:53,385.73966609375407,0,Storage Growth,1.0,Storage Growth
2025-11-27 10:20:53,332.7416738351037,0,Normal,1.0,Normal
2025-11-27 11:20:53,273.4776250779695,0,Normal,1.0,Normal
2025-11-27 12:20:53,384.1374878661082,0,Normal,0.98,Normal
2025-11-27 13:20:53,281.7236065772192,0,Normal,1.0,Normal
2025-11-27 14:20:53,488.3592138911304,0,Database Load,1.0,Database Load
2025-11-27 15:20:53,508.4518172280528,1,Idle Resources,0.99,Idle Resources
2025-11-27 16:20:53,319.66961154378066,0,Normal,1.0,Normal
2025-11-27 17:20:53,251.77646063335453,0,Normal,1.0,Normal
2025-11-27 18:20:53,421.59065362149073,0,Normal,1.0,Normal
2025-11-27 19:20:53,445.5497312718493,0,Database Load,1.0,Database Load
2025-11-27 20:20:53,344.26664177814894,0,Normal,1.0,Normal
2025-11-27 21:20:53,298.01753835997573,0,Normal,1.0,Normal
2025-11-27 22:20:53,350.67187842768993,0,Normal,1.0,Normal
2025-11-27 23:20:53,415.1439762791523,0,Normal,1.0,Normal
2025-11-28 00:20:53,458.6353296084207,0,Idle Resources,1.0,Idle Resources
2025-11-28 01:20:53,365.7271995697525,0,Storage Growth,0.99,Storage Growth
2025-11-28 02:20:53,405.2285272167032,0,Network Traffic,1.0,Network Traffic
2025-11-28 03:20:53,397.6443926841235,0,Auto Scaling,1.0,Auto Scaling
2025-11-28 04:20:53,356.167974418389,0,Auto Scaling,1.0,Auto Scaling
2025-11-28 05:20:53,415.8892112734504,0,Normal,1.0,Normal
2025-11-28 06:20:53,228.8634325698852,0,Normal,1.0,Normal
2025-11-28 07:20:53,261.6404562366563,0,Normal,1.0,Normal
2025-11-28 08:20:53,321.3031466472789,0,Network Traffic,1.0,Network Traffic
2025-11-28 09:20:53,403.6893965303939,0,Normal,1.0,Normal
2025-11-28 10:20:53,363.7356172203801,0,Database Load,0.99,Database Load
2025-11-28 11:20:53,367.7500579398834,0,Normal,0.88,Normal
2025-11-28 12:20:53,432.68177262306665,0,Idle Resources,1.0,Idle Resources
2025-11-28 13:20:53,390.3323682840759,0,Normal,0.99,Normal
2025-11-28 14:20:53,398.2005507717735,0,Normal,1.0,Normal
2025-11-28 15:20:53,429.7487643236926,0,Normal,1.0,Normal
2025-11-28 16:20:53,285.2841465066842,0,Normal,1.0,Normal
2025-11-28 17:20:53,338.89512150287624,0,Normal,1.0,Normal
2025-11-28 18:20:53,260.2917697982774,0,Normal,0.98,Normal
2025-11-28 19:20:53,395.3604309705758,0,Normal,1.0,Normal
2025-11-28 20:20:53,497.0210595409207,0,Storage Growth,0.97,Storage Growth
2025-11-28 21:20:53,384.99999102250285,0,Normal,0.99,Normal
2025-11-28 22:20:53,367.9081111235661,0,Network Traffic,1.0,Network Traffic
2025-11-28 23:20:53,281.1890886359517,0,Normal,0.99,Normal
2025-11-29 00:20:53,419.6666620222956,0,Database Load,1.0,Database Load
2025-11-29 01:20:53,316.13115275231894,0,Normal,1.0,Normal
2025-11-29 02:20:53,258.80945006041264,0,Normal,1.0,Normal
2025-11-29 03:20:53,343.9970687033253,0,Normal,1.0,Normal
2025-11-29 04:20:53,507.06169914072655,0,Database Load,0.99,Database Load
2025-11-29 05:20:53,345.15302692022993,0,Normal,1.0,Normal
2025-11-29 06:20:53,331.66051625870705,0,Normal,1.0,Normal
2025-11-29 07:20:53,272.8290498182258,0,Normal,1.0,Normal
2025-11-29 08:20:53,332.3205864858585,0,Normal,1.0,Normal
2025-11-29 09:20:53,526.0089061872287,1,Idle Resources,1.0,Idle Resources
2025-11-29 10:20:53,559.1156626248924,0,Database Load,1.0,Database Load
2025-11-29 11:20:53,356.0943600357379,0,Auto Scaling,0.99,Auto Scaling
2025-11-29 12:20:53,508.1334437370269,0,Auto Scaling,1.0,Auto Scaling
2025-11-29 13:20:53,318.3106254735476,0,Normal,1.0,Normal
2025-11-29 14:20:53,369.2630833772267,0,Normal,1.0,Normal
2025-11-29 15:20:53,257.2645243619512,0,Normal,1.0,Normal
2025-11-29 16:20:53,410.0462253315599,0,Storage Growth,1.0,Storage Growth
2025-11-29 17:20:53,468.7363027658383,0,Idle Resources,1.0,Idle Resources
2025-11-29 18:20:53,387.4110432950389,0,Network Traffic,1.0,Network Traffic
2025-11-29 19:20:53,369.5820655596692,0,Normal,1.0,Normal
2025-11-29 20:20:53,483.9316888546999,0,Backup/Snapshot Growth,1.0,Backup/Snapshot Growth
2025-11-29 21:20:53,456.74165334245055,0,Idle Resources,1.0,Idle Resources
2025-11-29 22:20:53,321.4219118437112,0,Normal,1.0,Normal
2025-11-29 23:20:53,509.1791067073617,0,Database Load,1.0,Database Load
2025-11-30 00:20:53,296.0200212889087,0,Normal,1.0,Normal
2025-11-30 01:20:53,334.8459555454625,0,Network Traffic,1.0,Network Traffic
2025-11-30 02:20:53,286.1142048413621,0,Normal,1.0,Normal
2025-11-30 03:20:53,404.321273977268,0,Normal,1.0,Normal
2025-11-30 04:20:53,338.3545684553678,0,Network Traffic,1.0,Network Traffic
2025-11-30 05:20:53,446.19569579522494,0,Auto Scaling,1.0,Auto Scaling
2025-11-30 06:20:53,355.29476493852263,0,Auto Scaling,1.0,Auto Scaling
2025-11-30 07:20:53,359.0011724180148,0,Network Traffic,1.0,Network Traffic
2025-11-30 08:20:53,309.00501466756594,0,Normal,1.0,Normal
2025-11-30 09:20:53,425.4166963914741,0,Idle Resources,1.0,Idle Resources
2025-11-30 10:20:53,451.2133029818135,0,Backup/Snapshot Growth,0.99,Backup/Snapshot Growth
2025-11-30 11:20:53,432.76541170955926,0,Auto Scaling,0.99,Auto Scaling
2025-11-30 12:20:53,285.95491902347976,0,Normal,0.88,Normal
2025-11-30 13:20:53,443.4483083756295,0,Normal,1.0,Normal
2025-11-30 14:20:53,359.45865965030094,0,Normal,1.0,Normal
2025-11-30 15:20:53,469.1373817228457,0,Database Load,0.99,Database Load
2025-11-30 16:20:53,489.2859304098465,0,Idle Resources,1.0,Idle Resources
2025-11-30 17:20:53,377.4677736478787,0,Normal,1.0,Normal
2025-11-30 18:20:53,336.2232465149999,0,Network Traffic,1.0,Network Traffic
2025-11-30 19:20:53,532.7607971716255,0,Backup/Snapshot Growth,0.98,Backup/Snapshot Growth
2025-11-30 20:20:53,399.0458886090604,0,Idle Resources,1.0,Idle Resources
2025-11-30 21:20:53,438.3345266028514,0,Normal,1.0,Normal
2025-11-30 22:20:53,567.5683912383902,0,Database Load,1.0,Database Load
2025-11-30 23:20:53,331.70169871865244,0,Network Traffic,1.0,Network Traffic
2025-12-01 00:20:53,366.82691055940046,0,Auto Scaling,1.0,Auto Scaling
2025-12-01 01:20:53,369.9096394264063,0,Normal,1.0,Normal
2025-12-01 02:20:53,377.45742651840027,0,Normal,0.98,Normal
2025-12-01 03:20:53,396.0892890386646,0,Normal,1.0,Normal
2025-12-01 04:20:53,471.27144026332553,0,Database Load,1.0,Database Load
2025-12-01 05:20:53,361.8829103456608,0,Network Traffic,0.99,Network Traffic
2025-12-01 06:20:53,432.7873480157716,0,Auto Scaling,1.0,Auto Scaling
2025-12-01 07:20:53,282.6437849308657,0,Normal,1.0,Normal
2025-12-01 08:20:53,383.8962340984848,0,Auto Scaling,1.0,Auto Scaling
2025-12-01 09:20:53,542.370546717461,0,Database Load,1.0,Database Load
2025-12-01 10:20:53,456.9441817599815,0,Backup/Snapshot Growth,1.0,Backup/Snapshot Growth
2025-12-01 11:20:53,416.8291201365688,0,Normal,1.0,Normal
2025-12-01 12:20:53,420.9217439279461,0,Network Traffic,1.0,Network Traffic
2025-12-01 13:20:53,448.2233059991282,0,Database Load,1.0,Database Load
2025-12-01 14:20:53,347.13125211156085,0,Normal,1.0,Normal
2025-12-01 15:20:53,361.538639527678,0,Normal,0.98,Normal
2025-12-01 16:20:53,315.13185908907167,0,Storage Growth,0.99,Storage Growth
2025-12-01 17:20:53,395.7250787137409,0,Network Traffic,1.0,Network Traffic
2025-12-01 18:20:53,389.0714122341497,0,Normal,1.0,Normal
2025-12-01 19:20:53,412.3988023586801,0,Storage Growth,0.98,Storage Growth
2025-12-01 20:20:53,523.0798779769989,0,Database Load,1.0,Database Load
2025-12-01 21:20:53,481.059009535298,0,Idle Resources,1.0,Idle Resources
2025-12-01 22:20:53,540.769424679178,0,Backup/Snapshot Growth,0.99,Backup/Snapshot Growth
2025-12-01 23:20:53,432.35378997615913,0,Database Load,1.0,Database Load
2025-12-02 00:20:53,277.1827790194588,0,Normal,1.0,Normal
2025-12-02 01:20:53,416.60768582031136,0,Normal,0.99,Normal
2025-12-02 02:20:53,321.3840174049892,0,Normal,1.0,Normal
2025-12-02 03:20:53,653.0464828151216,0,Database Load,1.0,Database Load
2025-12-02 04:20:53,360.3587655611034,0,Network Traffic,1.0,Network Traffic
2025-12-02 05:20:53,432.10878633747177,0,Normal,1.0,Normal
2025-12-02 06:20:53,307.02290986474657,0,Normal,1.0,Normal
2025-12-02 07:20:53,341.1419416910327,0,Auto Scaling,1.0,Auto Scaling
2025-12-02 08:20:53,387.44033109381263,0,Normal,1.0,Normal
2025-12-02 09:20:53,469.149453840157,0,Network Traffic,0.98,Network Traffic
2025-12-02 10:20:53,226.6328404592121,0,Normal,1.0,Normal
2025-12-02 11:20:53,332.6474155832867,0,Normal,1.0,Normal
2025-12-02 12:20:53,415.1223030826229,0,Normal,1.0,Normal
2025-12-02 13:20:53,413.4181205367504,0,Auto Scaling,1.0,Auto Scaling
2025-12-02 14:20:53,362.8826012507987,0,Normal,1.0,Normal
2025-12-02 15:20:53,260.36825297589104,0,Normal,1.0,Normal
2025-12-02 16:20:53,426.07045813864,1,Idle Resources,1.0,Idle Resources
2025-12-02 17:20:53,479.6739355821634,0,Auto Scaling,1.0,Auto Scaling
2025-12-02 18:20:53,408.4382273694826,0,Normal,1.0,Normal
2025-12-02 19:20:53,363.82953120333866,0,Normal,1.0,Normal
2025-12-02 20:20:53,352.92281949857534,0,Normal,0.99,Normal
2025-12-02 21:20:53,327.7538011543021,0,Normal,1.0,Normal
2025-12-02 22:20:53,468.4534653578404,0,Backup/Snapshot Growth,1.0,Backup/Snapshot Growth
2025-12-02 23:20:53,618.6355672202757,0,Database Load,1.0,Database Load
2025-12-03 00:20:53,337.98754084738255,0,Normal,0.99,Normal
2025-12-03 01:20:53,400.0153819518273,0,Network Traffic,1.0,Network Traffic
2025-12-03 02:20:53,415.8335660407017,0,Auto Scaling,1.0,Auto Scaling
2025-12-03 03:20:53,340.26720982772633,0,Auto Scaling,1.0,Auto Scaling
2025-12-03 04:20:53,496.911099508082,0,Database Load,1.0,Database Load
2025-12-03 05:20:53,633.231713292418,1,Backup/Snapshot Growth,1.0,Backup/Snapshot Growth
2025-12-03 06:20:53,388.2515155927731,0,Normal,0.96,Normal
2025-12-03 07:20:53,317.8997151957988,0,Normal,1.0,Normal
2025-12-03 08:20:53,372.5593879078695,0,Normal,0.99,Normal
2025-12-03 09:20:53,421.1408933870772,0,Normal,1.0,Normal
2025-12-03 10:20:53,272.37785295636814,0,Normal,1.0,Normal
2025-12-03 11:20:53,393.6758430481962,0,Normal,1.0,Normal
2025-12-03 12:20:53,323.69199538436726,0,Normal,1.0,Normal
2025-12-03 13:20:53,333.5877019205311,0,Normal,1.0,Normal
2025-12-03 14:20:53,405.9653457673943,0,Storage Growth,1.0,Storage Growth
2025-12-03 15:20:53,408.06349856734033,0,Normal,0.98,Normal
2025-12-03 16:20:53,321.0070352784626,0,Network Traffic,1.0,Network Traffic
2025-12-03 17:20:53,236.2806849707912,0,Normal,1.0,Normal
2025-12-03 18:20:53,429.0014868713871,0,Idle Resources,1.0,Idle Resources
2025-12-03 19:20:53,490.5956355170004,0,Database Load,1.0,Database Load
2025-12-03 20:20:53,334.7274361528913,0,Normal,1.0,Normal
2025-12-03 21:20:53,310.2448015052313,0,Normal,1.0,Normal
2025-12-03 22:20:53,447.6609825092123,0,Normal,0.99,Normal
2025-12-03 23:20:53,436.6458257135973,0,Database Load,1.0,Database Load
2025-12-04 00:20:53,470.19035317865496,0,Storage Growth,0.95,Storage Growth
2025-12-04 01:20:53,397.7828375719279,0,Normal,1.0,Normal
2025-12-04 02:20:53,499.1063258274394,0,Database Load,0.99,Database Load
2025-12-04 03:20:53,457.100219251831,0,Idle Resources,1.0,Idle Resources
2025-12-04 04:20:53,415.05321552552033,1,Idle Resources,1.0,Idle Resources
2025-12-04 05:20:53,597.1946278305464,0,Database Load,1.0,Database Load
2025-12-04 06:20:53,345.3258776701909,0,Normal,1.0,Normal
2025-12-04 07:20:53,353.1352666467922,0,Auto Scaling,1.0,Auto Scaling
2025-12-04 08:20:53,656.8439513868708,0,Database Load,0.99,Database Load
2025-12-04 09:20:53,373.36587384320137,0,Normal,0.99,Normal
2025-12-04 10:20:53,314.54702516953483,0,Auto Scaling,1.0,Auto Scaling
2025-12-04 11:20:53,390.2358791088725,0,Normal,0.99,Normal
2025-12-04 12:20:53,468.0192182371295,0,Idle Resources,1.0,Idle Resources
2025-12-04 13:20:53,403.0387755790407,0,Database Load,1.0,Database Load
2025-12-04 14:20:53,358.3405704391096,0,Normal,1.0,Normal
2025-12-04 15:20:53,382.1022585366412,0,Normal,1.0,Normal
2025-12-04 16:20:53,280.43614093773675,0,Normal,1.0,Normal
2025-12-04 17:20:53,286.42095385235825,0,Normal,1.0,Normal
2025-12-04 18:20:53,396.4514137543301,0,Normal,0.99,Normal
2025-12-04 19:20:53,329.47772003561334,0,Normal,1.0,Normal
2025-12-04 20:20:53,554.1572627293447,0,Database Load,1.0,Database Load
2025-12-04 21:20:53,414.1847250494248,0,Normal,1.0,Normal
2025-12-04 22:20:53,509.6628036461796,0,Database Load,1.0,Database Load
2025-12-04 23:20:53,397.8152907635243,0,Auto Scaling,1.0,Auto Scaling
2025-12-05 00:20:53,507.02428037752486,1,Idle Resources,1.0,Idle Resources
2025-12-05 01:20:53,334.76485784990075,0,Storage Growth,1.0,Storage Growth
2025-12-05 02:20:53,378.3869995523126,0,Network Traffic,1.0,Network Traffic
2025-12-05 03:20:53,342.2174989265412,0,Normal,1.0,Normal
2025-12-05 04:20:53,446.7825926631092,0,Idle Resources,1.0,Idle Resources
2025-12-05 05:20:53,349.6412797081089,0,Normal,1.0,Normal
2025-12-05 06:20:53,304.30743117286846,0,Normal,1.0,Normal
2025-12-05 07:20:53,408.77696904724496,0,Normal,1.0,Normal
2025-12-05 08:20:53,365.5082002243181,0,Network Traffic,1.0,Network Traffic
2025-12-05 09:20:53,361.12182598718346,0,Storage Growth,1.0,Storage Growth
2025-12-05 10:20:53,337.6041328180248,0,Normal,0.99,Normal
2025-12-05 11:20:53,376.4087785215522,0,Normal,1.0,Normal
2025-12-05 12:20:53,267.02012574859486,0,Normal,1.0,Normal
2025-12-05 13:20:53,460.6538064115159,0,Network Traffic,0.99,Network Traffic
2025-12-05 14:20:53,279.6653355859694,0,Normal,1.0,Normal
2025-12-05 15:20:53,623.0705904428368,1,Backup/Snapshot Growth,1.0,Backup/Snapshot Growth
2025-12-05 16:20:53,377.7270056829468,0,Normal,1.0,Normal
2025-12-05 17:20:53,364.16501764701405,0,Normal,1.0,Normal
2025-12-05 18:20:53,293.97761321986485,0,Normal,0.92,Normal
2025-12-05 19:20:53,267.3284602471793,0,Normal,1.0,Normal
2025-12-05 20:20:53,408.66506150931735,0,Network Traffic,1.0,Network Traffic
2025-12-05 21:20:53,514.7033049193675,0,Database Load,1.0,Database Load
2025-12-05 22:20:53,502.7833546608339,0,Backup/Snapshot Growth,1.0,Backup/Snapshot Growth
2025-12-05 23:20:53,421.329773296746,0,Auto Scaling,1.0,Auto Scaling
2025-12-06 00:20:53,361.98184316874,0,Auto Scaling,0.99,Auto Scaling
2025-12-06 01:20:53,332.16634108422465,0,Normal,1.0,Normal
2025-12-06 02:20:53,595.1514782264537,0,Database Load,1.0,Database Load
2025-12-06 03:20:53,371.9396118203096,0,Idle Resources,1.0,Idle Resources
2025-12-06 04:20:53,425.0457052572478,0,Database Load,1.0,Database Load
2025-12-06 05:20:53,433.4550102090904,0,Idle Resources,1.0,Idle Resources
2025-12-06 06:20:53,511.02112279484095,0,Database Load,1.0,Database Load
2025-12-06 07:20:53,404.2155985305775,0,Storage Growth,1.0,Storage Growth
2025-12-06 08:20:53,360.37416238612434,0,Normal,1.0,Normal
2025-12-06 09:20:53,362.94593917248784,0,Normal,1.0,Normal
2025-12-06 10:20:53,474.6958776896805,0,Idle Resources,1.0,Idle Resources
2025-12-06 11:20:53,323.52899611271374,0,Normal,0.94,Normal
2025-12-06 12:20:53,347.4204186684277,0,Normal,1.0,Normal
2025-12-06 13:20:53,385.7453996787133,0,Idle Resources,0.97,Idle Resources
2025-12-06 14:20:53,362.2583827571936,0,Network Traffic,1.0,Network Traffic
2025-12-06 15:20:53,259.52823096880974,0,Normal,1.0,Normal
2025-12-06 16:20:53,326.86478497489315,0,Auto Scaling,1.0,Auto Scaling
2025-12-06 17:20:53,380.7650849402866,0,Network Traffic,1.0,Network Traffic
2025-12-06 18:20:53,283.18589253876297,0,Normal,1.0,Normal
2025-12-06 19:20:53,319.968046604126,0,Storage Growth,1.0,Storage Growth
2025-12-06 20:20:53,445.7061444388439,0,Normal,0.98,Normal
2025-12-06 21:20:53,388.5027877134439,0,Normal,1.0,Normal
2025-12-06 22:20:53,351.5458956110906,0,Normal,1.0,Normal
2025-12-06 23:20:53,395.48131112467246,0,Idle Resources,1.0,Idle Resources
2025-12-07 00:20:53,417.2508102903258,0,Database Load,0.88,Database Load
2025-12-07 01:20:53,287.7463861661155,0,Normal,1.0,Normal
2025-12-07 02:20:53,337.7426979135864,0,Auto Scaling,1.0,Auto Scaling
2025-12-07 03:20:53,324.9457725928362,0,Normal,1.0,Normal
2025-12-07 04:20:53,296.7416944263561,0,Normal,1.0,Normal
2025-12-07 05:20:53,348.684646513846,0,Network Traffic,1.0,Network Traffic
2025-12-07 06:20:53,381.5309878425806,0,Idle Resources,1.0,Idle Resources
2025-12-07 07:20:53,362.2836063931581,0,Normal,1.0,Normal
2025-12-07 08:20:53,290.6334195033135,0,Normal,1.0,Normal
2025-12-07 09:20:53,420.9297188474328,0,Network Traffic,1.0,Network Traffic
2025-12-07 10:20:53,372.73259851294847,0,Normal,1.0,Normal
2025-12-07 11:20:53,414.1166972454744,0,Normal,0.99,Normal
2025-12-07 12:20:53,324.39188300306034,0,Normal,1.0,Normal
2025-12-07 13:20:53,257.96139681644183,0,Normal,1.0,Normal
2025-12-07 14:20:53,278.209729741001,0,Normal,1.0,Normal
2025-12-07 15:20:53,362.4202526378391,0,Database Load,0.99,Database Load
2025-12-07 16:20:53,429.29736838580016,0,Idle Resources,1.0,Idle Resources
2025-12-07 17:20:53,349.9962919267165,0,Normal,1.0,Normal
2025-12-07 18:20:53,279.882580511533,0,Normal,1.0,Normal
2025-12-07 19:20:53,542.1228168289634,1,Idle Resources,1.0,Idle Resources
2025-12-07 20:20:53,315.0140278139684,0,Normal,1.0,Normal
2025-12-07 21:20:53,425.2067075257244,0,Storage Growth,1.0,Storage Growth
2025-12-07 22:20:53,510.3411902869138,0,Database Load,0.99,Database Load
2025-12-07 23:20:53,339.37858847887514,0,Auto Scaling,1.0,Auto Scaling
2025-12-08 00:20:53,331.1293276985048,0,Normal,1.0,Normal
2025-12-08 01:20:53,360.90497590438633,0,Normal,1.0,Normal
2025-12-08 02:20:53,284.43476891754614,0,Auto Scaling,1.0,Auto Scaling
2025-12-08 03:20:53,346.1030454516215,0,Network Traffic,1.0,Network Traffic
2025-12-08 04:20:53,444.74952917667855,0,Idle Resources,1.0,Idle Resources
2025-12-08 05:20:53,277.23173987698345,0,Normal,1.0,Normal
2025-12-08 06:20:53,476.3469753006812,0,Storage Growth,0.98,Storage Growth
2025-12-08 07:20:53,334.33994992150656,0,Network Traffic,1.0,Network Traffic
2025-12-08 08:20:53,264.6575147261512,0,Normal,1.0,Normal
2025-12-08 09:20:53,339.81776543874474,0,Auto Scaling,1.0,Auto Scaling
2025-12-08 10:20:53,554.7356084868619,0,Database Load,1.0,Database Load
2025-12-08 11:20:53,369.0034197784884,0,Normal,0.98,Normal
2025-12-08 12:20:53,311.49244210248696,0,Normal,1.0,Normal
2025-12-08 13:20:53,401.12639859195593,0,Idle Resources,0.99,Idle Resources
2025-12-08 14:20:53,386.5862069647329,0,Normal,1.0,Normal
2025-12-08 15:20:53,279.0460540890049,0,Normal,1.0,Normal
2025-12-08 16:20:53,429.0091704367703,0,Normal,1.0,Normal
2025-12-08 17:20:53,587.0564919609008,0,Database Load,1.0,Database Load
2025-12-08 18:20:53,389.99648704789325,1,Idle Resources,1.0,Idle Resources
2025-12-08 19:20:53,554.1218837532035,0,Database Load,1.0,Database Load
2025-12-08 20:20:53,346.54400281848694,0,Normal,1.0,Normal
2025-12-08 21:20:53,422.7945933384963,0,Auto Scaling,1.0,Auto Scaling
2025-12-08 22:20:53,342.2402329165324,0,Normal,1.0,Normal
2025-12-08 23:20:53,318.648904519149,0,Normal,0.99,Normal
2025-12-09 00:20:53,604.5243028944064,0,Database Load,1.0,Database Load
2025-12-09 01:20:53,532.7229237517121,1,Backup/Snapshot Growth,1.0,Backup/Snapshot Growth
2025-12-09 02:20:53,320.2359544186737,0,Normal,1.0,Normal
2025-12-09 03:20:53,477.67910455080926,0,Idle Resources,1.0,Idle Resources
2025-12-09 04:20:53,389.3929671901431,0,Normal,1.0,Normal
2025-12-09 05:20:53,374.7251707535406,0,Normal,1.0,Normal
2025-12-09 06:20:53,338.39057401554487,0,Normal,0.99,Normal
2025-12-09 07:20:53,348.8828773291781,0,Normal,0.99,Normal
2025-12-09 08:20:53,362.8346345935961,0,Normal,1.0,Normal
2025-12-09 09:20:53,344.5258945523724,0,Storage Growth,1.0,Storage Growth
2025-12-09 10:20:53,348.7233130476561,0,Normal,1.0,Normal
2025-12-09 11:20:53,306.88461364709644,0,Normal,1.0,Normal
2025-12-09 12:20:53,246.1531681014197,0,Normal,1.0,Normal
2025-12-09 13:20:53,400.2973122274618,0,Auto Scaling,1.0,Auto Scaling
2025-12-09 14:20:53,417.5766721441545,0,Network Traffic,1.0,Network Traffic
2025-12-09 15:20:53,359.8922316696308,0,Network Traffic,0.99,Network Traffic
2025-12-09 16:20:53,373.49791984610096,0,Auto Scaling,1.0,Auto Scaling
2025-12-09 17:20:53,430.3057064498981,0,Normal,1.0,Normal
2025-12-09 18:20:53,315.0526464285027,0,Normal,1.0,Normal
2025-12-09 19:20:53,529.0596233207318,0,Backup/Snapshot Growth,1.0,Backup/Snapshot Growth
2025-12-09 20:20:53,343.8602427812717,0,Normal,1.0,Normal
2025-12-09 21:20:53,398.0544443701396,0,Auto Scaling,1.0,Auto Scaling
2025-12-09 22:20:53,407.5571759561843,0,Auto Scaling,1.0,Auto Scaling
2025-12-09 23:20:53,398.3105185806232,0,Normal,0.99,Normal
2025-12-10 00:20:53,478.59670737587146,1,Idle Resources,1.0,Idle Resources
2025-12-10 01:20:53,401.31851018871447,0,Backup/Snapshot Growth,1.0,Backup/Snapshot Growth
2025-12-10 02:20:53,412.44306820131646,0,Normal,0.99,Normal
2025-12-10 03:20:53,279.4797689943955,0,Normal,1.0,Normal
2025-12-10 04:20:53,350.878801591359,0,Database Load,0.67,Database Load
2025-12-10 05:20:53,304.71260664025897,0,Network Traffic,1.0,Network Traffic
2025-12-10 06:20:53,420.31007404243377,0,Backup/Snapshot Growth,0.98,Backup/Snapshot Growth
2025-12-10 07:20:53,376.1821375505474,0,Normal,1.0,Normal
2025-12-10 08:20:53,349.7210264370335,0,Normal,0.98,Normal
2025-12-10 09:20:53,303.24715838443376,0,Normal,1.0,Normal
2025-12-10 10:20:53,415.9809996591952,0,Network Traffic,1.0,Network Traffic
2025-12-10 11:20:53,321.5319204302514,0,Normal,1.0,Normal
2025-12-10 12:20:53,485.4748414236094,1,Idle Resources,1.0,Idle Resources
2025-12-10 13:20:53,466.42246917472215,0,Database Load,1.0,Database Load
2025-12-10 14:20:53,361.75007170806674,0,Normal,0.98,Normal
2025-12-10 15:20:53,555.9759368175891,1,Backup/Snapshot Growth,1.0,Backup/Snapshot Growth
2025-12-10 16:20:53,555.7166081677118,0,Database Load,1.0,Database Load
2025-12-10 17:20:53,322.16111996792887,0,Network Traffic,1.0,Network Traffic
2025-12-10 18:20:53,439.29948808044855,0,Network Traffic,1.0,Network Traffic
2025-12-10 19:20:53,287.67777543604774,0,Normal,1.0,Normal
2025-12-10 20:20:53,431.81909058465016,0,Auto Scaling,1.0,Auto Scaling
2025-12-10 21:20:53,370.5091409723684,0,Idle Resources,1.0,Idle Resources
2025-12-10 22:20:53,395.05652697638095,0,Normal,0.99,Normal
2025-12-10 23:20:53,376.0621952654672,0,Normal,1.0,Normal
2025-12-11 00:20:53,395.01834592633537,0,Database Load,1.0,Database Load
2025-12-11 01:20:53,354.23686775394305,0,Storage Growth,1.0,Storage Growth
2025-12-11 02:20:53,345.80309401006645,0,Normal,1.0,Normal
2025-12-11 03:20:53,299.1514682454156,0,Normal,1.0,Normal
2025-12-11 04:20:53,358.6448736320316,0,Network Traffic,1.0,Network Traffic
2025-12-11 05:20:53,303.85109020235313,0,Normal,1.0,Normal
2025-12-11 06:20:53,290.7943467972037,0,Normal,1.0,Normal
2025-12-11 07:20:53,569.680950378772,0,Database Load,1.0,Database Load
2025-12-11 08:20:53,395.1024089030682,0,Network Traffic,1.0,Network Traffic
2025-12-11 09:20:53,299.223220186842,0,Normal,1.0,Normal
2025-12-11 10:20:53,391.9320086183248,0,Network Traffic,1.0,Network Traffic
2025-12-11 11:20:53,426.7355084899645,0,Database Load,0.96,Database Load
2025-12-11 12:20:53,529.939647222198,0,Database Load,1.0,Database Load
2025-12-11 13:20:53,400.2219475276749,0,Normal,1.0,Normal
2025-12-11 14:20:53,395.74556976566106,0,Normal,0.99,Normal
2025-12-11 15:20:53,723.0051295453324,1,Database Load,1.0,Database Load
2025-12-11 16:20:53,429.0478085921538,0,Storage Growth,0.99,Storage Growth
2025-12-11 17:20:53,389.0340343617893,0,Network Traffic,1.0,Network Traffic
2025-12-11 18:20:53,287.7660502652209,0,Normal,1.0,Normal
2025-12-11 19:20:53,319.1914586053613,0,Auto Scaling,1.0,Auto Scaling
2025-12-11 20:20:53,333.5143223153149,0,Idle Resources,1.0,Idle Resources
2025-12-11 21:20:53,398.88015667941454,0,Network Traffic,1.0,Network Traffic
2025-12-11 22:20:53,398.89319892947344,0,Idle Resources,1.0,Idle Resources
2025-12-11 23:20:53,401.3191287134836,0,Network Traffic,1.0,Network Traffic
2025-12-12 00:20:53,298.73980912880984,0,Normal,1.0,Normal
2025-12-12 01:20:53,593.4270408581983,0,Database Load,1.0,Database Load
2025-12-12 02:20:53,395.6319281849393,0,Normal,1.0,Normal
2025-12-12 03:20:53,426.9107549591072,0,Idle Resources,0.98,Idle Resources
2025-12-12 04:20:53,355.47416370214955,0,Normal,1.0,Normal
2025-12-12 05:20:53,322.7579062975599,0,Normal,1.0,Normal
2025-12-12 06:20:53,548.2891237866763,1,Backup/Snapshot Growth,1.0,Backup/Snapshot Growth
2025-12-12 07:20:53,480.27315734041713,0,Database Load,1.0,Database Load
2025-12-12 08:20:53,408.0795043263234,0,Idle Resources,1.0,Idle Resources
2025-12-12 09:20:53,306.4042921042848,0,Normal,1.0,Normal
2025-12-12 10:20:53,638.30930244291,1,Backup/Snapshot Growth,0.99,Backup/Snapshot Growth
2025-12-12 11:20:53,331.64151056862323,0,Normal,1.0,Normal
2025-12-12 12:20:53,582.4850853555253,1,Backup/Snapshot Growth,0.99,Backup/Snapshot Growth
2025-12-12 13:20:53,264.2548997861642,0,Normal,1.0,Normal
2025-12-12 14:20:53,392.1306229436466,1,Network Traffic,1.0,Network Traffic
2025-12-12 15:20:53,407.0865246075665,0,Normal,1.0,Normal
2025-12-12 16:20:53,344.4780024022425,0,Normal,1.0,Normal
2025-12-12 17:20:53,428.3921215819293,1,Auto Scaling,1.0,Auto Scaling
2025-12-12 18:20:53,371.73114387220886,0,Normal,1.0,Normal
2025-12-12 19:20:53,425.7774189633096,0,Auto Scaling,1.0,Auto Scaling
2025-12-12 20:20:53,320.8313273681374,0,Normal,1.0,Normal
2025-12-12 21:20:53,440.7751924251304,0,Idle Resources,1.0,Idle Resources
2025-12-12 22:20:53,415.4946286796152,0,Idle Resources,1.0,Idle Resources
2025-12-12 23:20:53,477.2827883314844,0,Network Traffic,0.99,Network Traffic
2025-12-13 00:20:53,438.0736082887754,0,Auto Scaling,1.0,Auto Scaling
2025-12-13 01:20:53,320.48003085191743,0,Storage Growth,1.0,Storage Growth
2025-12-13 02:20:53,539.2176320294786,1,Idle Resources,1.0,Idle Resources
2025-12-13 03:20:53,467.9372290613034,0,Auto Scaling,1.0,Auto Scaling
2025-12-13 04:20:53,317.9216386293796,0,Normal,1.0,Normal
2025-12-13 05:20:53,519.8528634094769,0,Database Load,1.0,Database Load
2025-12-13 06:20:53,466.04121627672623,0,Network Traffic,1.0,Network Traffic
2025-12-13 07:20:53,381.9758630451265,0,Normal,1.0,Normal
2025-12-13 08:20:53,244.86028308757423,0,Normal,1.0,Normal
2025-12-13 09:20:53,369.3503483686618,0,Normal,1.0,Normal
2025-12-13 10:20:53,303.7391002395355,0,Normal,0.98,Normal
2025-12-13 11:20:53,448.9476749183109,0,Idle Resources,1.0,Idle Resources
2025-12-13 12:20:53,369.5163929733218,0,Idle Resources,0.99,Idle Resources
2025-12-13 13:20:53,243.21191840739647,0,Normal,1.0,Normal
2025-12-13 14:20:53,378.385437959122,0,Auto Scaling,1.0,Auto Scaling
2025-12-13 15:20:53,589.2147915536639,0,Backup/Snapshot Growth,0.99,Backup/Snapshot Growth
2025-12-13 16:20:53,401.7591039802959,0,Normal,1.0,Normal
2025-12-13 17:20:53,369.7081816694658,0,Database Load,1.0,Database Load
2025-12-13 18:20:53,393.7589737370216,0,Normal,1.0,Normal
2025-12-13 19:20:53,264.84027080036265,0,Normal,1.0,Normal
2025-12-13 20:20:53,407.5549968495751,0,Normal,1.0,Normal
2025-12-13 21:20:53,417.3621581733889,0,Idle Resources,0.99,Idle Resources
2025-12-13 22:20:53,446.182659600143,0,Storage Growth,0.99,Storage Growth
2025-12-13 23:20:53,337.8524955701708,0,Normal,1.0,Normal
2025-12-14 00:20:53,265.1489612954667,0,Normal,1.0,Normal
2025-12-14 01:20:53,397.1323852020789,0,Normal,1.0,Normal
2025-12-14 02:20:53,337.72827396737694,0,Normal,1.0,Normal
2025-12-14 03:20:53,317.6104427389297,0,Normal,0.99,Normal
2025-12-14 04:20:53,588.3538293736839,0,Database Load,1.0,Database Load
2025-12-14 05:20:53,307.0558494792034,0,Normal,1.0,Normal
2025-12-14 06:20:53,446.5273046156872,0,Idle Resources,1.0,Idle Resources
2025-12-14 07:20:53,378.4133018211514,0,Normal,1.0,Normal
2025-12-14 08:20:53,471.7697648229215,0,Backup/Snapshot Growth,1.0,Backup/Snapshot Growth
2025-12-14 09:20:53,233.26677526118544,0,Normal,1.0,Normal
2025-12-14 10:20:53,550.2156789384298,1,Idle Resources,0.99,Idle Resources
2025-12-14 11:20:53,266.0432244296739,0,Normal,1.0,Normal
2025-12-14 12:20:53,344.6146430313876,0,Normal,1.0,Normal
2025-12-14 13:20:53,393.7945353338538,0,Idle Resources,1.0,Idle Resources
2025-12-14 14:20:53,366.77609252872696,0,Storage Growth,1.0,Storage Growth
2025-12-14 15:20:53,367.0771981094399,0,Normal,1.0,Normal
2025-12-14 16:20:53,599.8282145048667,0,Backup/Snapshot Growth,1.0,Backup/Snapshot Growth
2025-12-14 17:20:53,444.84999705586,0,Idle Resources,1.0,Idle Resources
2025-12-14 18:20:53,545.7416300085035,0,Database Load,1.0,Database Load
2025-12-14 19:20:53,272.1601871741998,0,Normal,0.99,Normal
2025-12-14 20:20:53,314.4600452765408,0,Storage Growth,1.0,Storage Growth
2025-12-14 21:20:53,412.8465892007313,0,Storage Growth,0.66,Storage Growth
2025-12-14 22:20:53,371.998023916168,0,Normal,1.0,Normal
2025-12-14 23:20:53,421.3923626584749,0,Storage Growth,1.0,Storage Growth
2025-12-15 00:20:53,282.20862220013174,0,Normal,0.99,Normal
2025-12-15 01:20:53,298.6878618340471,0,Normal,1.0,Normal
2025-12-15 02:20:53,422.1820781500614,0,Idle Resources,1.0,Idle Resources
2025-12-15 03:20:53,326.2137334944876,0,Normal,1.0,Normal
2025-12-15 04:20:53,338.80202009225513,0,Normal,1.0,Normal
2025-12-15 05:20:53,389.1006906274279,0,Normal,1.0,Normal
2025-12-15 06:20:53,286.6280511835064,0,Normal,1.0,Normal
2025-12-15 07:20:53,617.0941445558659,0,Database Load,1.0,Database Load
2025-12-15 08:20:53,276.21889625735474,0,Normal,1.0,Normal
2025-12-15 09:20:53,340.8098428919494,0,Normal,0.99,Normal
2025-12-15 10:20:53,355.8034182203711,0,Normal,1.0,Normal
2025-12-15 11:20:53,405.83926400102223,0,Network Traffic,1.0,Network Traffic
2025-12-15 12:20:53,307.5254699179605,0,Normal,1.0,Normal
2025-12-15 13:20:53,362.0727305382632,0,Normal,1.0,Normal
2025-12-15 14:20:53,394.7513159326864,0,Auto Scaling,1.0,Auto Scaling
2025-12-15 15:20:53,291.89024685963227,0,Normal,0.95,Normal
2025-12-15 16:20:53,524.6886600185164,0,Database Load,1.0,Database Load
2025-12-15 17:20:53,321.9746594722048,0,Normal,0.99,Normal
2025-12-15 18:20:53,530.1586852137108,0,Backup/Snapshot Growth,1.0,Backup/Snapshot Growth
2025-12-15 19:20:53,442.2676009256576,0,Normal,1.0,Normal
2025-12-15 20:20:53,361.96622264139614,0,Idle Resources,1.0,Idle Resources
2025-12-15 21:20:53,323.70735718314853,0,Normal,1.0,Normal
2025-12-15 22:20:53,421.128266854232,0,Backup/Snapshot Growth,1.0,Backup/Snapshot Growth
2025-12-15 23:20:53,393.39796049266863,0,Normal,0.99,Normal
2025-12-16 00:20:53,365.62930685481126,0,Normal,1.0,Normal
2025-12-16 01:20:53,496.8282124262169,0,Idle Resources,1.0,Idle Resources
2025-12-16 02:20:53,524.5030133170721,0,Auto Scaling,1.0,Auto Scaling
2025-12-16 03:20:53,291.50976345142,0,Normal,1.0,Normal
2025-12-16 04:20:53,523.0068594284111,0,Database Load,0.99,Database Load
2025-12-16 05:20:53,308.07616644017423,0,Normal,0.97,Normal
2025-12-16 06:20:53,321.13300302919765,0,Normal,1.0,Normal
2025-12-16 07:20:53,365.6042466620039,0,Network Traffic,1.0,Network Traffic
2025-12-16 08:20:53,417.4408652218035,0,Network Traffic,1.0,Network Traffic
2025-12-16 09:20:53,273.63211813273324,0,Storage Growth,1.0,Storage Growth
2025-12-16 10:20:53,313.7906536307317,0,Normal,1.0,Normal
2025-12-16 11:20:53,304.45916621065334,0,Network Traffic,1.0,Network Traffic
2025-12-16 12:20:53,231.83133282635,0,Normal,1.0,Normal
2025-12-16 13:20:53,482.0367772442962,0,Idle Resources,1.0,Idle Resources
2025-12-16 14:20:53,323.9276643755907,0,Storage Growth,0.99,Storage Growth
2025-12-16 15:20:53,529.125893680768,0,Database Load,1.0,Database Load
2025-12-16 16:20:53,380.1316311496262,0,Network Traffic,1.0,Network Traffic
2025-12-16 17:20:53,437.4459810345337,0,Normal,1.0,Normal
2025-12-16 18:20:53,462.4655627811913,0,Backup/Snapshot Growth,0.98,Backup/Snapshot Growth
2025-12-16 19:20:53,416.348801059529,0,Backup/Snapshot Growth,1.0,Backup/Snapshot Growth
2025-12-16 20:20:53,351.5386975475586,0,Normal,1.0,Normal
2025-12-16 21:20:53,258.0570027066606,0,Normal,1.0,Normal
2025-12-16 22:20:53,341.80231096802504,0,Normal,1.0,Normal
2025-12-16 23:20:53,278.9251229579188,0,Normal,1.0,Normal
2025-12-17 00:20:53,342.9089447465644,0,Normal,1.0,Normal
2025-12-17 01:20:53,441.5294028948632,0,Auto Scaling,1.0,Auto Scaling
2025-12-17 02:20:53,301.799057863523,0,Normal,1.0,Normal
2025-12-17 03:20:53,267.2068079683954,0,Normal,1.0,Normal
2025-12-17 04:20:53,337.58932903869714,0,Normal,1.0,Normal
2025-12-17 05:20:53,426.2777320391282,0,Normal,1.0,Normal
2025-12-17 06:20:53,494.8012659686908,0,Database Load,1.0,Database Load
2025-12-17 07:20:53,389.4048680432695,0,Normal,0.98,Normal
2025-12-17 08:20:53,365.7352577265572,0,Normal,1.0,Normal
2025-12-17 09:20:53,507.2637859635498,0,Idle Resources,1.0,Idle Resources
2025-12-17 10:20:53,401.5193874426196,0,Storage Growth,1.0,Storage Growth
2025-12-17 11:20:53,373.3497269460534,0,Auto Scaling,1.0,Auto Scaling
2025-12-17 12:20:53,494.4102825237156,0,Idle Resources,1.0,Idle Resources
2025-12-17 13:20:53,446.89606987140223,0,Database Load,0.99,Database Load
2025-12-17 14:20:53,406.4156751520106,0,Normal,1.0,Normal
2025-12-17 15:20:53,428.7949747250272,0,Idle Resources,1.0,Idle Resources
2025-12-17 16:20:53,339.924228032642,0,Storage Growth,1.0,Storage Growth
2025-12-17 17:20:53,535.6392406502149,0,Database Load,1.0,Database Load
2025-12-17 18:20:53,469.0529203565195,0,Idle Resources,0.99,Idle Resources
2025-12-17 19:20:53,380.0837761795058,0,Idle Resources,1.0,Idle Resources
2025-12-17 20:20:53,463.5063658989668,0,Idle Resources,1.0,Idle Resources
2025-12-17 21:20:53,322.3979722057368,0,Normal,1.0,Normal
2025-12-17 22:20:53,393.6671838691224,0,Auto Scaling,1.0,Auto Scaling
2025-12-17 23:20:53,340.34089563190736,0,Network Traffic,1.0,Network Traffic
2025-12-18 00:20:53,415.4440748081688,0,Storage Growth,0.99,Storage Growth
2025-12-18 01:20:53,292.0425330008766,0,Normal,1.0,Normal
2025-12-18 02:20:53,324.5548792227488,0,Normal,0.99,Normal
2025-12-18 03:20:53,376.4951349526003,0,Normal,1.0,Normal
2025-12-18 04:20:53,379.6457779266972,0,Normal,1.0,Normal
2025-12-18 05:20:53,383.4505486678127,0,Idle Resources,1.0,Idle Resources
2025-12-18 06:20:53,556.4577528015272,0,Backup/Snapshot Growth,1.0,Backup/Snapshot Growth
2025-12-18 07:20:53,242.5270911243749,0,Storage Growth,0.99,Storage Growth
2025-12-18 08:20:53,413.8214055535293,0,Auto Scaling,0.99,Auto Scaling
2025-12-18 09:20:53,383.543341816012,0,Idle Resources,1.0,Idle Resources
2025-12-18 10:20:53,352.76998757324725,0,Storage Growth,1.0,Storage Growth
2025-12-18 11:20:53,443.8491594026544,0,Normal,0.97,Normal
2025-12-18 12:20:53,583.633355217336,0,Database Load,1.0,Database Load
2025-12-18 13:20:53,390.7897920368986,0,Network Traffic,1.0,Network Traffic
2025-12-18 14:20:53,307.5160031394832,0,Normal,1.0,Normal
2025-12-18 15:20:53,436.53489534481946,0,Normal,0.97,Normal
2025-12-18 16:20:53,406.7031585917724,0,Auto Scaling,1.0,Auto Scaling
2025-12-18 17:20:53,332.57407765197297,0,Normal,1.0,Normal
2025-12-18 18:20:53,374.4898668459988,0,Idle Resources,1.0,Idle Resources
2025-12-18 19:20:53,291.5250278488044,0,Normal,1.0,Normal
2025-12-18 20:20:53,369.5515508119341,0,Network Traffic,1.0,Network Traffic
2025-12-18 21:20:53,351.1959107715103,0,Normal,1.0,Normal
2025-12-18 22:20:53,243.49032087315527,0,Normal,0.99,Normal
2025-12-18 23:20:53,311.2745622512643,0,Normal,1.0,Normal
2025-12-19 00:20:53,313.22123108203,0,Normal,1.0,Normal
2025-12-19 01:20:53,385.0126773376671,0,Auto Scaling,1.0,Auto Scaling
2025-12-19 02:20:53,367.34681514927297,0,Idle Resources,1.0,Idle Resources
2025-12-19 03:20:53,361.6740056511424,0,Normal,1.0,Normal
2025-12-19 04:20:53,314.488766808058,0,Normal,1.0,Normal
2025-12-19 05:20:53,382.849175032825,0,Idle Resources,1.0,Idle Resources
2025-12-19 06:20:53,396.8680687045704,0,Network Traffic,1.0,Network Traffic
2025-12-19 07:20:53,290.8263412786908,0,Network Traffic,0.99,Network Traffic
2025-12-19 08:20:53,268.0310860164173,0,Normal,1.0,Normal
2025-12-19 09:20:53,355.6966411935759,0,Network Traffic,1.0,Network Traffic
2025-12-19 10:20:53,380.8502784611204,0,Normal,1.0,Normal
2025-12-19 11:20:53,632.9986771252541,1,Database Load,1.0,Database Load
2025-12-19 12:20:53,429.1586218844876,0,Storage Growth,1.0,Storage Growth
2025-12-19 13:20:53,415.20503734769466,0,Auto Scaling,1.0,Auto Scaling
2025-12-19 14:20:53,389.7647926835329,0,Normal,1.0,Normal
2025-12-19 15:20:53,429.2218264047315,0,Idle Resources,1.0,Idle Resources
2025-12-19 16:20:53,361.7078342514368,0,Auto Scaling,1.0,Auto Scaling
2025-12-19 17:20:53,273.3980174863701,0,Normal,1.0,Normal
2025-12-19 18:20:53,480.99266459625073,0,Auto Scaling,1.0,Auto Scaling
2025-12-19 19:20:53,349.9414742508966,0,Normal,1.0,Normal
2025-12-19 20:20:53,265.0659687036999,0,Normal,1.0,Normal
2025-12-19 21:20:53,292.5805155452813,0,Normal,1.0,Normal
2025-12-19 22:20:53,392.9287720123857,0,Storage Growth,0.99,Storage Growth
2025-12-19 23:20:53,376.5427037935194,0,Auto Scaling,1.0,Auto Scaling
2025-12-20 00:20:53,532.4171854973838,0,Database Load,1.0,Database Load
2025-12-20 01:20:53,326.54952087439364,0,Normal,0.99,Normal
2025-12-20 02:20:53,448.9163048837992,0,Auto Scaling,1.0,Auto Scaling
2025-12-20 03:20:53,391.9825236391976,0,Normal,1.0,Normal
2025-12-20 04:20:53,345.9950782969617,0,Network Traffic,1.0,Network Traffic
2025-12-20 05:20:53,473.17107630140765,0,Network Traffic,1.0,Network Traffic
2025-12-20 06:20:53,464.6039131326882,0,Auto Scaling,1.0,Auto Scaling
2025-12-20 07:20:53,308.4191063179238,0,Auto Scaling,1.0,Auto Scaling
2025-12-20 08:20:53,315.37541476142866,0,Normal,1.0,Normal
2025-12-20 09:20:53,288.5113156363214,0,Auto Scaling,1.0,Auto Scaling
2025-12-20 10:20:53,438.26344494437103,0,Idle Resources,1.0,Idle Resources
2025-12-20 11:20:53,383.0492457353912,0,Storage Growth,1.0,Storage Growth
2025-12-20 12:20:53,476.15642425149287,0,Auto Scaling,0.99,Auto Scaling
2025-12-20 13:20:53,463.1966828487248,0,Auto Scaling,1.0,Auto Scaling
2025-12-20 14:20:53,288.501269369794,0,Normal,1.0,Normal
2025-12-20 15:20:53,421.1772447612199,0,Network Traffic,1.0,Network Traffic
2025-12-20 16:20:53,474.6913259202207,0,Storage Growth,0.96,Storage Growth
2025-12-20 17:20:53,627.9043048692843,1,Database Load,1.0,Database Load
2025-12-20 18:20:53,415.81358819662745,0,Normal,1.0,Normal
2025-12-20 19:20:53,298.41569192465334,0,Normal,1.0,Normal
2025-12-20 20:20:53,641.7635183146285,1,Database Load,1.0,Database Load
2025-12-20 21:20:53,337.5286785971176,0,Auto Scaling,1.0,Auto Scaling
2025-12-20 22:20:53,413.8256396584947,0,Backup/Snapshot Growth,0.96,Backup/Snapshot Growth
2025-12-20 23:20:53,373.01954285219927,0,Normal,0.99,Normal
2025-12-21 00:20:53,338.29316500183825,0,Normal,1.0,Normal
2025-12-21 01:20:53,270.9624020904329,0,Normal,1.0,Normal
2025-12-21 02:20:53,267.6566965787182,0,Normal,1.0,Normal
2025-12-21 03:20:53,346.18925883859765,0,Normal,1.0,Normal
2025-12-21 04:20:53,519.3404227218282,0,Database Load,1.0,Database Load
2025-12-21 05:20:53,325.67106073815944,0,Normal,1.0,Normal
2025-12-21 06:20:53,424.145850007129,0,Idle Resources,1.0,Idle Resources
2025-12-21 07:20:53,328.9042092542491,0,Auto Scaling,1.0,Auto Scaling
2025-12-21 08:20:53,456.8843907248163,0,Auto Scaling,1.0,Auto Scaling
2025-12-21 09:20:53,264.1938798101764,0,Normal,1.0,Normal
2025-12-21 10:20:53,381.663783348509,0,Normal,1.0,Normal
2025-12-21 11:20:53,224.8958566330517,0,Normal,1.0,Normal
2025-12-21 12:20:53,624.4780218584868,1,Backup/Snapshot Growth,0.96,Backup/Snapshot Growth
2025-12-21 13:20:53,371.5415446419412,0,Normal,1.0,Normal
2025-12-21 14:20:53,329.0861555646114,0,Normal,1.0,Normal
2025-12-21 15:20:53,294.6741583685513,0,Normal,1.0,Normal
2025-12-21 16:20:53,587.49357454572,1,Backup/Snapshot Growth,1.0,Backup/Snapshot Growth
2025-12-21 17:20:53,303.48000309976413,0,Normal,1.0,Normal
2025-12-21 18:20:53,375.055638790834,0,Normal,0.97,Normal
2025-12-21 19:20:53,404.2097386751789,0,Normal,0.98,Normal
2025-12-21 20:20:53,302.99322699197825,0,Normal,0.91,Normal
2025-12-21 21:20:53,379.7490832690332,0,Idle Resources,1.0,Idle Resources
2025-12-21 22:20:53,392.8712114588066,0,Storage Growth,0.99,Storage Growth
2025-12-21 23:20:53,478.4101878436145,0,Database Load,1.0,Database Load
2025-12-22 00:20:53,350.33189235914614,0,Normal,1.0,Normal
2025-12-22 01:20:53,318.1057859966346,0,Normal,1.0,Normal
2025-12-22 02:20:53,427.7809353101162,0,Normal,1.0,Normal
2025-12-22 03:20:53,344.71234615874926,0,Normal,1.0,Normal
2025-12-22 04:20:53,432.30008884021714,0,Normal,0.99,Normal
2025-12-22 05:20:53,308.046177448836,0,Idle Resources,0.99,Idle Resources
2025-12-22 06:20:53,381.574220697013,0,Storage Growth,1.0,Storage Growth
2025-12-22 07:20:53,341.5321319450263,0,Normal,0.99,Normal
2025-12-22 08:20:53,493.627186972901,0,Backup/Snapshot Growth,0.99,Backup/Snapshot Growth
2025-12-22 09:20:53,389.1817559699356,0,Normal,1.0,Normal
2025-12-22 10:20:53,238.87579341741792,0,Normal,1.0,Normal
2025-12-22 11:20:53,490.5855095460647,0,Database Load,0.99,Database Load
2025-12-22 12:20:53,343.08002793923754,0,Normal,1.0,Normal
2025-12-22 13:20:53,484.6175937436352,0,Backup/Snapshot Growth,0.94,Backup/Snapshot Growth
2025-12-22 14:20:53,353.9663819029456,0,Normal,1.0,Normal
2025-12-22 15:20:53,556.4967854468844,0,Database Load,1.0,Database Load
2025-12-22 16:20:53,249.6017539385505,0,Normal,1.0,Normal
2025-12-22 17:20:53,409.8390734694844,0,Database Load,0.99,Database Load
2025-12-22 18:20:53,297.8776030782903,0,Normal,1.0,Normal
2025-12-22 19:20:53,386.9630074832356,0,Storage Growth,1.0,Storage Growth
2025-12-22 20:20:53,343.6932941615908,0,Normal,1.0,Normal
2025-12-22 21:20:53,544.4623831958688,0,Database Load,1.0,Database Load
2025-12-22 22:20:53,393.8843143248456,0,Network Traffic,1.0,Network Traffic
2025-12-22 23:20:53,312.33349190836066,0,Normal,1.0,Normal
2025-12-23 00:20:53,278.65599101708585,0,Normal,1.0,Normal
2025-12-23 01:20:53,477.1336227211565,0,Backup/Snapshot Growth,1.0,Backup/Snapshot Growth
2025-12-23 02:20:53,370.6533163678083,0,Normal,1.0,Normal
2025-12-23 03:20:53,392.1032314667725,0,Normal,1.0,Normal
2025-12-23 04:20:53,516.0823108791282,0,Backup/Snapshot Growth,0.97,Backup/Snapshot Growth
2025-12-23 05:20:53,470.3041001544756,0,Backup/Snapshot Growth,1.0,Backup/Snapshot Growth
2025-12-23 06:20:53,291.32477051600847,0,Auto Scaling,1.0,Auto Scaling
2025-12-23 07:20:53,378.9325028170213,0,Normal,1.0,Normal
2025-12-23 08:20:53,564.8501033275077,0,Database Load,1.0,Database Load
2025-12-23 09:20:53,381.0365901124801,0,Network Traffic,1.0,Network Traffic
2025-12-23 10:20:53,454.0833502967577,0,Database Load,1.0,Database Load
2025-12-23 11:20:53,312.5047594785148,0,Normal,1.0,Normal
2025-12-23 12:20:53,434.9866857553597,0,Auto Scaling,1.0,Auto Scaling
2025-12-23 13:20:53,400.45712232276816,0,Idle Resources,1.0,Idle Resources
2025-12-23 14:20:53,663.6464957371597,1,Database Load,1.0,Database Load
2025-12-23 15:20:53,400.6263727661803,0,Normal,0.99,Normal
2025-12-23 16:20:53,613.7897404085682,0,Database Load,1.0,Database Load
2025-12-23 17:20:53,293.7200848524703,0,Normal,1.0,Normal
2025-12-23 18:20:53,489.370534725818,0,Database Load,1.0,Database Load
2025-12-23 19:20:53,461.40321753094776,0,Network Traffic,1.0,Network Traffic
2025-12-23 20:20:53,329.45979795732666,0,Normal,1.0,Normal
2025-12-23 21:20:53,321.2618227034185,0,Normal,1.0,Normal
2025-12-23 22:20:53,335.98492384249016,0,Auto Scaling,1.0,Auto Scaling
2025-12-23 23:20:53,336.3915791526832,0,Normal,1.0,Normal
2025-12-24 00:20:53,461.7650972232183,0,Idle Resources,1.0,Idle Resources
2025-12-24 01:20:53,434.6748897551786,0,Normal,1.0,Normal
2025-12-24 02:20:53,372.9172700385273,0,Auto Scaling,1.0,Auto Scaling
2025-12-24 03:20:53,335.79601750892675,0,Idle Resources,1.0,Idle Resources
2025-12-24 04:20:53,456.4856835304744,0,Auto Scaling,1.0,Auto Scaling
2025-12-24 05:20:53,424.7325627921422,0,Idle Resources,1.0,Idle Resources
2025-12-24 06:20:53,474.06154567822887,1,Idle Resources,1.0,Idle Resources
2025-12-24 07:20:53,448.4221915359315,0,Idle Resources,1.0,Idle Resources
2025-12-24 08:20:53,385.3723780667501,0,Network Traffic,1.0,Network Traffic
2025-12-24 09:20:53,396.115992430878,0,Idle Resources,1.0,Idle Resources
2025-12-24 10:20:53,385.2602843187153,0,Normal,0.99,Normal
2025-12-24 11:20:53,334.0477277347363,0,Normal,1.0,Normal
2025-12-24 12:20:53,322.7069003645224,0,Normal,1.0,Normal
2025-12-24 13:20:53,226.5097810333093,0,Normal,0.98,Normal
2025-12-24 14:20:53,356.1290865458412,0,Normal,1.0,Normal
2025-12-24 15:20:53,330.01604146106496,0,Normal,1.0,Normal
2025-12-24 16:20:53,272.7988836576823,0,Normal,1.0,Normal
2025-12-24 17:20:53,344.0651265267237,0,Normal,1.0,Normal
2025-12-24 18:20:53,594.0348865340573,1,Backup/Snapshot Growth,1.0,Backup/Snapshot Growth
2025-12-24 19:20:53,357.83644597039955,0,Normal,0.99,Normal
2025-12-24 20:20:53,390.900930527755,0,Normal,0.99,Normal
2025-12-24 21:20:53,317.831665770902,0,Normal,1.0,Normal
2025-12-24 22:20:53,415.48705788323207,0,Idle Resources,0.92,Idle Resources
2025-12-24 23:20:53,371.8685097544875,0,Normal,1.0,Normal
2025-12-25 00:20:53,470.8710310924076,0,Database Load,1.0,Database Load
2025-12-25 01:20:53,355.71906669793884,0,Normal,1.0,Normal
2025-12-25 02:20:53,329.05877360670775,0,Normal,1.0,Normal
2025-12-25 03:20:53,315.5669186037907,0,Normal,1.0,Normal
2025-12-25 04:20:53,495.4932306817628,0,Database Load,1.0,Database Load
2025-12-25 05:20:53,391.7625905459173,0,Network Traffic,1.0,Network Traffic
2025-12-25 06:20:53,291.212264393155,0,Network Traffic,1.0,Network Traffic
2025-12-25 07:20:53,525.5565137957469,0,Network Traffic,0.99,Network Traffic
2025-12-25 08:20:53,463.64752507057256,0,Idle Resources,1.0,Idle Resources
2025-12-25 09:20:53,370.2723109689025,0,Normal,1.0,Normal
2025-12-25 10:20:53,359.99504331584285,0,Normal,1.0,Normal
2025-12-25 11:20:53,446.7689543087226,0,Auto Scaling,1.0,Auto Scaling
2025-12-25 12:20:53,387.23327172271934,0,Auto Scaling,1.0,Auto Scaling
2025-12-25 13:20:53,374.43804441891535,0,Idle Resources,1.0,Idle Resources
2025-12-25 14:20:53,436.3060767569084,0,Storage Growth,1.0,Storage Growth
2025-12-25 15:20:53,397.2454868683736,0,Database Load,0.96,Database Load
2025-12-25 16:20:53,631.7457770332729,1,Backup/Snapshot Growth,1.0,Backup/Snapshot Growth
2025-12-25 17:20:53,370.62594166840574,0,Normal,1.0,Normal
2025-12-25 18:20:53,349.86993693112595,0,Normal,1.0,Normal
2025-12-25 19:20:53,468.8233296759251,0,Idle Resources,1.0,Idle Resources
2025-12-25 20:20:53,263.39273939324414,0,Normal,1.0,Normal
2025-12-25 21:20:53,258.88674273459486,0,Normal,1.0,Normal
2025-12-25 22:20:53,411.15696477819904,0,Network Traffic,1.0,Network Traffic
2025-12-25 23:20:53,330.35186613745964,0,Normal,1.0,Normal
2025-12-26 00:20:53,228.302567276026,0,Normal,1.0,Normal
2025-12-26 01:20:53,428.72047484080855,0,Auto Scaling,0.98,Auto Scaling
2025-12-26 02:20:53,279.96581670873223,0,Network Traffic,1.0,Network Traffic
2025-12-26 03:20:53,520.3793033794428,0,Auto Scaling,0.99,Auto Scaling
2025-12-26 04:20:53,317.37727761217167,0,Network Traffic,1.0,Network Traffic
2025-12-26 05:20:53,300.4282763096529,0,Normal,0.98,Normal
2025-12-26 06:20:53,359.9718825564328,0,Idle Resources,0.86,Idle Resources
2025-12-26 07:20:53,463.06710862561727,0,Idle Resources,1.0,Idle Resources
2025-12-26 08:20:53,417.89811695007865,0,Auto Scaling,0.99,Auto Scaling
2025-12-26 09:20:53,414.7513958011225,0,Normal,1.0,Normal
2025-12-26 10:20:53,430.7036258207009,0,Normal,0.99,Normal
2025-12-26 11:20:53,418.73409042123086,1,Idle Resources,1.0,Idle Resources
2025-12-26 12:20:53,405.9426632544887,0,Idle Resources,1.0,Idle Resources
2025-12-26 13:20:53,579.9533623737685,1,Backup/Snapshot Growth,0.99,Backup/Snapshot Growth
2025-12-26 14:20:53,285.716353734678,0,Normal,1.0,Normal
2025-12-26 15:20:53,368.3657976005464,0,Normal,1.0,Normal
2025-12-26 16:20:53,301.074240315466,0,Normal,1.0,Normal
2025-12-26 17:20:53,475.1867471134199,0,Database Load,1.0,Database Load
2025-12-26 18:20:53,408.3278421041694,0,Auto Scaling,1.0,Auto Scaling
2025-12-26 19:20:53,400.9475889187103,0,Normal,0.99,Normal
2025-12-26 20:20:53,458.2120600618817,0,Network Traffic,0.99,Network Traffic
2025-12-26 21:20:53,292.1945460786308,0,Normal,1.0,Normal
2025-12-26 22:20:53,340.9875970690756,0,Normal,1.0,Normal
2025-12-26 23:20:53,365.2182704544484,0,Database Load,1.0,Database Load
2025-12-27 00:20:53,318.9673525310069,0,Auto Scaling,1.0,Auto Scaling
2025-12-27 01:20:53,419.8059390120824,0,Idle Resources,1.0,Idle Resources
2025-12-27 02:20:53,314.6869237267359,0,Auto Scaling,1.0,Auto Scaling
2025-12-27 03:20:53,455.94567402204495,0,Idle Resources,1.0,Idle Resources
2025-12-27 04:20:53,255.81810917438008,0,Normal,1.0,Normal
2025-12-27 05:20:53,250.28545765571965,0,Normal,1.0,Normal
2025-12-27 06:20:53,348.37247268964853,0,Storage Growth,1.0,Storage Growth
2025-12-27 07:20:53,421.458404743176,0,Idle Resources,1.0,Idle Resources
2025-12-27 08:20:53,363.8865813038544,0,Normal,0.92,Normal
2025-12-27 09:20:53,432.64512280303177,0,Normal,0.99,Normal
2025-12-27 10:20:53,347.856590595069,0,Normal,1.0,Normal
2025-12-27 11:20:53,306.3500650924366,0,Normal,1.0,Normal
2025-12-27 12:20:53,447.0885010202543,0,Idle Resources,1.0,Idle Resources
2025-12-27 13:20:53,332.9266454431598,0,Auto Scaling,1.0,Auto Scaling
2025-12-27 14:20:53,348.2830844321242,0,Idle Resources,1.0,Idle Resources
2025-12-27 15:20:53,357.8286789325575,0,Normal,1.0,Normal
2025-12-27 16:20:53,548.5639886665161,0,Database Load,1.0,Database Load
2025-12-27 17:20:53,402.84778135490114,0,Network Traffic,1.0,Network Traffic
2025-12-27 18:20:53,292.912662683741,0,Normal,0.95,Normal
2025-12-27 19:20:53,371.4476539163341,0,Normal,1.0,Normal
2025-12-27 20:20:53,412.13284040408223,0,Auto Scaling,1.0,Auto Scaling
2025-12-27 21:20:53,309.0294128774311,0,Normal,0.99,Normal
2025-12-27 22:20:53,294.993399931348,0,Normal,0.99,Normal
2025-12-27 23:20:53,389.5903699812322,0,Idle Resources,1.0,Idle Resources
2025-12-28 00:20:53,299.1823923410819,0,Auto Scaling,1.0,Auto Scaling
2025-12-28 01:20:53,444.3546307478656,0,Normal,1.0,Normal
2025-12-28 02:20:53,397.98865763728406,0,Network Traffic,0.98,Network Traffic
2025-12-28 03:20:53,282.879318593636,0,Normal,1.0,Normal
2025-12-28 04:20:53,265.7255729090415,0,Normal,1.0,Normal
2025-12-28 05:20:53,392.82759383459216,0,Auto Scaling,1.0,Auto Scaling
2025-12-28 06:20:53,378.1706010714464,0,Normal,1.0,Normal
2025-12-28 07:20:53,341.4922574371216,0,Normal,1.0,Normal
2025-12-28 08:20:53,502.72150040949,0,Idle Resources,0.92,Idle Resources
2025-12-28 09:20:53,494.64367676382415,0,Idle Resources,1.0,Idle Resources
2025-12-28 10:20:53,328.1838713751209,0,Normal,1.0,Normal
2025-12-28 11:20:53,321.5619374533918,0,Network Traffic,1.0,Network Traffic
2025-12-28 12:20:53,339.51049866210155,0,Normal,1.0,Normal
2025-12-28 13:20:53,319.25754300673526,0,Normal,1.0,Normal
2025-12-28 14:20:53,414.5872023849958,0,Auto Scaling,1.0,Auto Scaling
2025-12-28 15:20:53,449.7517529330731,0,Auto Scaling,1.0,Auto Scaling
2025-12-28 16:20:53,459.391610787723,0,Normal,0.96,Normal
2025-12-28 17:20:53,357.04188565301376,0,Network Traffic,1.0,Network Traffic
2025-12-28 18:20:53,657.3699493927137,1,Database Load,1.0,Database Load
2025-12-28 19:20:53,332.4563732714101,0,Idle Resources,0.99,Idle Resources
2025-12-28 20:20:53,269.1320496374211,0,Idle Resources,0.9,Idle Resources
2025-12-28 21:20:53,422.8025807500981,0,Network Traffic,1.0,Network Traffic
2025-12-28 22:20:53,389.7152505048677,0,Normal,1.0,Normal
2025-12-28 23:20:53,351.3125126321704,0,Network Traffic,1.0,Network Traffic
2025-12-29 00:20:53,346.8303691212223,0,Network Traffic,1.0,Network Traffic
2025-12-29 01:20:53,366.338718695493,0,Normal,1.0,Normal
2025-12-29 02:20:53,402.7447486489442,0,Normal,0.99,Normal
2025-12-29 03:20:53,377.8007405623844,0,Normal,0.99,Normal
2025-12-29 04:20:53,311.6326237704153,0,Normal,1.0,Normal
2025-12-29 05:20:53,361.59475440243176,0,Normal,1.0,Normal
2025-12-29 06:20:53,330.66611246689496,0,Normal,0.98,Normal
2025-12-29 07:20:53,489.7647674125856,0,Backup/Snapshot Growth,1.0,Backup/Snapshot Growth
2025-12-29 08:20:53,451.5237296120752,0,Idle Resources,1.0,Idle Resources
2025-12-29 09:20:53,387.0060574381049,0,Normal,1.0,Normal
2025-12-29 10:20:53,382.7220961771248,0,Normal,1.0,Normal
2025-12-29 11:20:53,397.78677648528094,0,Normal,0.97,Normal
2025-12-29 12:20:53,350.9698954617769,0,Normal,1.0,Normal
2025-12-29 13:20:53,370.7628763350817,0,Normal,1.0,Normal
2025-12-29 14:20:53,366.8070499660705,0,Auto Scaling,1.0,Auto Scaling
2025-12-29 15:20:53,495.4188677790693,0,Database Load,1.0,Database Load
2025-12-29 16:20:53,384.908438283116,0,Idle Resources,1.0,Idle Resources
2025-12-29 17:20:53,307.6671866045816,0,Normal,1.0,Normal
2025-12-29 18:20:53,294.8852004827677,0,Network Traffic,1.0,Network Traffic
2025-12-29 19:20:53,505.236443068984,0,Backup/Snapshot Growth,0.99,Backup/Snapshot Growth
2025-12-29 20:20:53,237.9772174140877,0,Normal,1.0,Normal
2025-12-29 21:20:53,402.834018037571,0,Normal,1.0,Normal
2025-12-29 22:20:53,645.0349703204511,1,Backup/Snapshot Growth,1.0,Backup/Snapshot Growth
2025-12-29 23:20:53,449.33274885540993,0,Backup/Snapshot Growth,1.0,Backup/Snapshot Growth
2025-12-30 00:20:53,399.6454372495905,0,Idle Resources,1.0,Idle Resources
2025-12-30 01:20:53,311.34116843372976,0,Normal,1.0,Normal
2025-12-30 02:20:53,373.59805883277227,0,Normal,0.99,Normal
2025-12-30 03:20:53,556.4078960243553,1,Database Load,1.0,Database Load
2025-12-30 04:20:53,219.8638342571693,0,Normal,1.0,Normal
2025-12-30 05:20:53,345.2131766110067,0,Normal,1.0,Normal
2025-12-30 06:20:53,472.940740994412,0,Database Load,0.99,Database Load
2025-12-30 07:20:53,325.48052284453007,0,Normal,1.0,Normal
2025-12-30 08:20:53,291.57184369908464,1,Auto Scaling,1.0,Auto Scaling
2025-12-30 09:20:53,361.150199137548,0,Normal,0.98,Normal
2025-12-30 10:20:53,258.2069513127698,0,Normal,1.0,Normal
2025-12-30 11:20:53,410.44420874319314,0,Auto Scaling,1.0,Auto Scaling
2025-12-30 12:20:53,543.9786471399012,0,Backup/Snapshot Growth,1.0,Backup/Snapshot Growth
2025-12-30 13:20:53,435.3100834341246,0,Normal,1.0,Normal
2025-12-30 14:20:53,342.96430745522576,0,Normal,0.96,Normal
2025-12-30 15:20:53,424.5503719505072,0,Normal,1.0,Normal
2025-12-30 16:20:53,267.66923637811124,0,Normal,1.0,Normal
2025-12-30 17:20:53,427.5042995904454,0,Idle Resources,0.99,Idle Resources
2025-12-30 18:20:53,368.4027133218987,0,Network Traffic,1.0,Network Traffic
2025-12-30 19:20:53,341.9188117482329,0,Normal,1.0,Normal
2025-12-30 20:20:53,338.19881321565794,0,Normal,0.96,Normal
2025-12-30 21:20:53,615.8389918534799,0,Database Load,1.0,Database Load
2025-12-30 22:20:53,375.73437290772176,0,Network Traffic,1.0,Network Traffic
2025-12-30 23:20:53,331.6471250177351,0,Network Traffic,1.0,Network Traffic
2025-12-31 00:20:53,338.1836008430125,0,Idle Resources,1.0,Idle Resources
2025-12-31 01:20:53,404.2587471358834,0,Idle Resources,0.99,Idle Resources
2025-12-31 02:20:53,515.5891978969147,0,Database Load,1.0,Database Load
2025-12-31 03:20:53,402.86972255531,0,Normal,1.0,Normal
2025-12-31 04:20:53,543.2306739103524,0,Database Load,1.0,Database Load
2025-12-31 05:20:53,365.9924295813561,0,Auto Scaling,1.0,Auto Scaling
2025-12-31 06:20:53,408.19361024107496,0,Normal,1.0,Normal
2025-12-31 07:20:53,522.936048259021,0,Backup/Snapshot Growth,1.0,Backup/Snapshot Growth
2025-12-31 08:20:53,347.1109731670298,0,Normal,1.0,Normal
2025-12-31 09:20:53,393.1019770561329,0,Normal,1.0,Normal
2025-12-31 10:20:53,476.40078348878257,1,Idle Resources,1.0,Idle Resources
2025-12-31 11:20:53,444.57037905073423,0,Normal,0.99,Normal
2025-12-31 12:20:53,439.4077543341418,0,Normal,0.99,Normal
2025-12-31 13:20:53,315.36387409393643,0,Network Traffic,1.0,Network Traffic
2025-12-31 14:20:53,263.3162806392488,0,Normal,1.0,Normal
2025-12-31 15:20:53,320.4180815475573,0,Normal,1.0,Normal
2025-12-31 16:20:53,390.423190892669,0,Network Traffic,1.0,Network Traffic
2025-12-31 17:20:53,363.66537751638543,0,Normal,1.0,Normal
2025-12-31 18:20:53,365.0833363310529,0,Network Traffic,1.0,Network Traffic
2025-12-31 19:20:53,485.6790027456281,0,Auto Scaling,1.0,Auto Scaling
2025-12-31 20:20:53,330.6616228564854,0,Idle Resources,1.0,Idle Resources
2025-12-31 21:20:53,321.9799008709631,0,Normal,1.0,Normal
2025-12-31 22:20:53,354.194704576778,0,Normal,1.0,Normal
2025-12-31 23:20:53,307.8573584072379,0,Normal,1.0,Normal
2026-01-01 00:20:53,610.0102741744768,1,Backup/Snapshot Growth,1.0,Backup/Snapshot Growth
2026-01-01 01:20:53,339.6892636449681,0,Network Traffic,1.0,Network Traffic
2026-01-01 02:20:53,428.3034010285128,0,Network Traffic,1.0,Network Traffic
2026-01-01 03:20:53,445.0652338086032,0,Idle Resources,1.0,Idle Resources
2026-01-01 04:20:53,223.99483224022947,0,Normal,1.0,Normal
2026-01-01 05:20:53,534.0613613499676,1,Idle Resources,1.0,Idle Resources
2026-01-01 06:20:53,373.1895939500428,0,Database Load,0.99,Database Load
2026-01-01 07:20:53,562.0847032952757,0,Database Load,1.0,Database Load
2026-01-01 08:20:53,337.56946505065184,0,Normal,1.0,Normal
2026-01-01 09:20:53,390.40192673170304,0,Storage Growth,1.0,Storage Growth
2026-01-01 10:20:53,356.96650931005496,0,Auto Scaling,1.0,Auto Scaling
2026-01-01 11:20:53,326.30191635072686,0,Normal,1.0,Normal
2026-01-01 12:20:53,296.1796749854404,0,Normal,1.0,Normal
2026-01-01 13:20:53,365.0133837731847,0,Normal,1.0,Normal
2026-01-01 14:20:53,433.5758726385001,0,Storage Growth,1.0,Storage Growth
2026-01-01 15:20:53,355.35934559281725,0,Normal,0.99,Normal
2026-01-01 16:20:53,507.2517110609888,0,Database Load,1.0,Database Load
2026-01-01 17:20:53,525.5929144521992,0,Backup/Snapshot Growth,1.0,Backup/Snapshot Growth
2026-01-01 18:20:53,300.4784215420583,0,Normal,1.0,Normal
2026-01-01 19:20:53,342.9139348501727,0,Normal,1.0,Normal
2026-01-01 20:20:53,335.6054692086695,0,Normal,1.0,Normal
2026-01-01 21:20:53,340.80855800678563,0,Idle Resources,0.99,Idle Resources
2026-01-01 22:20:53,391.61526629602014,0,Auto Scaling,1.0,Auto Scaling
2026-01-01 23:20:53,410.71330276992313,0,Normal,1.0,Normal
2026-01-02 00:20:53,342.2579110459115,0,Normal,1.0,Normal
2026-01-02 01:20:53,425.1462472263253,0,Idle Resources,1.0,Idle Resources
2026-01-02 02:20:53,394.2886655061732,0,Network Traffic,1.0,Network Traffic
2026-01-02 03:20:53,439.3312889958812,0,Idle Resources,1.0,Idle Resources
2026-01-02 04:20:53,487.0895937189353,0,Idle Resources,1.0,Idle Resources
2026-01-02 05:20:53,343.3513404754577,0,Normal,1.0,Normal
2026-01-02 06:20:53,350.6751726661551,0,Normal,1.0,Normal
2026-01-02 07:20:53,357.303779740372,0,Normal,1.0,Normal
2026-01-02 08:20:53,506.64100916311634,0,Database Load,1.0,Database Load
2026-01-02 09:20:53,274.2969882486699,0,Normal,1.0,Normal
2026-01-02 10:20:53,484.49766357819726,0,Backup/Snapshot Growth,0.98,Backup/Snapshot Growth
2026-01-02 11:20:53,412.9153674972192,0,Idle Resources,1.0,Idle Resources
2026-01-02 12:20:53,363.7704726936826,0,Normal,1.0,Normal
2026-01-02 13:20:53,341.044038763798,0,Normal,1.0,Normal
2026-01-02 14:20:53,360.9418431377213,0,Normal,1.0,Normal
2026-01-02 15:20:53,454.96619771268274,0,Storage Growth,0.97,Storage Growth
2026-01-02 16:20:53,359.1640299232281,0,Normal,1.0,Normal
2026-01-02 17:20:53,435.84729816371447,0,Normal,1.0,Normal
2026-01-02 18:20:53,378.76129172237177,0,Normal,0.99,Normal
2026-01-02 19:20:53,363.45152580401145,0,Network Traffic,1.0,Network Traffic
2026-01-02 20:20:53,293.3527966251128,0,Normal,1.0,Normal
2026-01-02 21:20:53,407.2890687826791,0,Network Traffic,1.0,Network Traffic
2026-01-02 22:20:53,426.9250602756479,1,Network Traffic,1.0,Network Traffic
2026-01-02 23:20:53,550.5329874756831,0,Database Load,1.0,Database Load
2026-01-03 00:20:53,429.5673872176067,0,Normal,1.0,Normal
2026-01-03 01:20:53,262.33746940783067,0,Normal,1.0,Normal
2026-01-03 02:20:53,327.6637046572417,0,Normal,1.0,Normal
2026-01-03 03:20:53,388.29607227918433,0,Network Traffic,1.0,Network Traffic
2026-01-03 04:20:53,418.7122490156633,0,Auto Scaling,1.0,Auto Scaling
2026-01-03 05:20:53,259.41089922394235,0,Normal,1.0,Normal
2026-01-03 06:20:53,361.6416996297899,0,Storage Growth,0.99,Storage Growth
2026-01-03 07:20:53,450.6626542896857,0,Storage Growth,0.93,Storage Growth
2026-01-03 08:20:53,298.32782621886224,0,Normal,1.0,Normal
2026-01-03 09:20:53,336.46845622214244,0,Normal,1.0,Normal
2026-01-03 10:20:53,299.28278959915565,0,Network Traffic,1.0,Network Traffic
2026-01-03 11:20:53,298.70403617345204,0,Normal,1.0,Normal
2026-01-03 12:20:53,443.6616557400887,0,Idle Resources,1.0,Idle Resources
2026-01-03 13:20:53,261.3225280840766,0,Normal,1.0,Normal
2026-01-03 14:20:53,380.3202666383331,0,Network Traffic,1.0,Network Traffic
2026-01-03 15:20:53,330.4741707447739,0,Normal,1.0,Normal
2026-01-03 16:20:53,349.76104948583503,0,Storage Growth,1.0,Storage Growth
2026-01-03 17:20:53,377.83100566642656,0,Normal,1.0,Normal
2026-01-03 18:20:53,571.0450946954952,0,Backup/Snapshot Growth,1.0,Backup/Snapshot Growth
2026-01-03 19:20:53,291.2490711719226,0,Normal,1.0,Normal
2026-01-03 20:20:53,582.2088287655473,1,Backup/Snapshot Growth,1.0,Backup/Snapshot Growth
2026-01-03 21:20:53,296.70575450179547,0,Normal,1.0,Normal
2026-01-03 22:20:53,330.17138451582844,0,Network Traffic,1.0,Network Traffic
2026-01-03 23:20:53,318.1316773355724,0,Normal,1.0,Normal
2026-01-04 00:20:53,449.4773777555639,0,Idle Resources,1.0,Idle Resources
2026-01-04 01:20:53,370.2723344311189,0,Auto Scaling,1.0,Auto Scaling
2026-01-04 02:20:53,316.84854934388574,0,Normal,1.0,Normal
2026-01-04 03:20:53,307.9295709716796,0,Auto Scaling,1.0,Auto Scaling
2026-01-04 04:20:53,367.1503136388285,0,Normal,1.0,Normal
2026-01-04 05:20:53,384.2346911020014,0,Normal,1.0,Normal
2026-01-04 06:20:53,367.43586819385007,0,Idle Resources,1.0,Idle Resources
2026-01-04 07:20:53,357.85962460745856,0,Normal,0.98,Normal
2026-01-04 08:20:53,362.0093106904735,0,Normal,1.0,Normal
2026-01-04 09:20:53,431.3980005222254,0,Storage Growth,0.98,Storage Growth
2026-01-04 10:20:53,356.1257305137868,0,Network Traffic,1.0,Network Traffic
2026-01-04 11:20:53,376.4385598777745,0,Normal,1.0,Normal
2026-01-04 12:20:53,297.2070460078427,0,Auto Scaling,1.0,Auto Scaling
2026-01-04 13:20:53,429.61729371477225,0,Idle Resources,1.0,Idle Resources
2026-01-04 14:20:53,372.5192897046224,0,Normal,0.99,Normal
2026-01-04 15:20:53,367.2352958500435,0,Normal,1.0,Normal
2026-01-04 16:20:53,352.7956284506205,0,Normal,1.0,Normal
2026-01-04 17:20:53,350.80105958620715,0,Normal,1.0,Normal
2026-01-04 18:20:53,396.4577464168409,0,Network Traffic,1.0,Network Traffic
2026-01-04 19:20:53,326.69663405786565,0,Normal,1.0,Normal
2026-01-04 20:20:53,357.8289626415564,0,Normal,1.0,Normal
2026-01-04 21:20:53,369.90883895776926,0,Normal,1.0,Normal
2026-01-04 22:20:53,432.6526676337384,0,Normal,1.0,Normal
2026-01-04 23:20:53,417.24729163892033,0,Backup/Snapshot Growth,0.98,Backup/Snapshot Growth
2026-01-05 00:20:53,450.3180704994133,0,Idle Resources,1.0,Idle Resources
2026-01-05 01:20:53,392.7298763138508,0,Normal,1.0,Normal
2026-01-05 02:20:53,246.87989310077185,0,Normal,1.0,Normal
2026-01-05 03:20:53,402.2749554912114,0,Normal,1.0,Normal
2026-01-05 04:20:53,364.6495604103045,0,Normal,1.0,Normal
2026-01-05 05:20:53,286.02565590527746,0,Normal,1.0,Normal
2026-01-05 06:20:53,316.6653502865011,0,Normal,1.0,Normal
2026-01-05 07:20:53,320.6340243414934,0,Normal,1.0,Normal
2026-01-05 08:20:53,402.4606993708697,0,Normal,1.0,Normal
2026-01-05 09:20:53,344.9722145217643,0,Normal,0.99,Normal
2026-01-05 10:20:53,237.87677723413395,0,Storage Growth,0.99,Storage Growth
2026-01-05 11:20:53,491.37970135483,0,Backup/Snapshot Growth,0.98,Backup/Snapshot Growth
2026-01-05 12:20:53,431.36550467717,0,Idle Resources,1.0,Idle Resources
2026-01-05 13:20:53,389.817088410166,0,Idle Resources,1.0,Idle Resources
2026-01-05 14:20:53,406.2711878131247,0,Normal,1.0,Normal
2026-01-05 15:20:53,446.2430123996709,0,Idle Resources,1.0,Idle Resources
2026-01-05 16:20:53,288.12087739441216,0,Normal,1.0,Normal
2026-01-05 17:20:53,382.02208828555456,0,Normal,1.0,Normal
2026-01-05 18:20:53,361.71741567163184,0,Idle Resources,1.0,Idle Resources
2026-01-05 19:20:53,341.084689065319,0,Network Traffic,1.0,Network Traffic
2026-01-05 20:20:53,305.4469725928509,0,Normal,1.0,Normal
2026-01-05 21:20:53,361.44484548560297,0,Auto Scaling,0.96,Auto Scaling
2026-01-05 22:20:53,433.64831919975495,0,Auto Scaling,1.0,Auto Scaling
2026-01-05 23:20:53,326.520825105394,0,Normal,1.0,Normal
2026-01-06 00:20:53,521.7252341886445,0,Database Load,1.0,Database Load
2026-01-06 01:20:53,317.2785305197301,0,Normal,1.0,Normal
2026-01-06 02:20:53,395.092908545042,0,Backup/Snapshot Growth,0.99,Backup/Snapshot Growth
2026-01-06 03:20:53,411.2652356977127,0,Database Load,0.94,Database Load
2026-01-06 04:20:53,341.08851150998373,0,Idle Resources,1.0,Idle Resources
2026-01-06 05:20:53,404.5776265927992,0,Normal,1.0,Normal
2026-01-06 06:20:53,300.1084845726575,0,Normal,1.0,Normal
2026-01-06 07:20:53,450.4208486577384,0,Idle Resources,1.0,Idle Resources
2026-01-06 08:20:53,366.0947113603653,0,Normal,1.0,Normal
2026-01-06 09:20:53,332.9079609711289,0,Normal,0.98,Normal
2026-01-06 10:20:53,237.9539198907351,0,Normal,1.0,Normal
2026-01-06 11:20:53,384.6224174724411,0,Database Load,1.0,Database Load
2026-01-06 12:20:53,300.05618585130173,0,Normal,1.0,Normal
2026-01-06 13:20:53,374.3795528915204,1,Auto Scaling,1.0,Auto Scaling
2026-01-06 14:20:53,392.76389440767593,0,Normal,1.0,Normal
2026-01-06 15:20:53,478.8139778165837,0,Idle Resources,1.0,Idle Resources
2026-01-06 16:20:53,586.5633051592584,0,Database Load,1.0,Database Load
2026-01-06 17:20:53,354.8798298725202,0,Normal,1.0,Normal
2026-01-06 18:20:53,363.0872084344386,0,Database Load,0.97,Database Load
2026-01-06 19:20:53,358.92744191525173,0,Normal,1.0,Normal
2026-01-06 20:20:53,260.509210400832,0,Storage Growth,1.0,Storage Growth
2026-01-06 21:20:53,514.2297994279858,0,Database Load,1.0,Database Load
2026-01-06 22:20:53,299.82740535249803,0,Normal,1.0,Normal
2026-01-06 23:20:53,270.6008601878938,0,Normal,1.0,Normal
2026-01-07 00:20:53,336.0560804323071,0,Normal,1.0,Normal
2026-01-07 01:20:53,600.1526611570948,0,Database Load,1.0,Database Load
2026-01-07 02:20:53,334.55699574398386,0,Auto Scaling,1.0,Auto Scaling
2026-01-07 03:20:53,343.6205378979985,0,Storage Growth,0.99,Storage Growth
2026-01-07 04:20:53,267.954096533032,0,Normal,1.0,Normal
2026-01-07 05:20:53,243.04641956010528,0,Normal,1.0,Normal
2026-01-07 06:20:53,228.1500555061312,0,Normal,0.97,Normal
2026-01-07 07:20:53,357.97454236865366,0,Normal,1.0,Normal
2026-01-07 08:20:53,334.90253356456645,0,Idle Resources,1.0,Idle Resources
2026-01-07 09:20:53,462.25683576310007,0,Auto Scaling,0.99,Auto Scaling
2026-01-07 10:20:53,336.90188763404217,0,Normal,1.0,Normal
2026-01-07 11:20:53,406.826630255682,0,Backup/Snapshot Growth,0.99,Backup/Snapshot Growth
2026-01-07 12:20:53,423.0321573568317,0,Normal,0.89,Normal
2026-01-07 13:20:53,342.260858057755,0,Storage Growth,1.0,Storage Growth
2026-01-07 14:20:53,479.7662910312253,1,Backup/Snapshot Growth,1.0,Backup/Snapshot Growth
2026-01-07 15:20:53,353.3846066574783,0,Normal,1.0,Normal
2026-01-07 16:20:53,344.07046653700843,0,Normal,1.0,Normal
2026-01-07 17:20:53,305.8343831363485,0,Normal,1.0,Normal
2026-01-07 18:20:53,456.3551725989315,0,Idle Resources,1.0,Idle Resources
2026-01-07 19:20:53,350.092725163055,0,Normal,1.0,Normal
2026-01-07 20:20:53,372.7985756617588,0,Auto Scaling,1.0,Auto Scaling
2026-01-07 21:20:53,473.7640774089178,0,Idle Resources,0.99,Idle Resources
2026-01-07 22:20:53,331.0057273686322,0,Normal,1.0,Normal
2026-01-07 23:20:53,373.986305715424,0,Normal,0.98,Normal
2026-01-08 00:20:53,331.4846081611387,0,Normal,1.0,Normal
2026-01-08 01:20:53,357.9380347531609,0,Normal,1.0,Normal
2026-01-08 02:20:53,633.0116164509757,0,Database Load,1.0,Database Load
2026-01-08 03:20:53,397.8339348071959,0,Normal,1.0,Normal
2026-01-08 04:20:53,370.09935924153183,0,Normal,1.0,Normal
2026-01-08 05:20:53,245.4913504930885,0,Normal,1.0,Normal
2026-01-08 06:20:53,415.4674333783185,0,Idle Resources,1.0,Idle Resources
2026-01-08 07:20:53,483.8590202033913,1,Idle Resources,1.0,Idle Resources
2026-01-08 08:20:53,349.23200579689734,0,Normal,1.0,Normal
2026-01-08 09:20:53,429.4941873200548,0,Normal,1.0,Normal
2026-01-08 10:20:53,406.9926618851571,0,Normal,1.0,Normal
2026-01-08 11:20:53,310.8328829565649,0,Normal,1.0,Normal
2026-01-08 12:20:53,435.2343064618404,0,Idle Resources,1.0,Idle Resources
2026-01-08 13:20:53,444.9414869862295,0,Network Traffic,1.0,Network Traffic
2026-01-08 14:20:53,432.3800002060017,0,Auto Scaling,1.0,Auto Scaling
2026-01-08 15:20:53,283.5339636103466,0,Normal,1.0,Normal
2026-01-08 16:20:53,281.239380868687,0,Network Traffic,1.0,Network Traffic
2026-01-08 17:20:53,425.3908982910647,0,Idle Resources,1.0,Idle Resources
2026-01-08 18:20:53,325.2753183146703,0,Normal,0.99,Normal
2026-01-08 19:20:53,323.8127435512044,0,Normal,1.0,Normal
2026-01-08 20:20:53,456.0605527367162,0,Network Traffic,0.99,Network Traffic
2026-01-08 21:20:53,334.32265338054003,0,Network Traffic,1.0,Network Traffic
2026-01-08 22:20:53,277.00966068559046,0,Normal,1.0,Normal
2026-01-08 23:20:53,380.8976508615161,0,Normal,1.0,Normal
2026-01-09 00:20:53,420.5785574400402,0,Normal,1.0,Normal
2026-01-09 01:20:53,428.7316546562571,0,Auto Scaling,1.0,Auto Scaling
2026-01-09 02:20:53,290.9114918093405,0,Normal,1.0,Normal
2026-01-09 03:20:53,323.9652083911182,0,Normal,1.0,Normal
2026-01-09 04:20:53,349.25851703329306,0,Normal,1.0,Normal
2026-01-09 05:20:53,362.8425660301685,0,Normal,1.0,Normal
2026-01-09 06:20:53,354.47839883677426,0,Network Traffic,1.0,Network Traffic
2026-01-09 07:20:53,247.7796104693876,0,Normal,1.0,Normal
2026-01-09 08:20:53,387.0355256626214,0,Normal,0.99,Normal
2026-01-09 09:20:53,357.12803139468053,0,Idle Resources,1.0,Idle Resources
2026-01-09 10:20:53,382.36135007076354,0,Normal,1.0,Normal
2026-01-09 11:20:53,375.3995270157933,0,Database Load,0.98,Database Load
2026-01-09 12:20:53,342.23108694178336,0,Normal,1.0,Normal
2026-01-09 13:20:53,485.7197258266572,0,Backup/Snapshot Growth,0.94,Backup/Snapshot Growth
2026-01-09 14:20:53,483.4200113191389,1,Idle Resources,1.0,Idle Resources
2026-01-09 15:20:53,389.57598869428784,0,Auto Scaling,1.0,Auto Scaling
2026-01-09 16:20:53,318.5399035997375,0,Auto Scaling,1.0,Auto Scaling
2026-01-09 17:20:53,466.12593021320833,0,Idle Resources,1.0,Idle Resources
2026-01-09 18:20:53,463.7812548096582,0,Auto Scaling,0.99,Auto Scaling
2026-01-09 19:20:53,298.4873958150147,0,Normal,1.0,Normal
2026-01-09 20:20:53,421.9924110148007,0,Storage Growth,1.0,Storage Growth
2026-01-09 21:20:53,339.2108279245532,0,Normal,1.0,Normal
2026-01-09 22:20:53,464.0134012534048,0,Storage Growth,0.93,Storage Growth
2026-01-09 23:20:53,301.15490870400686,0,Storage Growth,0.98,Storage Growth
2026-01-10 00:20:53,565.7617223882127,0,Database Load,1.0,Database Load
2026-01-10 01:20:53,543.6671556301769,0,Backup/Snapshot Growth,1.0,Backup/Snapshot Growth
2026-01-10 02:20:53,430.2357401374296,0,Idle Resources,1.0,Idle Resources
2026-01-10 03:20:53,364.14945888813554,0,Normal,1.0,Normal
2026-01-10 04:20:53,359.2903908198798,0,Normal,1.0,Normal
2026-01-10 05:20:53,263.24613027234005,0,Normal,1.0,Normal
2026-01-10 06:20:53,458.2777258693018,0,Network Traffic,1.0,Network Traffic
2026-01-10 07:20:53,544.7145352291487,0,Database Load,0.97,Database Load
2026-01-10 08:20:53,534.0031283010658,0,Backup/Snapshot Growth,1.0,Backup/Snapshot Growth
2026-01-10 09:20:53,406.9382059614136,0,Network Traffic,1.0,Network Traffic
2026-01-10 10:20:53,288.9182756322977,0,Normal,1.0,Normal
2026-01-10 11:20:53,384.4189215469405,0,Normal,1.0,Normal
2026-01-10 12:20:53,340.83808493177173,0,Normal,1.0,Normal
2026-01-10 13:20:53,324.3204830256748,0,Normal,1.0,Normal
2026-01-10 14:20:53,330.1638786032272,0,Normal,1.0,Normal
2026-01-10 15:20:53,277.22543491557866,0,Normal,1.0,Normal
2026-01-10 16:20:53,314.8500655798264,0,Normal,1.0,Normal
2026-01-10 17:20:53,363.2575452714188,0,Normal,0.99,Normal
2026-01-10 18:20:53,630.4994828805084,0,Database Load,1.0,Database Load
2026-01-10 19:20:53,358.7437544297186,0,Network Traffic,1.0,Network Traffic
2026-01-10 20:20:53,412.5845676982496,0,Network Traffic,1.0,Network Traffic
2026-01-10 21:20:53,362.0404976417237,0,Storage Growth,0.98,Storage Growth
2026-01-10 22:20:53,550.7178129474872,1,Backup/Snapshot Growth,0.99,Backup/Snapshot Growth
2026-01-10 23:20:53,544.617587796288,1,Idle Resources,1.0,Idle Resources
2026-01-11 00:20:53,425.08312038267,0,Auto Scaling,1.0,Auto Scaling
2026-01-11 01:20:53,466.7985981287346,0,Normal,0.97,Normal
2026-01-11 02:20:53,547.8926645569096,0,Backup/Snapshot Growth,1.0,Backup/Snapshot Growth
2026-01-11 03:20:53,388.70673503110766,0,Normal,1.0,Normal
2026-01-11 04:20:53,313.1597706632653,0,Normal,1.0,Normal
2026-01-11 05:20:53,419.6977322653372,0,Idle Resources,1.0,Idle Resources
2026-01-11 06:20:53,299.6463170815032,0,Network Traffic,1.0,Network Traffic
2026-01-11 07:20:53,380.27463115663727,0,Auto Scaling,1.0,Auto Scaling
2026-01-11 08:20:53,583.9083130904639,1,Backup/Snapshot Growth,1.0,Backup/Snapshot Growth
2026-01-11 09:20:53,431.42032677706806,0,Auto Scaling,1.0,Auto Scaling
2026-01-11 10:20:53,535.5066346575107,0,Backup/Snapshot Growth,1.0,Backup/Snapshot Growth
2026-01-11 11:20:53,326.59895631221855,0,Normal,1.0,Normal
2026-01-11 12:20:53,475.3455063133472,0,Auto Scaling,1.0,Auto Scaling
2026-01-11 13:20:53,307.75428974010623,0,Storage Growth,0.97,Storage Growth
2026-01-11 14:20:53,417.2494935555905,0,Auto Scaling,1.0,Auto Scaling
2026-01-11 15:20:53,461.23881656450646,1,Idle Resources,1.0,Idle Resources
2026-01-11 16:20:53,268.09861800255896,0,Normal,1.0,Normal
2026-01-11 17:20:53,283.2872920512769,0,Normal,1.0,Normal
2026-01-11 18:20:53,330.9329982269442,0,Normal,1.0,Normal
2026-01-11 19:20:53,417.9919660430125,0,Auto Scaling,1.0,Auto Scaling
2026-01-11 20:20:53,250.08947433965488,0,Normal,1.0,Normal
2026-01-11 21:20:53,303.15729477380984,0,Normal,1.0,Normal
2026-01-11 22:20:53,343.3644732146842,0,Network Traffic,1.0,Network Traffic
2026-01-11 23:20:53,622.9955501932088,0,Database Load,1.0,Database Load
2026-01-12 00:20:53,305.2889512907508,0,Normal,1.0,Normal
2026-01-12 01:20:53,360.3264221282111,0,Network Traffic,1.0,Network Traffic
2026-01-12 02:20:53,423.5768414381125,0,Network Traffic,1.0,Network Traffic
2026-01-12 03:20:53,401.3678042085297,0,Database Load,1.0,Database Load
2026-01-12 04:20:53,324.7265265887248,0,Normal,1.0,Normal
2026-01-12 05:20:53,401.151628773946,0,Network Traffic,1.0,Network Traffic
2026-01-12 06:20:53,382.27405197343694,0,Normal,1.0,Normal
2026-01-12 07:20:53,308.36854293144387,0,Normal,1.0,Normal
2026-01-12 08:20:53,326.42701351287576,0,Normal,1.0,Normal
2026-01-12 09:20:53,379.6799618466532,0,Auto Scaling,0.99,Auto Scaling
2026-01-12 10:20:53,297.2529436786705,0,Normal,1.0,Normal
2026-01-12 11:20:53,346.5954399422086,0,Normal,1.0,Normal
2026-01-12 12:20:53,565.3863530679396,0,Database Load,1.0,Database Load
2026-01-12 13:20:53,306.43312557518647,0,Normal,1.0,Normal
2026-01-12 14:20:53,288.9672171814513,0,Normal,1.0,Normal
2026-01-12 15:20:53,351.61685247636854,0,Idle Resources,1.0,Idle Resources
2026-01-12 16:20:53,366.1528154127526,0,Normal,1.0,Normal
2026-01-12 17:20:53,474.9671539112055,0,Normal,0.85,Normal
2026-01-12 18:20:53,275.1668578384089,0,Normal,1.0,Normal
2026-01-12 19:20:53,310.3502949195181,0,Network Traffic,1.0,Network Traffic
2026-01-12 20:20:53,426.9149999202938,0,Auto Scaling,1.0,Auto Scaling
2026-01-12 21:20:53,409.36915688442514,0,Network Traffic,1.0,Network Traffic
2026-01-12 22:20:53,357.5923966023047,0,Normal,1.0,Normal
2026-01-12 23:20:53,341.8675409388355,0,Normal,0.99,Normal
2026-01-13 00:20:53,422.857822716544,0,Network Traffic,1.0,Network Traffic
2026-01-13 01:20:53,539.6881671884869,0,Backup/Snapshot Growth,1.0,Backup/Snapshot Growth
2026-01-13 02:20:53,391.09457644938425,0,Idle Resources,1.0,Idle Resources
2026-01-13 03:20:53,279.23883211471514,0,Normal,1.0,Normal
2026-01-13 04:20:53,322.5138164435268,0,Idle Resources,1.0,Idle Resources
2026-01-13 05:20:53,378.4828238341384,0,Database Load,0.68,Database Load
2026-01-13 06:20:53,283.7676022051612,0,Normal,1.0,Normal
2026-01-13 07:20:53,399.5742814817309,0,Normal,1.0,Normal
2026-01-13 08:20:53,179.9472222572552,0,Normal,1.0,Normal
2026-01-13 09:20:53,411.9692075527759,0,Network Traffic,0.99,Network Traffic
2026-01-13 10:20:53,481.222987705912,0,Idle Resources,0.99,Idle Resources
2026-01-13 11:20:53,560.5490029944323,1,Backup/Snapshot Growth,1.0,Backup/Snapshot Growth
2026-01-13 12:20:53,400.6532832571457,0,Auto Scaling,1.0,Auto Scaling
2026-01-13 13:20:53,409.86111325925634,0,Auto Scaling,1.0,Auto Scaling
2026-01-13 14:20:53,366.2736734426551,0,Normal,1.0,Normal
2026-01-13 15:20:53,342.0451129667579,0,Normal,0.97,Normal
2026-01-13 16:20:53,231.14677178065284,0,Normal,1.0,Normal
2026-01-13 17:20:53,271.40215883572336,0,Normal,1.0,Normal
2026-01-13 18:20:53,636.8771584170402,1,Database Load,1.0,Database Load
2026-01-13 19:20:53,432.58181867300607,0,Idle Resources,1.0,Idle Resources
2026-01-13 20:20:53,283.68821436279194,0,Normal,1.0,Normal
2026-01-13 21:20:53,330.1807600554941,0,Normal,1.0,Normal
2026-01-13 22:20:53,363.50096008126775,0,Normal,1.0,Normal
2026-01-13 23:20:53,344.6203220987024,0,Normal,1.0,Normal
2026-01-14 00:20:53,375.2796460851112,0,Idle Resources,1.0,Idle Resources
2026-01-14 01:20:53,367.4936049446998,0,Normal,1.0,Normal
2026-01-14 02:20:53,581.9568011750295,0,Backup/Snapshot Growth,1.0,Backup/Snapshot Growth
2026-01-14 03:20:53,376.71324813057896,0,Network Traffic,0.99,Network Traffic
2026-01-14 04:20:53,298.5587814668643,0,Normal,1.0,Normal
2026-01-14 05:20:53,209.29739859136748,0,Normal,1.0,Normal
2026-01-14 06:20:53,261.83554616115794,0,Normal,1.0,Normal
2026-01-14 07:20:53,473.1240407471579,0,Auto Scaling,0.99,Auto Scaling
2026-01-14 08:20:53,325.5435775921723,0,Normal,1.0,Normal
2026-01-14 09:20:53,311.26801683581465,0,Normal,1.0,Normal
2026-01-14 10:20:53,402.8628379975633,0,Auto Scaling,1.0,Auto Scaling
2026-01-14 11:20:53,359.0779974396643,0,Normal,1.0,Normal
2026-01-14 12:20:53,288.4242708988911,0,Normal,1.0,Normal
2026-01-14 13:20:53,234.9768305126065,0,Storage Growth,0.99,Storage Growth
2026-01-14 14:20:53,343.84356431221465,0,Normal,1.0,Normal
2026-01-14 15:20:53,434.8898979361904,0,Normal,1.0,Normal
2026-01-14 16:20:53,372.06518155410777,0,Normal,0.99,Normal
2026-01-14 17:20:53,339.8227389949741,0,Normal,1.0,Normal
2026-01-14 18:20:53,401.2490389208453,0,Database Load,1.0,Database Load
2026-01-14 19:20:53,356.0153929526612,0,Network Traffic,1.0,Network Traffic
2026-01-14 20:20:53,459.0906670330676,0,Backup/Snapshot Growth,0.99,Backup/Snapshot Growth
2026-01-14 21:20:53,395.4179437426519,0,Idle Resources,0.98,Idle Resources
2026-01-14 22:20:53,400.922756082648,0,Auto Scaling,1.0,Auto Scaling
2026-01-14 23:20:53,355.6451366596089,0,Storage Growth,1.0,Storage Growth
2026-01-15 00:20:53,416.9980067327372,0,Network Traffic,1.0,Network Traffic
2026-01-15 01:20:53,404.6704595583883,0,Idle Resources,1.0,Idle Resources
2026-01-15 02:20:53,459.6562036079276,0,Idle Resources,1.0,Idle Resources
2026-01-15 03:20:53,331.3863134090612,0,Normal,0.99,Normal
2026-01-15 04:20:53,558.9027343688783,0,Database Load,1.0,Database Load
2026-01-15 05:20:53,339.9163603136081,0,Auto Scaling,1.0,Auto Scaling
2026-01-15 06:20:53,435.0480657540232,0,Auto Scaling,1.0,Auto Scaling
2026-01-15 07:20:53,454.71183171643713,0,Normal,0.9,Normal
2026-01-15 08:20:53,347.6637730342074,0,Normal,1.0,Normal
2026-01-15 09:20:53,360.64795605947467,0,Normal,1.0,Normal
2026-01-15 10:20:53,347.46883634724634,0,Network Traffic,1.0,Network Traffic
2026-01-15 11:20:53,317.7604880440427,0,Normal,1.0,Normal
2026-01-15 12:20:53,304.91409895075736,0,Normal,1.0,Normal
2026-01-15 13:20:53,197.6859806697084,0,Normal,1.0,Normal
2026-01-15 14:20:53,363.6271678148417,0,Normal,1.0,Normal
2026-01-15 15:20:53,281.198273160732,0,Normal,1.0,Normal
2026-01-15 16:20:53,594.0118211511613,1,Database Load,1.0,Database Load
2026-01-15 17:20:53,309.52341273843,0,Storage Growth,0.99,Storage Growth
2026-01-15 18:20:53,342.1584312968552,0,Storage Growth,1.0,Storage Growth
2026-01-15 19:20:53,348.07239666068574,0,Network Traffic,1.0,Network Traffic
2026-01-15 20:20:53,419.6726266608135,0,Normal,0.99,Normal
2026-01-15 21:20:53,317.7073764914806,0,Normal,1.0,Normal
2026-01-15 22:20:53,336.6272600603993,0,Normal,1.0,Normal
2026-01-15 23:20:53,524.329318575326,0,Backup/Snapshot Growth,1.0,Backup/Snapshot Growth
2026-01-16 00:20:53,413.4335277581488,0,Idle Resources,1.0,Idle Resources
2026-01-16 01:20:53,416.2027581257523,0,Normal,1.0,Normal
2026-01-16 02:20:53,397.1694555229746,0,Normal,1.0,Normal
2026-01-16 03:20:53,539.6673975644126,0,Backup/Snapshot Growth,1.0,Backup/Snapshot Growth
2026-01-16 04:20:53,632.445881051832,1,Backup/Snapshot Growth,1.0,Backup/Snapshot Growth
2026-01-16 05:20:53,358.7702364712838,0,Normal,0.99,Normal
2026-01-16 06:20:53,336.04961530711864,0,Normal,1.0,Normal
2026-01-16 07:20:53,490.15045840641153,1,Backup/Snapshot Growth,1.0,Backup/Snapshot Growth
2026-01-16 08:20:53,390.6156362719886,0,Auto Scaling,1.0,Auto Scaling
2026-01-16 09:20:53,474.5505621197148,0,Idle Resources,1.0,Idle Resources
2026-01-16 10:20:53,380.6568256397771,0,Network Traffic,1.0,Network Traffic
2026-01-16 11:20:53,618.4237857481236,1,Backup/Snapshot Growth,1.0,Backup/Snapshot Growth
2026-01-16 12:20:53,340.1210864364693,0,Normal,1.0,Normal
2026-01-16 13:20:53,444.8095499006912,0,Normal,0.97,Normal
2026-01-16 14:20:53,431.0741555366054,0,Auto Scaling,0.99,Auto Scaling
2026-01-16 15:20:53,371.0794455001612,0,Normal,0.99,Normal
2026-01-16 16:20:53,565.4406081083521,0,Database Load,1.0,Database Load
2026-01-16 17:20:53,261.7350388295961,0,Normal,1.0,Normal
2026-01-16 18:20:53,410.5171787922311,0,Normal,1.0,Normal
2026-01-16 19:20:53,280.0700517713943,0,Normal,1.0,Normal
2026-01-16 20:20:53,506.26434398974175,0,Auto Scaling,0.99,Auto Scaling
2026-01-16 21:20:53,298.1241902794402,0,Normal,1.0,Normal
2026-01-16 22:20:53,500.8316517049212,1,Idle Resources,1.0,Idle Resources
2026-01-16 23:20:53,416.3045807589156,0,Auto Scaling,1.0,Auto Scaling
2026-01-17 00:20:53,343.2739933158963,0,Normal,0.99,Normal
2026-01-17 01:20:53,353.98132892302124,0,Normal,1.0,Normal
2026-01-17 02:20:53,395.1329079599976,0,Database Load,1.0,Database Load
2026-01-17 03:20:53,364.68789761788304,0,Normal,1.0,Normal
2026-01-17 04:20:53,359.9765140820078,0,Normal,1.0,Normal
2026-01-17 05:20:53,594.0163510106199,0,Backup/Snapshot Growth,1.0,Backup/Snapshot Growth
2026-01-17 06:20:53,329.9867673521258,0,Normal,1.0,Normal
2026-01-17 07:20:53,334.65106801611813,0,Auto Scaling,1.0,Auto Scaling
2026-01-17 08:20:53,426.3970967920567,0,Idle Resources,1.0,Idle Resources
2026-01-17 09:20:53,429.8044720229399,0,Database Load,0.99,Database Load
2026-01-17 10:20:53,333.310162077958,0,Normal,1.0,Normal
2026-01-17 11:20:53,293.4547440756801,0,Normal,1.0,Normal
2026-01-17 12:20:53,310.6198238583556,0,Normal,0.99,Normal
2026-01-17 13:20:53,351.05684357797503,0,Normal,1.0,Normal
2026-01-17 14:20:53,336.116863458263,0,Storage Growth,0.99,Storage Growth
2026-01-17 15:20:53,317.2669741870359,0,Normal,1.0,Normal
2026-01-17 16:20:53,342.50361338623736,0,Network Traffic,1.0,Network Traffic
2026-01-17 17:20:53,249.3173819959258,0,Network Traffic,1.0,Network Traffic
2026-01-17 18:20:53,314.67404176999605,0,Normal,1.0,Normal
2026-01-17 19:20:53,466.6347584080085,0,Database Load,1.0,Database Load
2026-01-17 20:20:53,582.0388020187647,0,Backup/Snapshot Growth,1.0,Backup/Snapshot Growth
2026-01-17 21:20:53,387.6937673137048,0,Normal,1.0,Normal
2026-01-17 22:20:53,574.924093289753,0,Database Load,1.0,Database Load
2026-01-17 23:20:53,344.6530994799058,0,Normal,1.0,Normal
2026-01-18 00:20:53,450.2685297101808,0,Idle Resources,1.0,Idle Resources
2026-01-18 01:20:53,458.6786490475244,0,Idle Resources,1.0,Idle Resources
2026-01-18 02:20:53,424.7398140295935,0,Network Traffic,1.0,Network Traffic
2026-01-18 03:20:53,475.1246542402458,0,Backup/Snapshot Growth,1.0,Backup/Snapshot Growth
2026-01-18 04:20:53,261.5832574851584,0,Normal,1.0,Normal
2026-01-18 05:20:53,203.41516371935708,0,Normal,1.0,Normal
2026-01-18 06:20:53,370.1377316265226,0,Network Traffic,1.0,Network Traffic
2026-01-18 07:20:53,409.0832236547994,0,Normal,1.0,Normal
2026-01-18 08:20:53,321.4271011513439,0,Normal,1.0,Normal
2026-01-18 09:20:53,404.3761929689584,0,Idle Resources,1.0,Idle Resources
2026-01-18 10:20:53,533.5980775756692,0,Database Load,1.0,Database Load
2026-01-18 11:20:53,343.48739378017046,0,Storage Growth,0.99,Storage Growth
2026-01-18 12:20:53,283.06229018524203,0,Normal,1.0,Normal
2026-01-18 13:20:53,341.8413942017573,0,Normal,1.0,Normal
2026-01-18 14:20:53,386.2788527221695,0,Normal,1.0,Normal
2026-01-18 15:20:53,263.9322513964033,0,Normal,1.0,Normal
2026-01-18 16:20:53,340.3284258169446,0,Normal,1.0,Normal
2026-01-18 17:20:53,281.81863321686984,0,Normal,1.0,Normal
2026-01-18 18:20:53,401.5219079475566,0,Normal,0.99,Normal
2026-01-18 19:20:53,472.209883618348,0,Idle Resources,1.0,Idle Resources
2026-01-18 20:20:53,520.976887626612,1,Idle Resources,1.0,Idle Resources
2026-01-18 21:20:53,483.5795495606102,0,Normal,0.95,Normal
2026-01-18 22:20:53,385.9104753259474,0,Idle Resources,1.0,Idle Resources
2026-01-18 23:20:53,570.1107384999439,0,Database Load,1.0,Database Load
2026-01-19 00:20:53,367.5549406189167,0,Normal,1.0,Normal
2026-01-19 01:20:53,365.3565762618021,0,Normal,1.0,Normal
2026-01-19 02:20:53,471.09093226989694,0,Backup/Snapshot Growth,1.0,Backup/Snapshot Growth
2026-01-19 03:20:53,410.4331162611124,0,Idle Resources,1.0,Idle Resources
2026-01-19 04:20:53,382.0704552928682,0,Network Traffic,1.0,Network Traffic
2026-01-19 05:20:53,331.17090269013664,0,Normal,1.0,Normal
2026-01-19 06:20:53,274.0141796635836,0,Normal,1.0,Normal
2026-01-19 07:20:53,329.2304215902626,0,Normal,1.0,Normal
2026-01-19 08:20:53,392.4055713386368,0,Database Load,0.99,Database Load
2026-01-19 09:20:53,476.7552097672132,0,Database Load,1.0,Database Load
2026-01-19 10:20:53,387.8096691509078,0,Normal,1.0,Normal
2026-01-19 11:20:53,488.3036205415602,1,Idle Resources,0.99,Idle Resources
2026-01-19 12:20:53,499.8879889041991,0,Database Load,1.0,Database Load
2026-01-19 13:20:53,278.7087397688331,0,Normal,1.0,Normal
2026-01-19 14:20:53,355.0272570094481,0,Normal,1.0,Normal
2026-01-19 15:20:53,263.03035168553765,0,Storage Growth,0.99,Storage Growth
2026-01-19 16:20:53,335.44959121068865,0,Normal,1.0,Normal
2026-01-19 17:20:53,391.3144677305842,0,Normal,0.99,Normal
2026-01-19 18:20:53,287.6155976645125,0,Normal,1.0,Normal
2026-01-19 19:20:53,432.1514761083824,0,Storage Growth,0.98,Storage Growth
2026-01-19 20:20:53,326.5998935641048,0,Normal,0.99,Normal
2026-01-19 21:20:53,365.2936873248827,0,Network Traffic,1.0,Network Traffic
2026-01-19 22:20:53,405.6985384867081,0,Idle Resources,1.0,Idle Resources
2026-01-19 23:20:53,326.5506946480806,0,Network Traffic,1.0,Network Traffic
2026-01-20 00:20:53,346.3584913164115,0,Idle Resources,0.99,Idle Resources
2026-01-20 01:20:53,369.56431940815554,0,Normal,1.0,Normal
2026-01-20 02:20:53,287.4243607506877,0,Normal,1.0,Normal
2026-01-20 03:20:53,333.7296278993425,0,Normal,1.0,Normal
2026-01-20 04:20:53,392.6656800021755,0,Normal,1.0,Normal
2026-01-20 05:20:53,370.0456200279343,0,Normal,1.0,Normal
2026-01-20 06:20:53,368.7362811887875,0,Idle Resources,1.0,Idle Resources
2026-01-20 07:20:53,428.2308114416893,0,Database Load,0.99,Database Load
2026-01-20 08:20:53,405.81767578261537,0,Network Traffic,1.0,Network Traffic
2026-01-20 09:20:53,381.0655889468467,0,Normal,1.0,Normal
2026-01-20 10:20:53,366.9997285018953,0,Normal,0.99,Normal
2026-01-20 11:20:53,274.8408264628388,0,Normal,1.0,Normal
2026-01-20 12:20:53,438.86403358924224,0,Auto Scaling,1.0,Auto Scaling
2026-01-20 13:20:53,423.8346973217663,0,Normal,1.0,Normal
2026-01-20 14:20:53,376.2327739221281,0,Normal,1.0,Normal
2026-01-20 15:20:53,446.0735689640488,0,Idle Resources,0.98,Idle Resources
2026-01-20 16:20:53,379.0594330846296,0,Network Traffic,1.0,Network Traffic
2026-01-20 17:20:53,338.6141672685578,0,Network Traffic,1.0,Network Traffic
2026-01-20 18:20:53,645.0212032871043,1,Database Load,1.0,Database Load
2026-01-20 19:20:53,414.15285452400406,0,Normal,1.0,Normal
2026-01-20 20:20:53,359.176783808011,0,Normal,1.0,Normal
2026-01-20 21:20:53,294.3100953329258,0,Normal,1.0,Normal
2026-01-20 22:20:53,395.1293743615981,0,Database Load,1.0,Database Load
2026-01-20 23:20:53,339.6250040250626,0,Auto Scaling,0.99,Auto Scaling
2026-01-21 00:20:53,406.4621082225847,0,Normal,1.0,Normal
2026-01-21 01:20:53,314.41470903760114,0,Normal,1.0,Normal
2026-01-21 02:20:53,322.35025516347946,0,Normal,1.0,Normal
2026-01-21 03:20:53,361.17824622218,0,Idle Resources,0.99,Idle Resources
2026-01-21 04:20:53,302.9694937499172,0,Normal,1.0,Normal
2026-01-21 05:20:53,366.5144785014988,0,Auto Scaling,1.0,Auto Scaling
2026-01-21 06:20:53,303.7513689403613,0,Normal,1.0,Normal
2026-01-21 07:20:53,468.20109978138174,0,Backup/Snapshot Growth,1.0,Backup/Snapshot Growth
2026-01-21 08:20:53,288.1953619808171,0,Normal,1.0,Normal
2026-01-21 09:20:53,364.6237856123396,0,Normal,1.0,Normal
2026-01-21 10:20:53,345.587088677884,0,Storage Growth,0.98,Storage Growth
2026-01-21 11:20:53,324.20306457320595,0,Normal,1.0,Normal
2026-01-21 12:20:53,455.3862022831359,0,Database Load,1.0,Database Load
2026-01-21 13:20:53,393.24833910971086,0,Storage Growth,1.0,Storage Growth
2026-01-21 14:20:53,391.6060648252108,0,Normal,1.0,Normal
2026-01-21 15:20:53,376.7929482881164,0,Storage Growth,0.98,Storage Growth
2026-01-21 16:20:53,465.85829259844735,0,Auto Scaling,1.0,Auto Scaling
2026-01-21 17:20:53,422.479825480836,0,Network Traffic,1.0,Network Traffic
2026-01-21 18:20:53,339.02499076466506,0,Idle Resources,0.96,Idle Resources
2026-01-21 19:20:53,394.6308257388355,0,Auto Scaling,1.0,Auto Scaling
2026-01-21 20:20:53,308.0109012144511,0,Normal,1.0,Normal
2026-01-21 21:20:53,338.155411456452,0,Auto Scaling,1.0,Auto Scaling
2026-01-21 22:20:53,366.448084593255,0,Normal,1.0,Normal
2026-01-21 23:20:53,322.0623351304306,0,Normal,1.0,Normal
2026-01-22 00:20:53,320.230168660104,0,Storage Growth,1.0,Storage Growth
2026-01-22 01:20:53,415.0959761461763,0,Idle Resources,1.0,Idle Resources
2026-01-22 02:20:53,295.64865462543673,0,Normal,1.0,Normal
2026-01-22 03:20:53,429.5709895234777,0,Network Traffic,1.0,Network Traffic
2026-01-22 04:20:53,421.44069794228193,0,Normal,1.0,Normal
2026-01-22 05:20:53,725.2159400009542,1,Database Load,0.99,Database Load
2026-01-22 06:20:53,481.27391605449486,0,Idle Resources,1.0,Idle Resources
2026-01-22 07:20:53,360.8001235436744,0,Normal,1.0,Normal
2026-01-22 08:20:53,360.55772454006,0,Normal,1.0,Normal
2026-01-22 09:20:53,322.67847353175665,0,Normal,1.0,Normal
2026-01-22 10:20:53,412.1872450775121,0,Storage Growth,0.99,Storage Growth
2026-01-22 11:20:53,329.3815315273307,0,Normal,0.99,Normal
2026-01-22 12:20:53,377.17757672618825,0,Database Load,1.0,Database Load
2026-01-22 13:20:53,417.2603643469587,0,Idle Resources,1.0,Idle Resources
2026-01-22 14:20:53,321.5645504177704,0,Normal,1.0,Normal
2026-01-22 15:20:53,373.23594852642526,0,Normal,0.99,Normal
2026-01-22 16:20:53,390.3770674996266,0,Normal,0.98,Normal
2026-01-22 17:20:53,453.7721081261279,0,Auto Scaling,1.0,Auto Scaling
2026-01-22 18:20:53,441.9987989828732,0,Idle Resources,1.0,Idle Resources
2026-01-22 19:20:53,416.449072531357,0,Network Traffic,1.0,Network Traffic
2026-01-22 20:20:53,252.46679306969625,0,Normal,1.0,Normal
2026-01-22 21:20:53,340.4033650684248,0,Normal,1.0,Normal
2026-01-22 22:20:53,376.5722680612574,0,Normal,1.0,Normal
2026-01-22 23:20:53,459.78862392826136,0,Network Traffic,1.0,Network Traffic
2026-01-23 00:20:53,410.8300094614633,0,Normal,0.99,Normal
2026-01-23 01:20:53,325.6739181421889,0,Network Traffic,1.0,Network Traffic
2026-01-23 02:20:53,386.3259753301678,0,Normal,1.0,Normal
2026-01-23 03:20:53,314.1902849016679,0,Normal,1.0,Normal
2026-01-23 04:20:53,436.9810324033761,0,Normal,0.95,Normal
2026-01-23 05:20:53,286.4032032099154,0,Normal,1.0,Normal
2026-01-23 06:20:53,353.2461046389409,0,Network Traffic,1.0,Network Traffic
2026-01-23 07:20:53,296.92952662946374,0,Normal,1.0,Normal
2026-01-23 08:20:53,369.64248414304086,0,Auto Scaling,1.0,Auto Scaling
2026-01-23 09:20:53,472.36987921632567,0,Network Traffic,0.98,Network Traffic
2026-01-23 10:20:53,331.9428197209986,0,Normal,1.0,Normal
2026-01-23 11:20:53,444.10609430339,0,Backup/Snapshot Growth,0.98,Backup/Snapshot Growth
2026-01-23 12:20:53,269.46109708380106,0,Normal,1.0,Normal
2026-01-23 13:20:53,414.71514868197386,0,Idle Resources,1.0,Idle Resources
2026-01-23 14:20:53,399.7916946257602,0,Auto Scaling,1.0,Auto Scaling
2026-01-23 15:20:53,344.8116980488509,0,Normal,1.0,Normal
2026-01-23 16:20:53,482.0417813060325,0,Network Traffic,0.98,Network Traffic
2026-01-23 17:20:53,279.6065675811228,0,Network Traffic,1.0,Network Traffic
2026-01-23 18:20:53,364.9095560803605,0,Normal,1.0,Normal
2026-01-23 19:20:53,393.5573996997453,0,Network Traffic,1.0,Network Traffic
2026-01-23 20:20:53,342.8309148245837,0,Normal,1.0,Normal
2026-01-23 21:20:53,329.96567462274146,0,Normal,0.99,Normal
2026-01-23 22:20:53,296.6013257694801,0,Auto Scaling,1.0,Auto Scaling
2026-01-23 23:20:53,719.1549920273006,1,Database Load,1.0,Database Load
2026-01-24 00:20:53,487.4189586439822,0,Database Load,1.0,Database Load
2026-01-24 01:20:53,351.7993522201174,0,Normal,0.99,Normal
2026-01-24 02:20:53,369.5852198733686,0,Auto Scaling,1.0,Auto Scaling
2026-01-24 03:20:53,377.5246457068132,0,Normal,0.98,Normal
2026-01-24 04:20:53,613.7705538548391,1,Database Load,1.0,Database Load
2026-01-24 05:20:53,415.5476346294323,0,Normal,1.0,Normal
2026-01-24 06:20:53,306.53022529434,0,Idle Resources,1.0,Idle Resources
2026-01-24 07:20:53,282.97121277379745,0,Normal,1.0,Normal
2026-01-24 08:20:53,353.74799571157587,0,Normal,1.0,Normal
2026-01-24 09:20:53,357.1884359965293,0,Network Traffic,1.0,Network Traffic
2026-01-24 10:20:53,241.0881450393753,0,Normal,0.98,Normal
2026-01-24 11:20:53,429.76757255045953,0,Normal,1.0,Normal
2026-01-24 12:20:53,280.2300360385189,0,Normal,1.0,Normal
2026-01-24 13:20:53,414.2543450891084,0,Network Traffic,1.0,Network Traffic
2026-01-24 14:20:53,331.6573340311912,0,Storage Growth,1.0,Storage Growth
2026-01-24 15:20:53,419.9786615652816,0,Storage Growth,1.0,Storage Growth
2026-01-24 16:20:53,277.56787098196963,0,Normal,1.0,Normal
2026-01-24 17:20:53,480.2190079150289,0,Idle Resources,1.0,Idle Resources
2026-01-24 18:20:53,324.9490833464251,0,Normal,1.0,Normal
2026-01-24 19:20:53,347.12555135487617,0,Normal,1.0,Normal
2026-01-24 20:20:53,446.95495432854375,0,Backup/Snapshot Growth,1.0,Backup/Snapshot Growth
2026-01-24 21:20:53,407.561621742434,0,Normal,1.0,Normal
2026-01-24 22:20:53,343.64481883292854,0,Normal,1.0,Normal
2026-01-24 23:20:53,326.3050015454998,0,Normal,1.0,Normal
2026-01-25 00:20:53,289.72041294438463,0,Normal,1.0,Normal
2026-01-25 01:20:53,335.3749452755385,0,Normal,1.0,Normal
2026-01-25 02:20:53,485.5775464019031,0,Network Traffic,0.99,Network Traffic
2026-01-25 03:20:53,528.2229113843844,0,Backup/Snapshot Growth,1.0,Backup/Snapshot Growth
2026-01-25 04:20:53,425.4645822572605,0,Normal,0.93,Normal
2026-01-25 05:20:53,269.4895750454157,0,Normal,1.0,Normal
2026-01-25 06:20:53,343.2300853474885,0,Normal,1.0,Normal
2026-01-25 07:20:53,274.63278192577866,0,Normal,1.0,Normal
2026-01-25 08:20:53,279.4258048768881,0,Normal,1.0,Normal
2026-01-25 09:20:53,448.7094675710178,0,Storage Growth,0.99,Storage Growth
2026-01-25 10:20:53,393.6213791711008,0,Normal,0.99,Normal
2026-01-25 11:20:53,610.0501983329833,1,Backup/Snapshot Growth,1.0,Backup/Snapshot Growth
2026-01-25 12:20:53,345.0384227055117,0,Auto Scaling,1.0,Auto Scaling
2026-01-25 13:20:53,398.1741691340855,0,Idle Resources,0.97,Idle Resources
2026-01-25 14:20:53,357.63692812725185,0,Normal,1.0,Normal
2026-01-25 15:20:53,457.5300698275738,0,Normal,0.95,Normal
2026-01-25 16:20:53,492.5853306246544,1,Idle Resources,1.0,Idle Resources
2026-01-25 17:20:53,407.7906840692509,0,Normal,0.93,Normal
2026-01-25 18:20:53,376.53106976939495,0,Normal,1.0,Normal
2026-01-25 19:20:53,219.6856351713638,0,Normal,1.0,Normal
2026-01-25 20:20:53,414.3623016626145,0,Normal,1.0,Normal
2026-01-25 21:20:53,455.9061125604687,0,Database Load,1.0,Database Load
2026-01-25 22:20:53,425.7677250978465,0,Normal,1.0,Normal
2026-01-25 23:20:53,452.2806612387967,0,Idle Resources,1.0,Idle Resources
2026-01-26 00:20:53,341.8112774700176,0,Normal,1.0,Normal
2026-01-26 01:20:53,354.5540412244655,0,Normal,0.99,Normal
2026-01-26 02:20:53,348.7984799606112,0,Network Traffic,1.0,Network Traffic
2026-01-26 03:20:53,395.7363906125622,0,Normal,1.0,Normal
2026-01-26 04:20:53,362.0769822814448,0,Normal,1.0,Normal
2026-01-26 05:20:53,451.4152448003029,0,Auto Scaling,1.0,Auto Scaling
2026-01-26 06:20:53,400.1155440531911,0,Normal,1.0,Normal
2026-01-26 07:20:53,508.1560996184046,0,Database Load,1.0,Database Load
2026-01-26 08:20:53,343.12362495817075,0,Normal,1.0,Normal
2026-01-26 09:20:53,381.5929328558056,0,Normal,1.0,Normal
2026-01-26 10:20:53,354.0746811704446,0,Normal,1.0,Normal
2026-01-26 11:20:53,343.896814688398,0,Normal,1.0,Normal
2026-01-26 12:20:53,303.83293619513125,0,Normal,1.0,Normal
2026-01-26 13:20:53,394.3608504744391,0,Normal,1.0,Normal
2026-01-26 14:20:53,337.27266585027064,0,Normal,1.0,Normal
2026-01-26 15:20:53,366.18112489422623,0,Auto Scaling,1.0,Auto Scaling
2026-01-26 16:20:53,288.4390865170403,0,Normal,1.0,Normal
2026-01-26 17:20:53,292.2971497886714,0,Normal,1.0,Normal
2026-01-26 18:20:53,338.04414456769257,0,Normal,1.0,Normal
2026-01-26 19:20:53,379.86515667174814,0,Auto Scaling,1.0,Auto Scaling
2026-01-26 20:20:53,326.74883930782875,0,Normal,1.0,Normal
2026-01-26 21:20:53,424.0008957974411,0,Network Traffic,1.0,Network Traffic
2026-01-26 22:20:53,430.7263272558664,0,Database Load,0.98,Database Load
2026-01-26 23:20:53,501.3508528625904,0,Idle Resources,1.0,Idle Resources
2026-01-27 00:20:53,423.4037650823655,0,Normal,1.0,Normal
2026-01-27 01:20:53,347.4760759737278,0,Normal,1.0,Normal
2026-01-27 02:20:53,447.8048447389643,0,Backup/Snapshot Growth,0.97,Backup/Snapshot Growth
2026-01-27 03:20:53,222.1364904891092,0,Normal,1.0,Normal
2026-01-27 04:20:53,571.7253913159035,0,Backup/Snapshot Growth,1.0,Backup/Snapshot Growth
2026-01-27 05:20:53,466.6315745539531,0,Idle Resources,1.0,Idle Resources
2026-01-27 06:20:53,351.0947348281685,0,Normal,0.99,Normal
2026-01-27 07:20:53,519.1149345129937,0,Auto Scaling,0.98,Auto Scaling
2026-01-27 08:20:53,347.40004027834374,0,Idle Resources,1.0,Idle Resources
2026-01-27 09:20:53,431.5775800595417,0,Normal,0.95,Normal
2026-01-27 10:20:53,283.31490462892407,0,Idle Resources,0.77,Idle Resources
2026-01-27 11:20:53,446.65434907448025,0,Auto Scaling,0.99,Auto Scaling
2026-01-27 12:20:53,338.6363768798334,0,Normal,1.0,Normal
2026-01-27 13:20:53,365.16683665167335,0,Normal,1.0,Normal
2026-01-27 14:20:53,410.7157405389592,0,Storage Growth,0.97,Storage Growth
2026-01-27 15:20:53,478.1295116267227,1,Backup/Snapshot Growth,1.0,Backup/Snapshot Growth
2026-01-27 16:20:53,418.421826347481,0,Normal,1.0,Normal
2026-01-27 17:20:53,311.3340286817675,0,Idle Resources,1.0,Idle Resources
2026-01-27 18:20:53,355.858930255829,0,Network Traffic,1.0,Network Traffic
2026-01-27 19:20:53,290.62597903237696,0,Network Traffic,0.82,Network Traffic
2026-01-27 20:20:53,365.6769279446674,0,Idle Resources,1.0,Idle Resources
2026-01-27 21:20:53,352.08613913804334,0,Auto Scaling,0.98,Auto Scaling
2026-01-27 22:20:53,503.7525761248576,0,Auto Scaling,0.99,Auto Scaling
2026-01-27 23:20:53,366.2521221521658,0,Auto Scaling,0.97,Auto Scaling
2026-01-28 00:20:53,330.3760531880246,0,Normal,1.0,Normal
2026-01-28 01:20:53,329.9139241409503,0,Normal,1.0,Normal
2026-01-28 02:20:53,432.7667367812337,0,Idle Resources,1.0,Idle Resources
2026-01-28 03:20:53,411.48135993774736,0,Normal,1.0,Normal
2026-01-28 04:20:53,344.62015239980514,0,Idle Resources,1.0,Idle Resources
2026-01-28 05:20:53,394.7345670589362,0,Normal,1.0,Normal
2026-01-28 06:20:53,386.4171337190492,0,Storage Growth,0.99,Storage Growth
2026-01-28 07:20:53,407.8169282203686,0,Network Traffic,1.0,Network Traffic
2026-01-28 08:20:53,275.76707054373946,0,Normal,1.0,Normal
2026-01-28 09:20:53,361.89213281185073,0,Normal,1.0,Normal
2026-01-28 10:20:53,407.2552589450656,0,Network Traffic,1.0,Network Traffic
2026-01-28 11:20:53,513.6055075173805,0,Auto Scaling,1.0,Auto Scaling
2026-01-28 12:20:53,376.41032237978334,0,Auto Scaling,1.0,Auto Scaling
2026-01-28 13:20:53,314.5463484144216,0,Normal,1.0,Normal
2026-01-28 14:20:53,301.85007905712405,0,Storage Growth,0.99,Storage Growth
2026-01-28 15:20:53,294.46277351082483,0,Normal,1.0,Normal
2026-01-28 16:20:53,371.40391907448463,0,Normal,1.0,Normal
2026-01-28 17:20:53,419.4133540637384,0,Normal,1.0,Normal
2026-01-28 18:20:53,401.018627260743,0,Idle Resources,1.0,Idle Resources
2026-01-28 19:20:53,343.95119547054617,0,Normal,1.0,Normal
2026-01-28 20:20:53,534.7084311077496,0,Database Load,1.0,Database Load
2026-01-28 21:20:53,323.50684709970443,0,Normal,1.0,Normal
2026-01-28 22:20:53,319.9834047478929,0,Network Traffic,1.0,Network Traffic
2026-01-28 23:20:53,366.2240595483517,0,Normal,0.96,Normal
2026-01-29 00:20:53,385.13617469858673,0,Normal,1.0,Normal
2026-01-29 01:20:53,369.1087990485476,0,Normal,1.0,Normal
2026-01-29 02:20:53,399.485232186924,0,Normal,1.0,Normal
2026-01-29 03:20:53,353.45623857659183,0,Normal,1.0,Normal
2026-01-29 04:20:53,334.17951967943145,0,Normal,1.0,Normal
2026-01-29 05:20:53,378.3888543613368,0,Idle Resources,1.0,Idle Resources
2026-01-29 06:20:53,466.04426301803335,0,Storage Growth,0.98,Storage Growth
2026-01-29 07:20:53,437.9504889773034,0,Auto Scaling,1.0,Auto Scaling
2026-01-29 08:20:53,391.5932176420184,0,Normal,1.0,Normal
2026-01-29 09:20:53,365.4716102821724,0,Normal,1.0,Normal
2026-01-29 10:20:53,255.84478436437269,0,Normal,1.0,Normal
2026-01-29 11:20:53,416.10857566082393,0,Normal,1.0,Normal
2026-01-29 12:20:53,572.2260764457503,0,Database Load,1.0,Database Load
2026-01-29 13:20:53,526.0308876904176,0,Database Load,1.0,Database Load
2026-01-29 14:20:53,423.716282609484,0,Storage Growth,1.0,Storage Growth
2026-01-29 15:20:53,367.76101225003066,0,Normal,1.0,Normal
2026-01-29 16:20:53,496.1626825171965,0,Database Load,0.99,Database Load
2026-01-29 17:20:53,228.99311015049787,0,Normal,1.0,Normal
2026-01-29 18:20:53,298.66395452943567,0,Auto Scaling,1.0,Auto Scaling
2026-01-29 19:20:53,434.64206211155016,1,Idle Resources,1.0,Idle Resources
2026-01-29 20:20:53,450.524319145121,0,Auto Scaling,1.0,Auto Scaling
2026-01-29 21:20:53,423.3750523700274,0,Normal,1.0,Normal
2026-01-29 22:20:53,325.0238380969751,0,Normal,1.0,Normal
2026-01-29 23:20:53,469.8861233947057,1,Idle Resources,1.0,Idle Resources
2026-01-30 00:20:53,327.0950040411219,0,Idle Resources,1.0,Idle Resources
2026-01-30 01:20:53,485.2610900819671,0,Backup/Snapshot Growth,1.0,Backup/Snapshot Growth
2026-01-30 02:20:53,372.5570010221064,0,Network Traffic,1.0,Network Traffic
2026-01-30 03:20:53,454.6374196588523,0,Auto Scaling,0.99,Auto Scaling
2026-01-30 04:20:53,385.223148247328,0,Network Traffic,0.99,Network Traffic
2026-01-30 05:20:53,357.59818005590785,0,Normal,1.0,Normal
2026-01-30 06:20:53,312.894721373683,0,Normal,1.0,Normal
2026-01-30 07:20:53,316.16437096855475,0,Normal,1.0,Normal
2026-01-30 08:20:53,340.7810276521428,0,Normal,1.0,Normal
2026-01-30 09:20:53,330.6511697155739,0,Network Traffic,1.0,Network Traffic
2026-01-30 10:20:53,248.24225564252228,0,Normal,1.0,Normal
2026-01-30 11:20:53,486.5727030001948,0,Idle Resources,1.0,Idle Resources
2026-01-30 12:20:53,372.7304311916277,0,Storage Growth,0.72,Storage Growth
2026-01-30 13:20:53,283.0672166657451,0,Normal,1.0,Normal
2026-01-30 14:20:53,264.3541011324604,0,Normal,1.0,Normal
2026-01-30 15:20:53,391.4454581397616,0,Normal,1.0,Normal
2026-01-30 16:20:53,371.25245379793137,0,Normal,1.0,Normal
2026-01-30 17:20:53,447.1904926948192,0,Backup/Snapshot Growth,1.0,Backup/Snapshot Growth
2026-01-30 18:20:53,346.9481695673376,0,Storage Growth,0.99,Storage Growth
2026-01-30 19:20:53,381.0605452793556,0,Normal,1.0,Normal
2026-01-30 20:20:53,515.478341366552,0,Database Load,1.0,Database Load
2026-01-30 21:20:53,354.2202106579165,0,Normal,1.0,Normal
2026-01-30 22:20:53,434.7275075546904,0,Normal,1.0,Normal
2026-01-30 23:20:53,378.8199549144388,0,Auto Scaling,1.0,Auto Scaling
2026-01-31 00:20:53,322.53970627283945,0,Normal,1.0,Normal
2026-01-31 01:20:53,308.310611531929,0,Normal,1.0,Normal
2026-01-31 02:20:53,373.61758612958704,0,Normal,1.0,Normal
2026-01-31 03:20:53,545.8221065218964,0,Idle Resources,1.0,Idle Resources
2026-01-31 04:20:53,491.1505657116263,0,Idle Resources,1.0,Idle Resources
2026-01-31 05:20:53,430.6387654507047,0,Auto Scaling,1.0,Auto Scaling
2026-01-31 06:20:53,547.4612752729375,1,Database Load,1.0,Database Load
2026-01-31 07:20:53,453.3346614315252,0,Idle Resources,1.0,Idle Resources
2026-01-31 08:20:53,549.8518250674075,0,Database Load,1.0,Database Load
2026-01-31 09:20:53,314.1817057091857,0,Normal,1.0,Normal
2026-01-31 10:20:53,449.2067707141061,0,Auto Scaling,1.0,Auto Scaling
2026-01-31 11:20:53,320.5505904010046,0,Normal,1.0,Normal
2026-01-31 12:20:53,537.4503419608291,0,Database Load,1.0,Database Load
2026-01-31 13:20:53,294.3110365572636,0,Normal,1.0,Normal
2026-01-31 14:20:53,424.37988736056025,0,Database Load,0.98,Database Load
2026-01-31 15:20:53,321.1691125840516,0,Normal,1.0,Normal
2026-01-31 16:20:53,378.9823189060156,0,Auto Scaling,1.0,Auto Scaling
2026-01-31 17:20:53,417.2039817038423,0,Backup/Snapshot Growth,0.99,Backup/Snapshot Growth
2026-01-31 18:20:53,554.122616009285,0,Backup/Snapshot Growth,1.0,Backup/Snapshot Growth
2026-01-31 19:20:53,247.38087509417565,0,Normal,1.0,Normal
2026-01-31 20:20:53,429.9756763820001,0,Database Load,0.96,Database Load
2026-01-31 21:20:53,421.862370799329,0,Auto Scaling,1.0,Auto Scaling
2026-01-31 22:20:53,549.6239108833953,0,Database Load,1.0,Database Load
2026-01-31 23:20:53,299.00951737422486,0,Normal,1.0,Normal
2026-02-01 00:20:53,268.4643364885241,0,Normal,1.0,Normal
2026-02-01 01:20:53,373.3057735660663,0,Network Traffic,1.0,Network Traffic
2026-02-01 02:20:53,376.6397555080705,0,Normal,1.0,Normal
2026-02-01 03:20:53,515.70550040023,0,Database Load,1.0,Database Load
2026-02-01 04:20:53,661.8299876107154,1,Database Load,1.0,Database Load
2026-02-01 05:20:53,455.3492776754875,0,Backup/Snapshot Growth,1.0,Backup/Snapshot Growth
2026-02-01 06:20:53,549.2779709412551,0,Database Load,1.0,Database Load
2026-02-01 07:20:53,449.2473781989874,0,Normal,1.0,Normal
2026-02-01 08:20:53,421.4824162508225,0,Auto Scaling,1.0,Auto Scaling
2026-02-01 09:20:53,301.489680337374,0,Normal,1.0,Normal
2026-02-01 10:20:53,310.9120478828503,0,Normal,1.0,Normal
2026-02-01 11:20:53,264.9735028177143,0,Normal,1.0,Normal
2026-02-01 12:20:53,409.1010269193704,0,Idle Resources,1.0,Idle Resources
2026-02-01 13:20:53,308.658338329137,0,Normal,1.0,Normal
2026-02-01 14:20:53,677.5855214367131,1,Database Load,1.0,Database Load
2026-02-01 15:20:53,407.03613679877697,0,Network Traffic,1.0,Network Traffic
2026-02-01 16:20:53,314.85429270316524,0,Normal,1.0,Normal
2026-02-01 17:20:53,371.81524981984205,0,Normal,1.0,Normal
2026-02-01 18:20:53,341.1951022835951,0,Normal,1.0,Normal
2026-02-01 19:20:53,371.1079729435742,0,Idle Resources,1.0,Idle Resources
2026-02-01 20:20:53,414.0326874479698,0,Idle Resources,1.0,Idle Resources
2026-02-01 21:20:53,635.5352742734696,1,Backup/Snapshot Growth,1.0,Backup/Snapshot Growth
2026-02-01 22:20:53,340.6151372283565,0,Normal,0.99,Normal
2026-02-01 23:20:53,366.2431288959068,0,Auto Scaling,1.0,Auto Scaling
2026-02-02 00:20:53,356.2504562379037,0,Normal,0.99,Normal
2026-02-02 01:20:53,325.91774470565736,0,Normal,0.99,Normal
2026-02-02 02:20:53,576.4028528449867,1,Database Load,1.0,Database Load
2026-02-02 03:20:53,431.249742315154,0,Normal,1.0,Normal
2026-02-02 04:20:53,481.3826844878696,0,Backup/Snapshot Growth,1.0,Backup/Snapshot Growth
2026-02-02 05:20:53,336.6640220267619,0,Normal,0.91,Normal
2026-02-02 06:20:53,368.2203983011859,0,Network Traffic,1.0,Network Traffic
2026-02-02 07:20:53,315.5817396985733,0,Normal,1.0,Normal
2026-02-02 08:20:53,421.7822096151741,0,Network Traffic,1.0,Network Traffic
2026-02-02 09:20:53,400.8556985634766,0,Idle Resources,1.0,Idle Resources
2026-02-02 10:20:53,397.3934903772703,0,Network Traffic,1.0,Network Traffic
2026-02-02 11:20:53,347.1307881346702,0,Idle Resources,0.99,Idle Resources
2026-02-02 12:20:53,331.9673794376557,0,Normal,1.0,Normal
2026-02-02 13:20:53,364.6641794308509,0,Normal,1.0,Normal
2026-02-02 14:20:53,263.280965538846,0,Network Traffic,1.0,Network Traffic
2026-02-02 15:20:53,551.4100070601244,0,Backup/Snapshot Growth,1.0,Backup/Snapshot Growth
2026-02-02 16:20:53,371.6895913099127,0,Normal,1.0,Normal
2026-02-02 17:20:53,457.7643144523119,0,Storage Growth,0.97,Storage Growth
2026-02-02 18:20:53,453.22546482429584,0,Backup/Snapshot Growth,1.0,Backup/Snapshot Growth
2026-02-02 19:20:53,376.1698723944612,0,Auto Scaling,1.0,Auto Scaling
2026-02-02 20:20:53,398.6885859770925,0,Network Traffic,1.0,Network Traffic
2026-02-02 21:20:53,395.4304203174369,0,Auto Scaling,1.0,Auto Scaling
2026-02-02 22:20:53,347.834858436762,0,Normal,1.0,Normal
2026-02-02 23:20:53,330.9089804496793,0,Normal,1.0,Normal
2026-02-03 00:20:53,599.3645750512385,0,Database Load,1.0,Database Load
2026-02-03 01:20:53,598.2720715332125,0,Backup/Snapshot Growth,1.0,Backup/Snapshot Growth
2026-02-03 02:20:53,374.11509963954046,0,Database Load,0.96,Database Load
2026-02-03 03:20:53,400.4158477278331,0,Normal,1.0,Normal
2026-02-03 04:20:53,345.6625694205586,0,Normal,0.99,Normal
2026-02-03 05:20:53,297.6496554527123,0,Auto Scaling,1.0,Auto Scaling
2026-02-03 06:20:53,350.3239059237331,0,Normal,1.0,Normal
2026-02-03 07:20:53,434.9863121009128,1,Idle Resources,0.93,Idle Resources
2026-02-03 08:20:53,358.70980945688564,0,Normal,1.0,Normal
2026-02-03 09:20:53,353.233324737614,0,Normal,1.0,Normal
2026-02-03 10:20:53,352.6425912406292,0,Network Traffic,1.0,Network Traffic
2026-02-03 11:20:53,502.6907698995149,0,Database Load,1.0,Database Load
2026-02-03 12:20:53,403.4739593952983,0,Network Traffic,1.0,Network Traffic
2026-02-03 13:20:53,441.4129172652434,0,Idle Resources,1.0,Idle Resources
2026-02-03 14:20:53,443.40054914755376,0,Idle Resources,1.0,Idle Resources
2026-02-03 15:20:53,407.6517392225117,0,Auto Scaling,1.0,Auto Scaling
2026-02-03 16:20:53,382.5862132634394,0,Normal,1.0,Normal
2026-02-03 17:20:53,309.15972841551945,0,Normal,0.98,Normal
2026-02-03 18:20:53,560.9460881483315,0,Database Load,0.99,Database Load
2026-02-03 19:20:53,625.9577033757078,1,Database Load,1.0,Database Load
2026-02-03 20:20:53,493.85705256999313,0,Idle Resources,1.0,Idle Resources
2026-02-03 21:20:53,389.3186673305155,0,Normal,1.0,Normal
2026-02-03 22:20:53,462.9183696396069,0,Idle Resources,1.0,Idle Resources
2026-02-03 23:20:53,448.1723379864816,0,Normal,1.0,Normal
2026-02-04 00:20:53,276.33633254950325,0,Normal,1.0,Normal
2026-02-04 01:20:53,355.8098739675545,0,Normal,1.0,Normal
2026-02-04 02:20:53,343.2184793160533,0,Normal,1.0,Normal
2026-02-04 03:20:53,565.4000979846882,0,Database Load,1.0,Database Load
2026-02-04 04:20:53,357.41598089807013,0,Normal,1.0,Normal
2026-02-04 05:20:53,382.9697045648628,0,Normal,1.0,Normal
2026-02-04 06:20:53,420.6690588889095,0,Normal,1.0,Normal
2026-02-04 07:20:53,489.7644779744047,0,Database Load,1.0,Database Load
2026-02-04 08:20:53,338.3386952026661,0,Normal,1.0,Normal
2026-02-04 09:20:53,239.0300354592078,0,Normal,1.0,Normal
2026-02-04 10:20:53,390.4108733037984,0,Auto Scaling,1.0,Auto Scaling
2026-02-04 11:20:53,430.0437816464368,0,Normal,1.0,Normal
2026-02-04 12:20:53,337.1173089502502,0,Normal,1.0,Normal
2026-02-04 13:20:53,329.0103291192617,0,Normal,1.0,Normal
2026-02-04 14:20:53,297.0083579494773,0,Normal,1.0,Normal
2026-02-04 15:20:53,520.2840492789352,0,Database Load,1.0,Database Load
2026-02-04 16:20:53,323.2441192349076,0,Auto Scaling,1.0,Auto Scaling
2026-02-04 17:20:53,416.4709548350246,0,Normal,1.0,Normal
2026-02-04 18:20:53,395.5919670863124,0,Normal,1.0,Normal
2026-02-04 19:20:53,485.9762381384096,0,Auto Scaling,1.0,Auto Scaling
2026-02-04 20:20:53,464.3348665481687,0,Database Load,0.97,Database Load
2026-02-04 21:20:53,352.3213505930977,0,Normal,1.0,Normal
2026-02-04 22:20:53,574.6664696210574,0,Database Load,1.0,Database Load
2026-02-04 23:20:53,319.84360601693265,0,Normal,1.0,Normal
2026-02-05 00:20:53,335.6704373796073,0,Normal,1.0,Normal
2026-02-05 01:20:53,326.9524207563355,1,Auto Scaling,1.0,Auto Scaling
2026-02-05 02:20:53,388.5829040410033,0,Normal,1.0,Normal
2026-02-05 03:20:53,549.8379732703114,0,Database Load,1.0,Database Load
2026-02-05 04:20:53,438.6677561252535,0,Auto Scaling,1.0,Auto Scaling
2026-02-05 05:20:53,389.5687769635927,0,Normal,0.98,Normal
2026-02-05 06:20:53,336.82040987311404,0,Normal,1.0,Normal
2026-02-05 07:20:53,394.50289123369424,0,Normal,1.0,Normal
2026-02-05 08:20:53,386.90853133002463,0,Auto Scaling,1.0,Auto Scaling
2026-02-05 09:20:53,284.30519881125656,0,Normal,1.0,Normal
2026-02-05 10:20:53,427.7239506569466,0,Normal,1.0,Normal
2026-02-05 11:20:53,413.3893156800248,0,Backup/Snapshot Growth,0.92,Backup/Snapshot Growth
2026-02-05 12:20:53,362.624294099077,0,Normal,1.0,Normal
2026-02-05 13:20:53,283.67197754739686,0,Normal,0.99,Normal
2026-02-05 14:20:53,379.7379092856776,0,Normal,1.0,Normal
2026-02-05 15:20:53,595.5289577761224,0,Database Load,1.0,Database Load
2026-02-05 16:20:53,415.45556607404126,0,Idle Resources,0.99,Idle Resources
2026-02-05 17:20:53,356.1263038551694,0,Network Traffic,0.95,Network Traffic
2026-02-05 18:20:53,418.2199009397832,0,Network Traffic,1.0,Network Traffic
2026-02-05 19:20:53,389.6584179647796,0,Normal,1.0,Normal
2026-02-05 20:20:53,497.1449806830781,0,Database Load,1.0,Database Load
2026-02-05 21:20:53,371.32710877806295,0,Network Traffic,1.0,Network Traffic
2026-02-05 22:20:53,233.3444284529729,0,Normal,1.0,Normal
2026-02-05 23:20:53,375.9900544130621,0,Network Traffic,1.0,Network Traffic
2026-02-06 00:20:53,315.39423165143444,0,Normal,1.0,Normal
2026-02-06 01:20:53,582.086250215696,0,Database Load,1.0,Database Load
2026-02-06 02:20:53,236.02614239574,0,Normal,1.0,Normal
2026-02-06 03:20:53,394.02500684379896,0,Idle Resources,1.0,Idle Resources
2026-02-06 04:20:53,326.49694861630275,0,Normal,1.0,Normal
2026-02-06 05:20:53,350.2525917470939,0,Normal,1.0,Normal
2026-02-06 06:20:53,414.58316945125983,0,Normal,1.0,Normal
2026-02-06 07:20:53,330.81758847644574,0,Normal,1.0,Normal
2026-02-06 08:20:53,444.0528898550028,0,Storage Growth,0.97,Storage Growth
2026-02-06 09:20:53,344.8416153501066,0,Auto Scaling,1.0,Auto Scaling
2026-02-06 10:20:53,480.1767927991901,0,Database Load,1.0,Database Load
2026-02-06 11:20:53,306.28879684066607,0,Normal,1.0,Normal
2026-02-06 12:20:53,462.61203569491954,0,Idle Resources,1.0,Idle Resources
2026-02-06 13:20:53,318.71106165573894,0,Normal,1.0,Normal
2026-02-06 14:20:53,420.2811856652924,0,Idle Resources,1.0,Idle Resources
2026-02-06 15:20:53,537.9090916409964,1,Auto Scaling,1.0,Auto Scaling
2026-02-06 16:20:53,484.8312246918369,0,Database Load,1.0,Database Load
2026-02-06 17:20:53,380.1185250812208,0,Normal,1.0,Normal
2026-02-06 18:20:53,340.3925640782997,0,Normal,1.0,Normal
2026-02-06 19:20:53,326.6535224381601,0,Normal,1.0,Normal
2026-02-06 20:20:53,384.6482327551101,0,Normal,1.0,Normal
2026-02-06 21:20:53,326.8588550090013,0,Normal,1.0,Normal
2026-02-06 22:20:53,272.5563314664374,0,Normal,1.0,Normal
2026-02-06 23:20:53,303.57263515564847,0,Network Traffic,1.0,Network Traffic
2026-02-07 00:20:53,287.67184877767016,0,Normal,1.0,Normal
2026-02-07 01:20:53,418.5669059712751,0,Idle Resources,1.0,Idle Resources
2026-02-07 02:20:53,277.22798758838354,0,Normal,1.0,Normal
2026-02-07 03:20:53,507.522738480321,0,Database Load,1.0,Database Load
2026-02-07 04:20:53,421.74466870242907,0,Normal,1.0,Normal
2026-02-07 05:20:53,409.8040562351917,0,Idle Resources,1.0,Idle Resources
2026-02-07 06:20:53,462.1220174117483,0,Database Load,1.0,Database Load
2026-02-07 07:20:53,342.83566797025486,0,Normal,1.0,Normal
2026-02-07 08:20:53,378.3256741168484,0,Normal,1.0,Normal
2026-02-07 09:20:53,275.0641444032589,0,Auto Scaling,1.0,Auto Scaling
2026-02-07 10:20:53,362.04318625307343,0,Normal,1.0,Normal
2026-02-07 11:20:53,356.5547813400643,0,Normal,0.98,Normal
2026-02-07 12:20:53,313.1892561648437,0,Normal,1.0,Normal
2026-02-07 13:20:53,379.5299416242144,0,Storage Growth,0.99,Storage Growth
2026-02-07 14:20:53,625.7484608644165,1,Database Load,1.0,Database Load
2026-02-07 15:20:53,359.5129313891257,0,Auto Scaling,1.0,Auto Scaling
2026-02-07 16:20:53,364.14942252053294,0,Normal,1.0,Normal
2026-02-07 17:20:53,629.1091165700731,0,Database Load,1.0,Database Load
2026-02-07 18:20:53,378.8781280858421,0,Normal,0.94,Normal
2026-02-07 19:20:53,334.4592332733922,0,Storage Growth,1.0,Storage Growth
2026-02-07 20:20:53,518.3173682393782,1,Backup/Snapshot Growth,1.0,Backup/Snapshot Growth
2026-02-07 21:20:53,402.57307013099216,0,Normal,1.0,Normal
2026-02-07 22:20:53,373.9824353546416,0,Normal,0.98,Normal
2026-02-07 23:20:53,440.3610825072281,0,Storage Growth,0.98,Storage Growth
2026-02-08 00:20:53,464.8842485035957,0,Backup/Snapshot Growth,1.0,Backup/Snapshot Growth
2026-02-08 01:20:53,379.947539050852,0,Normal,1.0,Normal
2026-02-08 02:20:53,589.1112471121102,1,Backup/Snapshot Growth,1.0,Backup/Snapshot Growth
2026-02-08 03:20:53,449.9206219101552,0,Normal,1.0,Normal
2026-02-08 04:20:53,395.39256254917314,0,Idle Resources,1.0,Idle Resources
2026-02-08 05:20:53,382.2323855044267,0,Normal,0.99,Normal
2026-02-08 06:20:53,463.7612785210164,0,Backup/Snapshot Growth,0.9,Backup/Snapshot Growth
2026-02-08 07:20:53,399.4152925182821,0,Normal,1.0,Normal
2026-02-08 08:20:53,452.9216620917941,0,Network Traffic,0.99,Network Traffic
2026-02-08 09:20:53,315.9777138364489,0,Auto Scaling,1.0,Auto Scaling
2026-02-08 10:20:53,262.5991148762844,0,Normal,1.0,Normal
2026-02-08 11:20:53,290.179544989873,0,Normal,0.99,Normal
2026-02-08 12:20:53,415.3732339417556,0,Normal,1.0,Normal
2026-02-08 13:20:53,423.167856922095,0,Network Traffic,1.0,Network Traffic
2026-02-08 14:20:53,386.92630046175606,0,Normal,1.0,Normal
2026-02-08 15:20:53,264.97529300850704,0,Normal,1.0,Normal
2026-02-08 16:20:53,456.2033915573555,0,Database Load,0.97,Database Load
2026-02-08 17:20:53,479.0425714532354,0,Database Load,1.0,Database Load
2026-02-08 18:20:53,363.2622442193229,0,Auto Scaling,1.0,Auto Scaling
2026-02-08 19:20:53,254.8875942899897,0,Normal,1.0,Normal
2026-02-08 20:20:53,577.392695592434,0,Database Load,1.0,Database Load
2026-02-08 21:20:53,317.8947439557812,0,Normal,1.0,Normal
2026-02-08 22:20:53,381.9119798919734,0,Normal,1.0,Normal
2026-02-08 23:20:53,435.4838064436751,0,Network Traffic,1.0,Network Traffic
2026-02-09 00:20:53,258.36963925872203,0,Normal,1.0,Normal
2026-02-09 01:20:53,406.5265132961186,0,Network Traffic,1.0,Network Traffic
2026-02-09 02:20:53,385.6959043080952,0,Auto Scaling,1.0,Auto Scaling
2026-02-09 03:20:53,419.6728126263257,0,Auto Scaling,0.99,Auto Scaling
2026-02-09 04:20:53,540.3114951815248,0,Database Load,1.0,Database Load
2026-02-09 05:20:53,366.7259605872253,0,Normal,0.99,Normal
2026-02-09 06:20:53,383.84238830970224,0,Storage Growth,0.99,Storage Growth
2026-02-09 07:20:53,375.22207227868455,0,Normal,1.0,Normal
2026-02-09 08:20:53,508.5198188304231,0,Backup/Snapshot Growth,1.0,Backup/Snapshot Growth
2026-02-09 09:20:53,484.6227514314909,0,Backup/Snapshot Growth,0.99,Backup/Snapshot Growth
2026-02-09 10:20:53,300.4174917557814,0,Normal,1.0,Normal
2026-02-09 11:20:53,511.1108608133619,0,Backup/Snapshot Growth,1.0,Backup/Snapshot Growth
2026-02-09 12:20:53,330.8546802992605,0,Normal,1.0,Normal
2026-02-09 13:20:53,315.79575546930624,0,Normal,1.0,Normal
2026-02-09 14:20:53,416.2953717422275,0,Database Load,1.0,Database Load
2026-02-09 15:20:53,371.9746440053171,0,Auto Scaling,1.0,Auto Scaling
2026-02-09 16:20:53,328.0084108989998,0,Normal,1.0,Normal
2026-02-09 17:20:53,472.0207466440317,0,Database Load,1.0,Database Load
2026-02-09 18:20:53,508.2880820198063,0,Database Load,1.0,Database Load
2026-02-09 19:20:53,403.1198665461976,0,Idle Resources,1.0,Idle Resources
2026-02-09 20:20:53,165.30740921321504,0,Normal,1.0,Normal
2026-02-09 21:20:53,358.88653708904087,0,Network Traffic,1.0,Network Traffic
2026-02-09 22:20:53,348.3166063479442,0,Storage Growth,1.0,Storage Growth
2026-02-09 23:20:53,281.49830687926203,0,Normal,1.0,Normal
2026-02-10 00:20:53,319.3007700589086,0,Normal,1.0,Normal
2026-02-10 01:20:53,298.98581399157564,0,Normal,0.97,Normal
2026-02-10 02:20:53,270.5791655241115,0,Normal,1.0,Normal
2026-02-10 03:20:53,412.441923291266,0,Normal,1.0,Normal
2026-02-10 04:20:53,334.28404165398047,0,Normal,1.0,Normal
2026-02-10 05:20:53,374.79406732995744,0,Normal,1.0,Normal
2026-02-10 06:20:53,434.86555316484873,0,Idle Resources,1.0,Idle Resources
2026-02-10 07:20:53,268.15621323162304,0,Normal,1.0,Normal
2026-02-10 08:20:53,504.9310458297089,1,Idle Resources,1.0,Idle Resources
2026-02-10 09:20:53,332.17398767555466,0,Normal,1.0,Normal
2026-02-10 10:20:53,372.629635461108,0,Auto Scaling,1.0,Auto Scaling
2026-02-10 11:20:53,410.59081129510525,0,Idle Resources,1.0,Idle Resources
2026-02-10 12:20:53,336.37778114272925,0,Normal,1.0,Normal
2026-02-10 13:20:53,421.9338255850164,0,Auto Scaling,1.0,Auto Scaling
2026-02-10 14:20:53,477.1781921157533,0,Database Load,1.0,Database Load
2026-02-10 15:20:53,538.4274908555536,1,Backup/Snapshot Growth,0.99,Backup/Snapshot Growth
2026-02-10 16:20:53,405.16397933681696,0,Auto Scaling,1.0,Auto Scaling
2026-02-10 17:20:53,303.00275421862,0,Network Traffic,1.0,Network Traffic
2026-02-10 18:20:53,333.33058022452474,0,Normal,1.0,Normal
2026-02-10 19:20:53,309.4977186374111,0,Normal,1.0,Normal
2026-02-10 20:20:53,351.7658845833608,0,Normal,1.0,Normal
2026-02-10 21:20:53,454.48721139388937,0,Idle Resources,1.0,Idle Resources
2026-02-10 22:20:53,369.0644834861694,0,Database Load,1.0,Database Load
2026-02-10 23:20:53,643.6143002060927,1,Database Load,1.0,Database Load
2026-02-11 00:20:53,498.9289799828258,1,Idle Resources,1.0,Idle Resources
2026-02-11 01:20:53,284.55768229217165,0,Normal,1.0,Normal
2026-02-11 02:20:53,396.234470740822,0,Normal,0.99,Normal
2026-02-11 03:20:53,332.54911441700995,0,Auto Scaling,1.0,Auto Scaling
2026-02-11 04:20:53,318.7721783190145,0,Normal,1.0,Normal
2026-02-11 05:20:53,322.8914794710499,0,Normal,0.99,Normal
2026-02-11 06:20:53,301.39569463108126,0,Normal,1.0,Normal
2026-02-11 07:20:53,330.677301189913,0,Network Traffic,1.0,Network Traffic
2026-02-11 08:20:53,564.313983631618,0,Database Load,1.0,Database Load
2026-02-11 09:20:53,328.3085239365776,0,Normal,0.99,Normal
2026-02-11 10:20:53,594.0035750876176,0,Database Load,1.0,Database Load
2026-02-11 11:20:53,500.9546785869001,0,Backup/Snapshot Growth,1.0,Backup/Snapshot Growth
2026-02-11 12:20:53,416.9519922346206,0,Normal,0.97,Normal
2026-02-11 13:20:53,365.4774828124297,0,Normal,1.0,Normal
2026-02-11 14:20:53,348.0503790471256,0,Storage Growth,0.99,Storage Growth
2026-02-11 15:20:53,689.6351219100584,1,Database Load,1.0,Database Load
2026-02-11 16:20:53,348.4733270244894,0,Normal,1.0,Normal
2026-02-11 17:20:53,352.5654503744676,0,Normal,1.0,Normal
2026-02-11 18:20:53,326.6056785968213,0,Normal,0.99,Normal
2026-02-11 19:20:53,353.7954943031283,0,Normal,1.0,Normal
2026-02-11 20:20:53,282.38091827233177,1,Auto Scaling,1.0,Auto Scaling
2026-02-11 21:20:53,634.2500430776606,1,Database Load,1.0,Database Load
2026-02-11 22:20:53,367.3353235733637,0,Normal,1.0,Normal
2026-02-11 23:20:53,405.0613993715424,0,Network Traffic,1.0,Network Traffic
2026-02-12 00:20:53,331.53273933145454,0,Normal,1.0,Normal
2026-02-12 01:20:53,530.0644779395055,0,Database Load,1.0,Database Load
2026-02-12 02:20:53,426.1484550624483,0,Auto Scaling,1.0,Auto Scaling
2026-02-12 03:20:53,371.4574757424828,0,Normal,1.0,Normal
2026-02-12 04:20:53,469.26389239645175,0,Auto Scaling,0.99,Auto Scaling
2026-02-12 05:20:53,246.4385966265596,0,Network Traffic,1.0,Network Traffic
2026-02-12 06:20:53,377.6049251113334,0,Network Traffic,1.0,Network Traffic
2026-02-12 07:20:53,346.9990865434561,0,Normal,1.0,Normal
2026-02-12 08:20:53,369.9176012819285,0,Normal,1.0,Normal
2026-02-12 09:20:53,442.52983001949343,0,Idle Resources,0.98,Idle Resources
2026-02-12 10:20:53,489.93759852837167,0,Idle Resources,1.0,Idle Resources
2026-02-12 11:20:53,401.276321973128,0,Backup/Snapshot Growth,1.0,Backup/Snapshot Growth
2026-02-12 12:20:53,347.69733385938844,0,Network Traffic,1.0,Network Traffic
2026-02-12 13:20:53,283.2063563418476,0,Normal,1.0,Normal
2026-02-12 14:20:53,493.5212739430388,0,Auto Scaling,1.0,Auto Scaling
2026-02-12 15:20:53,377.3710236255769,0,Normal,0.99,Normal
2026-02-12 16:20:53,330.5257168686189,0,Normal,1.0,Normal
2026-02-12 17:20:53,351.0093926612276,0,Normal,1.0,Normal
2026-02-12 18:20:53,315.1793487949664,0,Normal,1.0,Normal
2026-02-12 19:20:53,349.1618362825053,0,Normal,1.0,Normal
2026-02-12 20:20:53,583.7431986541629,0,Backup/Snapshot Growth,1.0,Backup/Snapshot Growth
2026-02-12 21:20:53,368.8880394610512,0,Normal,0.99,Normal
2026-02-12 22:20:53,362.1981584810761,0,Storage Growth,1.0,Storage Growth
2026-02-12 23:20:53,298.9166630095258,0,Normal,1.0,Normal
2026-02-13 00:20:53,513.6247624336972,0,Backup/Snapshot Growth,1.0,Backup/Snapshot Growth
2026-02-13 01:20:53,581.245634905491,1,Backup/Snapshot Growth,1.0,Backup/Snapshot Growth
2026-02-13 02:20:53,358.696642868202,0,Normal,1.0,Normal
2026-02-13 03:20:53,413.17610487489134,0,Auto Scaling,1.0,Auto Scaling
2026-02-13 04:20:53,528.858956191833,1,Idle Resources,1.0,Idle Resources
2026-02-13 05:20:53,345.2342072658878,0,Normal,1.0,Normal
2026-02-13 06:20:53,346.9823573842732,0,Normal,1.0,Normal
2026-02-13 07:20:53,558.0186072118138,0,Database Load,1.0,Database Load
2026-02-13 08:20:53,394.807358219624,0,Idle Resources,1.0,Idle Resources
2026-02-13 09:20:53,245.04993615750908,0,Storage Growth,1.0,Storage Growth
2026-02-13 10:20:53,376.900446167432,0,Normal,1.0,Normal
2026-02-13 11:20:53,416.0765092332557,0,Normal,1.0,Normal
2026-02-13 12:20:53,349.8120026333165,0,Normal,1.0,Normal
2026-02-13 13:20:53,285.0887670611898,0,Normal,1.0,Normal
2026-02-13 14:20:53,423.2746493589054,0,Network Traffic,1.0,Network Traffic
2026-02-13 15:20:53,350.74952813779373,0,Normal,0.99,Normal
2026-02-13 16:20:53,420.15176207899526,1,Idle Resources,1.0,Idle Resources
2026-02-13 17:20:53,255.98584785501345,0,Normal,1.0,Normal
2026-02-13 18:20:53,373.7040601791334,0,Normal,1.0,Normal
2026-02-13 19:20:53,518.8073899486495,0,Database Load,1.0,Database Load
2026-02-13 20:20:53,622.0416787251476,1,Database Load,1.0,Database Load
2026-02-13 21:20:53,328.6384603886846,0,Normal,1.0,Normal
2026-02-13 22:20:53,584.1901870109363,0,Database Load,1.0,Database Load
2026-02-13 23:20:53,392.5603852238551,0,Normal,1.0,Normal
2026-02-14 00:20:53,411.8441462433356,0,Normal,1.0,Normal
2026-02-14 01:20:53,596.7809606562779,0,Database Load,1.0,Database Load
2026-02-14 02:20:53,396.3137602305914,0,Normal,1.0,Normal
2026-02-14 03:20:53,425.005028696173,0,Network Traffic,1.0,Network Traffic
2026-02-14 04:20:53,379.490426562102,0,Auto Scaling,1.0,Auto Scaling
2026-02-14 05:20:53,394.6436694060274,0,Database Load,1.0,Database Load
2026-02-14 06:20:53,369.5796774341132,0,Normal,1.0,Normal
2026-02-14 07:20:53,376.2358331218493,0,Auto Scaling,1.0,Auto Scaling
2026-02-14 08:20:53,526.7693716736967,0,Database Load,1.0,Database Load
2026-02-14 09:20:53,367.0690086159788,0,Normal,1.0,Normal
2026-02-14 10:20:53,394.1923966782833,1,Auto Scaling,1.0,Auto Scaling
2026-02-14 11:20:53,389.9797166690661,0,Auto Scaling,1.0,Auto Scaling
2026-02-14 12:20:53,324.6912710855453,0,Normal,1.0,Normal
2026-02-14 13:20:53,351.26267571192653,0,Normal,0.83,Normal
2026-02-14 14:20:53,331.6976086104208,0,Auto Scaling,1.0,Auto Scaling
2026-02-14 15:20:53,662.2696460144668,1,Backup/Snapshot Growth,1.0,Backup/Snapshot Growth
2026-02-14 16:20:53,571.8381052663692,0,Database Load,1.0,Database Load
2026-02-14 17:20:53,334.2416031221165,0,Normal,1.0,Normal
2026-02-14 18:20:53,373.72879150679137,0,Network Traffic,1.0,Network Traffic
2026-02-14 19:20:53,326.0844659290731,0,Network Traffic,1.0,Network Traffic
2026-02-14 20:20:53,604.0665115644738,0,Database Load,1.0,Database Load
2026-02-14 21:20:53,310.1088037374308,0,Normal,1.0,Normal
2026-02-14 22:20:53,346.8741966425937,0,Normal,1.0,Normal
2026-02-14 23:20:53,295.09701626642845,0,Normal,1.0,Normal
2026-02-15 00:20:53,353.63572256235454,0,Storage Growth,1.0,Storage Growth
2026-02-15 01:20:53,500.14238716190255,1,Backup/Snapshot Growth,1.0,Backup/Snapshot Growth
2026-02-15 02:20:53,487.1216516692457,0,Idle Resources,1.0,Idle Resources
2026-02-15 03:20:53,311.63528652913766,0,Normal,1.0,Normal
2026-02-15 04:20:53,415.7493049038296,0,Auto Scaling,0.99,Auto Scaling
2026-02-15 05:20:53,297.7997293975995,0,Normal,1.0,Normal
2026-02-15 06:20:53,339.11335211291873,0,Storage Growth,1.0,Storage Growth
2026-02-15 07:20:53,380.1623604137888,0,Idle Resources,0.99,Idle Resources
2026-02-15 08:20:53,418.4393121842865,0,Normal,0.97,Normal
2026-02-15 09:20:53,371.6364426508839,0,Normal,0.99,Normal
2026-02-15 10:20:53,353.19559886241166,0,Normal,1.0,Normal
2026-02-15 11:20:53,426.7620644155108,0,Normal,1.0,Normal
2026-02-15 12:20:53,287.8688937663041,0,Normal,1.0,Normal
2026-02-15 13:20:53,625.3207721462983,1,Backup/Snapshot Growth,1.0,Backup/Snapshot Growth
2026-02-15 14:20:53,390.5722354124139,0,Normal,1.0,Normal
2026-02-15 15:20:53,338.0435645924392,0,Normal,1.0,Normal
2026-02-15 16:20:53,373.2116235351582,0,Normal,1.0,Normal
2026-02-15 17:20:53,397.55827152954606,0,Normal,1.0,Normal
2026-02-15 18:20:53,399.72622065248737,0,Idle Resources,1.0,Idle Resources
2026-02-15 19:20:53,389.8005111067087,0,Auto Scaling,1.0,Auto Scaling
2026-02-15 20:20:53,311.14191953682547,0,Normal,1.0,Normal
2026-02-15 21:20:53,425.5138069133252,0,Idle Resources,1.0,Idle Resources
2026-02-15 22:20:53,535.7634860422173,0,Idle Resources,1.0,Idle Resources
2026-02-15 23:20:53,281.68885649645125,0,Normal,1.0,Normal
2026-02-16 00:20:53,359.8039192118272,0,Storage Growth,1.0,Storage Growth
2026-02-16 01:20:53,445.5986521264867,0,Database Load,1.0,Database Load
2026-02-16 02:20:53,365.7407314577496,0,Database Load,0.94,Database Load
2026-02-16 03:20:53,578.3804473342084,0,Database Load,1.0,Database Load
2026-02-16 04:20:53,365.6386454780044,0,Normal,1.0,Normal
2026-02-16 05:20:53,284.02815485323805,0,Normal,1.0,Normal
2026-02-16 06:20:53,280.828037071626,0,Normal,1.0,Normal
2026-02-16 07:20:53,332.1476730322548,0,Normal,1.0,Normal
2026-02-16 08:20:53,324.6057702495082,0,Normal,1.0,Normal
2026-02-16 09:20:53,438.520650386832,0,Idle Resources,1.0,Idle Resources
2026-02-16 10:20:53,350.1254980595419,0,Normal,1.0,Normal
2026-02-16 11:20:53,373.3941286251582,0,Network Traffic,1.0,Network Traffic
2026-02-16 12:20:53,282.82820847652187,0,Network Traffic,1.0,Network Traffic
2026-02-16 13:20:53,417.9758937795896,0,Idle Resources,1.0,Idle Resources
2026-02-16 14:20:53,298.42214684212894,0,Idle Resources,0.98,Idle Resources
2026-02-16 15:20:53,358.2876939072142,0,Normal,1.0,Normal
2026-02-16 16:20:53,372.04501540957904,0,Normal,1.0,Normal
2026-02-16 17:20:53,329.4675056574088,0,Network Traffic,1.0,Network Traffic
2026-02-16 18:20:53,296.9154141552657,0,Normal,0.87,Normal
2026-02-16 19:20:53,314.2572664483017,0,Normal,1.0,Normal
2026-02-16 20:20:53,409.9992968965579,0,Normal,1.0,Normal
2026-02-16 21:20:53,437.3765529653447,0,Database Load,0.87,Database Load
2026-02-16 22:20:53,536.1029883234069,0,Backup/Snapshot Growth,1.0,Backup/Snapshot Growth
2026-02-16 23:20:53,352.7855476001046,0,Normal,1.0,Normal
2026-02-17 00:20:53,394.1496901121839,0,Network Traffic,1.0,Network Traffic
2026-02-17 01:20:53,389.37344831466703,0,Auto Scaling,1.0,Auto Scaling
2026-02-17 02:20:53,352.18535683715294,0,Normal,0.99,Normal
2026-02-17 03:20:53,390.6540061446438,0,Normal,1.0,Normal
2026-02-17 04:20:53,407.1264837441751,0,Idle Resources,1.0,Idle Resources
2026-02-17 05:20:53,423.9733574470753,0,Normal,1.0,Normal
2026-02-17 06:20:53,438.5071987572172,0,Auto Scaling,1.0,Auto Scaling
2026-02-17 07:20:53,340.13158304987587,0,Auto Scaling,1.0,Auto Scaling
2026-02-17 08:20:53,344.7161730898166,0,Normal,1.0,Normal
2026-02-17 09:20:53,450.0200096879186,0,Database Load,1.0,Database Load
2026-02-17 10:20:53,379.2406519375011,0,Network Traffic,1.0,Network Traffic
2026-02-17 11:20:53,361.2915455456396,0,Normal,1.0,Normal
2026-02-17 12:20:53,408.3625082533165,0,Auto Scaling,1.0,Auto Scaling
2026-02-17 13:20:53,283.000555570646,0,Normal,1.0,Normal
2026-02-17 14:20:53,352.8974419158828,0,Idle Resources,1.0,Idle Resources
2026-02-17 15:20:53,506.9596225519072,0,Database Load,1.0,Database Load
2026-02-17 16:20:53,434.7188869412156,0,Database Load,0.97,Database Load
2026-02-17 17:20:53,323.3845385228962,0,Storage Growth,0.99,Storage Growth
2026-02-17 18:20:53,317.30201605656737,0,Idle Resources,1.0,Idle Resources
2026-02-17 19:20:53,455.106454236516,0,Auto Scaling,1.0,Auto Scaling
2026-02-17 20:20:53,350.2444288921865,0,Auto Scaling,1.0,Auto Scaling
2026-02-17 21:20:53,431.9249604707026,0,Database Load,1.0,Database Load
2026-02-17 22:20:53,342.3452820374157,0,Normal,1.0,Normal
2026-02-17 23:20:53,480.5386196910431,0,Auto Scaling,1.0,Auto Scaling
2026-02-18 00:20:53,346.4381932661326,0,Normal,1.0,Normal
2026-02-18 01:20:53,387.6198736455162,0,Network Traffic,1.0,Network Traffic
2026-02-18 02:20:53,499.3964536806581,0,Database Load,1.0,Database Load
2026-02-18 03:20:53,306.66730019869004,0,Normal,1.0,Normal
2026-02-18 04:20:53,323.9260522515642,0,Normal,1.0,Normal
2026-02-18 05:20:53,626.1518734959659,1,Backup/Snapshot Growth,1.0,Backup/Snapshot Growth
2026-02-18 06:20:53,373.284509090362,0,Normal,1.0,Normal
2026-02-18 07:20:53,685.3363318340504,1,Database Load,0.98,Database Load
2026-02-18 08:20:53,306.384062063745,0,Normal,1.0,Normal
2026-02-18 09:20:53,415.86648261683104,0,Normal,1.0,Normal
2026-02-18 10:20:53,337.4148833049164,0,Normal,1.0,Normal
2026-02-18 11:20:53,283.8116232887924,0,Normal,1.0,Normal
2026-02-18 12:20:53,512.3886255929287,0,Database Load,1.0,Database Load
2026-02-18 13:20:53,496.2429721520916,0,Database Load,0.99,Database Load
2026-02-18 14:20:53,325.6695239772162,0,Normal,0.97,Normal
2026-02-18 15:20:53,416.51080399625687,0,Storage Growth,0.94,Storage Growth
2026-02-18 16:20:53,438.2860190541519,0,Normal,0.99,Normal
2026-02-18 17:20:53,421.3399644992286,0,Network Traffic,1.0,Network Traffic
2026-02-18 18:20:53,314.36808530565514,0,Normal,1.0,Normal
2026-02-18 19:20:53,342.1115450905465,0,Storage Growth,0.99,Storage Growth
2026-02-18 20:20:53,408.5031780283608,0,Idle Resources,1.0,Idle Resources
2026-02-18 21:20:53,425.3349411312669,0,Normal,0.93,Normal
2026-02-18 22:20:53,330.97912663724946,0,Normal,1.0,Normal
2026-02-18 23:20:53,434.4391915495135,0,Auto Scaling,1.0,Auto Scaling
2026-02-19 00:20:53,551.5167626769462,0,Database Load,1.0,Database Load
2026-02-19 01:20:53,353.1829093238868,0,Auto Scaling,1.0,Auto Scaling
2026-02-19 02:20:53,319.54788143678644,0,Auto Scaling,0.98,Auto Scaling
2026-02-19 03:20:53,268.860201575394,0,Normal,1.0,Normal
2026-02-19 04:20:53,450.4900313860476,0,Network Traffic,1.0,Network Traffic
2026-02-19 05:20:53,338.9504369302196,0,Idle Resources,0.99,Idle Resources
2026-02-19 06:20:53,351.61031950160964,0,Normal,1.0,Normal
2026-02-19 07:20:53,527.2520717916602,0,Database Load,1.0,Database Load
2026-02-19 08:20:53,348.7406382664806,0,Normal,1.0,Normal
2026-02-19 09:20:53,429.0995240541539,0,Auto Scaling,0.99,Auto Scaling
2026-02-19 10:20:53,368.2453586231216,0,Network Traffic,1.0,Network Traffic
2026-02-19 11:20:53,367.6348178876733,0,Normal,1.0,Normal
2026-02-19 12:20:53,395.15744959284825,0,Network Traffic,1.0,Network Traffic
2026-02-19 13:20:53,590.2461380078663,0,Database Load,1.0,Database Load
2026-02-19 14:20:53,392.4146288499041,0,Normal,1.0,Normal
2026-02-19 15:20:53,408.6116939435298,0,Network Traffic,1.0,Network Traffic
2026-02-19 16:20:53,421.3112368094827,0,Idle Resources,1.0,Idle Resources
2026-02-19 17:20:53,364.5391122654069,0,Storage Growth,1.0,Storage Growth
2026-02-19 18:20:53,487.8897678427221,1,Idle Resources,1.0,Idle Resources
2026-02-19 19:20:53,311.97551036441706,0,Network Traffic,1.0,Network Traffic
2026-02-19 20:20:53,303.73207537143844,0,Normal,1.0,Normal
2026-02-19 21:20:53,207.6749658122028,0,Normal,0.99,Normal
2026-02-19 22:20:53,302.88252245657566,0,Normal,1.0,Normal
2026-02-19 23:20:53,404.50920146870857,0,Normal,1.0,Normal
2026-02-20 00:20:53,218.94095009776484,0,Normal,1.0,Normal
2026-02-20 01:20:53,326.5416884229492,0,Normal,0.99,Normal
2026-02-20 02:20:53,318.2789584307686,0,Normal,1.0,Normal
2026-02-20 03:20:53,589.8341409127665,1,Database Load,1.0,Database Load
2026-02-20 04:20:53,249.1737053377532,0,Normal,1.0,Normal
2026-02-20 05:20:53,434.70591883643766,0,Idle Resources,0.96,Idle Resources
2026-02-20 06:20:53,354.11822786955764,0,Normal,0.95,Normal
2026-02-20 07:20:53,286.4706043246132,0,Normal,1.0,Normal
2026-02-20 08:20:53,364.65933885288393,0,Storage Growth,1.0,Storage Growth
2026-02-20 09:20:53,351.9034406313257,0,Network Traffic,1.0,Network Traffic
2026-02-20 10:20:53,336.1718852257161,0,Normal,1.0,Normal
2026-02-20 11:20:53,426.9840745859748,0,Normal,1.0,Normal
2026-02-20 12:20:53,308.2471941827423,0,Network Traffic,0.97,Network Traffic
2026-02-20 13:20:53,314.30897909528016,0,Normal,1.0,Normal
2026-02-20 14:20:53,386.64418815715305,0,Normal,1.0,Normal
2026-02-20 15:20:53,396.765864918394,0,Idle Resources,1.0,Idle Resources
2026-02-20 16:20:53,324.9967731731315,0,Normal,1.0,Normal
2026-02-20 17:20:53,399.1841844528476,0,Normal,1.0,Normal
2026-02-20 18:20:53,339.5650021513725,0,Storage Growth,1.0,Storage Growth
2026-02-20 19:20:53,440.8657085684483,0,Idle Resources,1.0,Idle Resources
2026-02-20 20:20:53,387.2804337057539,0,Auto Scaling,1.0,Auto Scaling
2026-02-20 21:20:53,491.2639523855423,0,Storage Growth,0.98,Storage Growth
2026-02-20 22:20:53,297.3778923933735,0,Auto Scaling,1.0,Auto Scaling
2026-02-20 23:20:53,275.97463457717714,0,Normal,1.0,Normal
2026-02-21 00:20:53,431.902256391784,0,Backup/Snapshot Growth,1.0,Backup/Snapshot Growth
2026-02-21 01:20:53,321.9464991139123,0,Normal,1.0,Normal
2026-02-21 02:20:53,536.0456430566575,0,Database Load,1.0,Database Load
2026-02-21 03:20:53,339.066186059348,0,Normal,1.0,Normal
2026-02-21 04:20:53,446.9270894574096,0,Idle Resources,1.0,Idle Resources
2026-02-21 05:20:53,321.1728902418757,0,Auto Scaling,1.0,Auto Scaling
2026-02-21 06:20:53,356.8492821324805,0,Auto Scaling,0.99,Auto Scaling
2026-02-21 07:20:53,288.66830702998766,0,Normal,1.0,Normal
2026-02-21 08:20:53,333.05417526916034,0,Database Load,0.73,Database Load
2026-02-21 09:20:53,246.0542502097136,0,Normal,1.0,Normal
2026-02-21 10:20:53,426.5482560234048,0,Storage Growth,1.0,Storage Growth
2026-02-21 11:20:53,409.1151214390157,0,Storage Growth,0.69,Storage Growth
2026-02-21 12:20:53,406.639867776466,0,Normal,1.0,Normal
2026-02-21 13:20:53,412.27976871891167,0,Normal,1.0,Normal
2026-02-21 14:20:53,305.78616388090194,0,Normal,1.0,Normal
2026-02-21 15:20:53,351.4842012159344,0,Normal,1.0,Normal
2026-02-21 16:20:53,439.1152074158757,0,Database Load,0.99,Database Load
2026-02-21 17:20:53,428.8293817079888,0,Idle Resources,1.0,Idle Resources
2026-02-21 18:20:53,391.4389339669264,0,Normal,1.0,Normal
2026-02-21 19:20:53,435.9041264925859,0,Normal,0.99,Normal
2026-02-21 20:20:53,274.4769350902382,0,Normal,1.0,Normal
2026-02-21 21:20:53,513.3542811158928,0,Database Load,1.0,Database Load
2026-02-21 22:20:53,275.959903337157,0,Normal,1.0,Normal
2026-02-21 23:20:53,335.5204088651929,0,Normal,1.0,Normal
2026-02-22 00:20:53,230.0553057201342,0,Normal,1.0,Normal
2026-02-22 01:20:53,339.15708290029863,0,Normal,1.0,Normal
2026-02-22 02:20:53,305.1261015423698,0,Normal,1.0,Normal
2026-02-22 03:20:53,315.4686403839279,0,Normal,1.0,Normal
2026-02-22 04:20:53,250.8820612505936,0,Normal,0.99,Normal
2026-02-22 05:20:53,453.2711431062221,1,Backup/Snapshot Growth,1.0,Backup/Snapshot Growth
2026-02-22 06:20:53,345.81323586601525,0,Network Traffic,1.0,Network Traffic
2026-02-22 07:20:53,363.5838501682858,0,Storage Growth,0.98,Storage Growth
2026-02-22 08:20:53,417.6637945327556,0,Database Load,1.0,Database Load
2026-02-22 09:20:53,282.0142908102728,0,Normal,1.0,Normal
2026-02-22 10:20:53,353.3311732178348,0,Normal,1.0,Normal
2026-02-22 11:20:53,349.0859779751574,0,Normal,1.0,Normal
2026-02-22 12:20:53,322.80966062704726,0,Normal,1.0,Normal
2026-02-22 13:20:53,261.4392698005222,0,Normal,1.0,Normal
2026-02-22 14:20:53,268.3228174857108,0,Normal,1.0,Normal
2026-02-22 15:20:53,636.0186227279625,0,Database Load,1.0,Database Load
2026-02-22 16:20:53,441.6639130327687,0,Normal,0.99,Normal
2026-02-22 17:20:53,415.4451732671829,0,Normal,1.0,Normal
2026-02-22 18:20:53,339.4401186111708,0,Normal,1.0,Normal
2026-02-22 19:20:53,291.7388897099883,0,Normal,1.0,Normal
2026-02-22 20:20:53,329.7025180731026,0,Normal,1.0,Normal
2026-02-22 21:20:53,321.76690734227424,0,Network Traffic,0.99,Network Traffic
2026-02-22 22:20:53,389.1325061157791,0,Auto Scaling,1.0,Auto Scaling
2026-02-22 23:20:53,319.77417267986164,0,Normal,0.92,Normal
2026-02-23 00:20:53,558.9148351379807,0,Backup/Snapshot Growth,1.0,Backup/Snapshot Growth
2026-02-23 01:20:53,383.36290083349127,0,Normal,0.99,Normal
2026-02-23 02:20:53,415.2219639601015,0,Normal,1.0,Normal
2026-02-23 03:20:53,435.2509309373101,0,Idle Resources,0.99,Idle Resources
2026-02-23 04:20:53,360.28496970152685,0,Database Load,0.98,Database Load
2026-02-23 05:20:53,298.7532536792863,0,Normal,1.0,Normal
2026-02-23 06:20:53,503.7426261991017,0,Database Load,1.0,Database Load
2026-02-23 07:20:53,278.0049001637761,0,Storage Growth,1.0,Storage Growth
2026-02-23 08:20:53,585.7080895875721,1,Backup/Snapshot Growth,0.99,Backup/Snapshot Growth
2026-02-23 09:20:53,395.688591393508,0,Normal,1.0,Normal
2026-02-23 10:20:53,398.018256377225,0,Idle Resources,1.0,Idle Resources
2026-02-23 11:20:53,434.7949671751153,0,Idle Resources,1.0,Idle Resources
2026-02-23 12:20:53,401.6795170433178,1,Auto Scaling,1.0,Auto Scaling
2026-02-23 13:20:53,331.1332786054048,0,Normal,1.0,Normal
2026-02-23 14:20:53,561.5529143098471,0,Database Load,1.0,Database Load
2026-02-23 15:20:53,497.3317508044311,0,Database Load,0.99,Database Load
2026-02-23 16:20:53,324.6798932794288,0,Normal,0.99,Normal
2026-02-23 17:20:53,366.72151390129386,0,Idle Resources,1.0,Idle Resources
2026-02-23 18:20:53,422.2616251641124,0,Auto Scaling,1.0,Auto Scaling
2026-02-23 19:20:53,378.68928641500537,0,Normal,0.91,Normal
2026-02-23 20:20:53,450.7312668273193,0,Normal,0.99,Normal
2026-02-23 21:20:53,367.2739650345073,0,Normal,1.0,Normal
2026-02-23 22:20:53,344.3090789987322,0,Normal,0.98,Normal
2026-02-23 23:20:53,315.8214994594122,0,Normal,1.0,Normal
2026-02-24 00:20:53,639.5512193069123,1,Database Load,1.0,Database Load
2026-02-24 01:20:53,369.63570837424976,0,Idle Resources,1.0,Idle Resources
2026-02-24 02:20:53,251.99573745115288,0,Normal,1.0,Normal
2026-02-24 03:20:53,337.8891746651036,0,Normal,1.0,Normal
2026-02-24 04:20:53,456.4931033836976,0,Network Traffic,1.0,Network Traffic
2026-02-24 05:20:53,450.65828124504446,0,Auto Scaling,1.0,Auto Scaling
2026-02-24 06:20:53,354.6170847618534,0,Normal,1.0,Normal
2026-02-24 07:20:53,371.5439748309088,0,Network Traffic,1.0,Network Traffic
2026-02-24 08:20:53,359.87723070039385,0,Normal,1.0,Normal
2026-02-24 09:20:53,427.0457361991328,0,Idle Resources,1.0,Idle Resources
2026-02-24 10:20:53,387.8893581504483,0,Auto Scaling,0.99,Auto Scaling
2026-02-24 11:20:53,351.2161510080037,0,Normal,1.0,Normal
2026-02-24 12:20:53,301.0899765109983,0,Normal,1.0,Normal
2026-02-24 13:20:53,409.3609329835048,0,Idle Resources,1.0,Idle Resources
2026-02-24 14:20:53,385.9705952087703,0,Storage Growth,1.0,Storage Growth
2026-02-24 15:20:53,377.204553566052,0,Normal,1.0,Normal
2026-02-24 16:20:53,460.55499733300667,0,Idle Resources,1.0,Idle Resources
2026-02-24 17:20:53,302.695918050472,0,Storage Growth,0.95,Storage Growth
2026-02-24 18:20:53,250.74399441777467,0,Normal,1.0,Normal
2026-02-24 19:20:53,333.9691274018846,0,Normal,1.0,Normal
2026-02-24 20:20:53,375.5052996233852,0,Idle Resources,1.0,Idle Resources
2026-02-24 21:20:53,340.97402699984616,0,Normal,1.0,Normal
2026-02-24 22:20:53,338.9285942893165,0,Network Traffic,1.0,Network Traffic
2026-02-24 23:20:53,396.2371091080059,0,Network Traffic,1.0,Network Traffic
2026-02-25 00:20:53,302.8526219581594,0,Normal,1.0,Normal
2026-02-25 01:20:53,409.9732457349487,0,Idle Resources,0.99,Idle Resources
2026-02-25 02:20:53,283.0737708389761,0,Normal,0.99,Normal
2026-02-25 03:20:53,390.7595155371747,0,Normal,0.99,Normal
2026-02-25 04:20:53,327.814695277209,0,Normal,1.0,Normal
2026-02-25 05:20:53,380.859565345889,0,Normal,1.0,Normal
2026-02-25 06:20:53,635.0949624003746,0,Database Load,1.0,Database Load
2026-02-25 07:20:53,302.90596904089966,0,Normal,1.0,Normal
2026-02-25 08:20:53,267.3866779481492,0,Normal,0.99,Normal
2026-02-25 09:20:53,419.66361572857545,0,Normal,1.0,Normal
2026-02-25 10:20:53,524.5195388856788,0,Database Load,1.0,Database Load
2026-02-25 11:20:53,403.5041593273169,0,Normal,1.0,Normal
2026-02-25 12:20:53,341.2234351559004,0,Normal,1.0,Normal
2026-02-25 13:20:53,450.40206712957365,0,Network Traffic,1.0,Network Traffic
2026-02-25 14:20:53,433.64299962368494,0,Auto Scaling,1.0,Auto Scaling
2026-02-25 15:20:53,325.40231244363025,0,Normal,0.99,Normal
2026-02-25 16:20:53,335.3236311165521,0,Normal,1.0,Normal
2026-02-25 17:20:53,344.72989705544177,0,Normal,1.0,Normal
2026-02-25 18:20:53,316.68411955463046,0,Normal,1.0,Normal
2026-02-25 19:20:53,405.1908122749256,0,Normal,1.0,Normal
2026-02-25 20:20:53,383.90667559389794,0,Normal,1.0,Normal
2026-02-25 21:20:53,388.3356654112913,0,Auto Scaling,1.0,Auto Scaling
2026-02-25 22:20:53,420.2153533291756,0,Idle Resources,1.0,Idle Resources
2026-02-25 23:20:53,510.9399719952352,1,Idle Resources,1.0,Idle Resources
2026-02-26 00:20:53,262.64221269485216,0,Normal,1.0,Normal
2026-02-26 01:20:53,302.47852809432607,0,Normal,1.0,Normal
2026-02-26 02:20:53,402.4922782752444,0,Network Traffic,1.0,Network Traffic
2026-02-26 03:20:53,536.7313913936166,0,Backup/Snapshot Growth,1.0,Backup/Snapshot Growth
2026-02-26 04:20:53,413.8966518519544,0,Idle Resources,1.0,Idle Resources
2026-02-26 05:20:53,324.71255533098747,0,Network Traffic,1.0,Network Traffic
2026-02-26 06:20:53,474.0901201450743,0,Idle Resources,1.0,Idle Resources
2026-02-26 07:20:53,346.14072862400724,0,Normal,1.0,Normal
2026-02-26 08:20:53,347.7207444178058,0,Normal,1.0,Normal
2026-02-26 09:20:53,218.5978353362229,0,Network Traffic,1.0,Network Traffic
2026-02-26 10:20:53,409.5328578630324,0,Storage Growth,0.98,Storage Growth
2026-02-26 11:20:53,388.7791914992976,0,Network Traffic,1.0,Network Traffic
2026-02-26 12:20:53,319.4945924399894,0,Idle Resources,0.9,Idle Resources
2026-02-26 13:20:53,432.6134709785615,0,Database Load,1.0,Database Load
2026-02-26 14:20:53,477.2512825274295,0,Database Load,1.0,Database Load
2026-02-26 15:20:53,326.36120256004693,0,Normal,1.0,Normal
2026-02-26 16:20:53,330.846794427779,0,Normal,1.0,Normal
2026-02-26 17:20:53,578.493529244529,0,Database Load,1.0,Database Load
2026-02-26 18:20:53,317.7583530581117,0,Normal,1.0,Normal
2026-02-26 19:20:53,357.65338894310065,0,Normal,1.0,Normal
2026-02-26 20:20:53,305.48241405993576,0,Normal,0.97,Normal
2026-02-26 21:20:53,332.04117995115865,0,Idle Resources,0.99,Idle Resources
2026-02-26 22:20:53,518.0612751612366,1,Auto Scaling,1.0,Auto Scaling
2026-02-26 23:20:53,322.74568113009235,0,Normal,1.0,Normal
2026-02-27 00:20:53,281.32630456908913,0,Normal,1.0,Normal
2026-02-27 01:20:53,361.584778522122,0,Normal,1.0,Normal
2026-02-27 02:20:53,380.9521132361391,0,Network Traffic,1.0,Network Traffic
2026-02-27 03:20:53,458.8845592190431,0,Backup/Snapshot Growth,1.0,Backup/Snapshot Growth
2026-02-27 04:20:53,376.3488764903117,0,Normal,1.0,Normal
2026-02-27 05:20:53,332.70390141500513,0,Normal,1.0,Normal
2026-02-27 06:20:53,406.6683627284086,0,Normal,1.0,Normal
2026-02-27 07:20:53,413.7230479070229,0,Auto Scaling,1.0,Auto Scaling
2026-02-27 08:20:53,450.49585988532544,0,Idle Resources,1.0,Idle Resources
2026-02-27 09:20:53,365.2078066917112,0,Normal,1.0,Normal
2026-02-27 10:20:53,394.15703520044576,0,Storage Growth,1.0,Storage Growth
2026-02-27 11:20:53,296.2828406421367,0,Normal,0.98,Normal
2026-02-27 12:20:53,375.7641240550223,0,Storage Growth,0.99,Storage Growth
2026-02-27 13:20:53,392.4681803646321,0,Normal,1.0,Normal
2026-02-27 14:20:53,435.0286175682152,0,Storage Growth,1.0,Storage Growth
2026-02-27 15:20:53,368.5717539745827,0,Idle Resources,1.0,Idle Resources
2026-02-27 16:20:53,353.3519847905294,0,Network Traffic,1.0,Network Traffic
2026-02-27 17:20:53,400.3917247420495,0,Idle Resources,1.0,Idle Resources
2026-02-27 18:20:53,391.3872273820462,0,Normal,0.96,Normal
2026-02-27 19:20:53,327.12718985408986,0,Normal,0.98,Normal
2026-02-27 20:20:53,384.6420155383463,0,Network Traffic,1.0,Network Traffic
2026-02-27 21:20:53,329.6546009670076,0,Normal,1.0,Normal
2026-02-27 22:20:53,309.88368274434936,0,Normal,1.0,Normal
2026-02-27 23:20:53,351.8691170938877,0,Storage Growth,0.97,Storage Growth
2026-02-28 00:20:53,370.97566590050576,0,Auto Scaling,1.0,Auto Scaling
2026-02-28 01:20:53,336.6355237677533,0,Storage Growth,1.0,Storage Growth
2026-02-28 02:20:53,311.01945746095856,0,Network Traffic,1.0,Network Traffic
2026-02-28 03:20:53,401.1113957056632,0,Normal,1.0,Normal
2026-02-28 04:20:53,417.3039164018679,0,Auto Scaling,1.0,Auto Scaling
2026-02-28 05:20:53,485.5030727752842,0,Database Load,1.0,Database Load
2026-02-28 06:20:53,488.5401514557567,0,Database Load,1.0,Database Load
2026-02-28 07:20:53,368.38970321890486,0,Normal,1.0,Normal
2026-02-28 08:20:53,617.3292869695847,0,Database Load,1.0,Database Load
2026-02-28 09:20:53,386.10009918066896,0,Normal,1.0,Normal
2026-02-28 10:20:53,379.4986730696372,0,Network Traffic,1.0,Network Traffic
2026-02-28 11:20:53,667.1217638043984,1,Backup/Snapshot Growth,0.99,Backup/Snapshot Growth
2026-02-28 12:20:53,367.1802578481126,0,Network Traffic,1.0,Network Traffic
2026-02-28 13:20:53,341.139065509617,0,Normal,1.0,Normal
2026-02-28 14:20:53,758.1165580742027,1,Database Load,1.0,Database Load
2026-02-28 15:20:53,409.89655389980896,0,Auto Scaling,1.0,Auto Scaling
2026-02-28 16:20:53,342.3660363642968,0,Normal,1.0,Normal
2026-02-28 17:20:53,252.64065815624105,0,Storage Growth,1.0,Storage Growth
2026-02-28 18:20:53,395.9528470048389,0,Idle Resources,1.0,Idle Resources
2026-02-28 19:20:53,289.54794345190606,0,Normal,1.0,Normal
2026-02-28 20:20:53,418.644441005234,0,Normal,1.0,Normal
2026-02-28 21:20:53,605.9751850639415,0,Database Load,1.0,Database Load
2026-02-28 22:20:53,385.11019807885145,0,Auto Scaling,1.0,Auto Scaling
2026-02-28 23:20:53,306.12014750392643,0,Storage Growth,1.0,Storage Growth
2026-03-01 00:20:53,304.45863946866297,0,Normal,1.0,Normal
2026-03-01 01:20:53,386.0704955338819,0,Auto Scaling,1.0,Auto Scaling
2026-03-01 02:20:53,340.28738580818657,0,Normal,1.0,Normal
2026-03-01 03:20:53,374.1076578555893,0,Normal,1.0,Normal
2026-03-01 04:20:53,313.4597027155793,0,Normal,1.0,Normal
2026-03-01 05:20:53,496.88460101723433,0,Storage Growth,0.88,Storage Growth
2026-03-01 06:20:53,325.49294308581767,0,Normal,1.0,Normal
2026-03-01 07:20:53,272.5421100804631,0,Normal,1.0,Normal
2026-03-01 08:20:53,367.03116680532,0,Normal,1.0,Normal
2026-03-01 09:20:53,396.7413250473044,0,Idle Resources,1.0,Idle Resources
2026-03-01 10:20:53,350.6895913608363,0,Network Traffic,1.0,Network Traffic
2026-03-01 11:20:53,450.18161196218415,0,Database Load,1.0,Database Load
2026-03-01 12:20:53,410.3335811187528,1,Idle Resources,1.0,Idle Resources
2026-03-01 13:20:53,427.608757913488,0,Idle Resources,1.0,Idle Resources
2026-03-01 14:20:53,287.21948606605355,0,Normal,1.0,Normal
2026-03-01 15:20:53,265.9680222114259,0,Normal,0.99,Normal
2026-03-01 16:20:53,363.465157455187,0,Normal,1.0,Normal
2026-03-01 17:20:53,520.8399794732974,0,Database Load,1.0,Database Load
2026-03-01 18:20:53,354.1686948978215,0,Network Traffic,1.0,Network Traffic
2026-03-01 19:20:53,418.2681904015823,0,Normal,0.98,Normal
2026-03-01 20:20:53,409.58133289526353,0,Network Traffic,1.0,Network Traffic
2026-03-01 21:20:53,407.31627286355496,0,Network Traffic,1.0,Network Traffic
2026-03-01 22:20:53,587.446565303497,1,Database Load,1.0,Database Load
2026-03-01 23:20:53,323.92415955623284,0,Normal,1.0,Normal
2026-03-02 00:20:53,380.8707007304319,0,Normal,1.0,Normal
2026-03-02 01:20:53,299.2621437169164,0,Network Traffic,1.0,Network Traffic
2026-03-02 02:20:53,347.09381506614443,0,Normal,1.0,Normal
2026-03-02 03:20:53,279.9352390135037,0,Normal,1.0,Normal
2026-03-02 04:20:53,349.1089791943642,0,Storage Growth,0.99,Storage Growth
2026-03-02 05:20:53,316.8459549825365,0,Normal,1.0,Normal
2026-03-02 06:20:53,270.96249606065413,0,Normal,1.0,Normal
2026-03-02 07:20:53,399.064069334527,0,Auto Scaling,1.0,Auto Scaling
2026-03-02 08:20:53,418.6098299172866,0,Normal,1.0,Normal
2026-03-02 09:20:53,348.537483930563,0,Normal,1.0,Normal
2026-03-02 10:20:53,295.9117134629418,0,Network Traffic,1.0,Network Traffic
2026-03-02 11:20:53,373.0357753344584,0,Normal,0.96,Normal
2026-03-02 12:20:53,323.55522338023,0,Idle Resources,1.0,Idle Resources
2026-03-02 13:20:53,505.346135425072,0,Database Load,1.0,Database Load
2026-03-02 14:20:53,431.4224991818289,0,Normal,1.0,Normal
2026-03-02 15:20:53,357.95366307769905,0,Normal,1.0,Normal
2026-03-02 16:20:53,282.91412027909973,0,Normal,1.0,Normal
2026-03-02 17:20:53,239.1660466792148,0,Normal,1.0,Normal
2026-03-02 18:20:53,529.5383609772415,0,Database Load,1.0,Database Load
2026-03-02 19:20:53,418.8029762939997,0,Idle Resources,0.99,Idle Resources
2026-03-02 20:20:53,334.1369713402688,0,Normal,1.0,Normal
2026-03-02 21:20:53,252.78429746245232,0,Normal,1.0,Normal
2026-03-02 22:20:53,477.1545287295992,0,Idle Resources,1.0,Idle Resources
2026-03-02 23:20:53,556.2389737982629,1,Database Load,1.0,Database Load
2026-03-03 00:20:53,313.3759572412383,0,Network Traffic,1.0,Network Traffic
2026-03-03 01:20:53,378.1399784040316,0,Idle Resources,1.0,Idle Resources
2026-03-03 02:20:53,317.8466974375181,0,Normal,1.0,Normal
2026-03-03 03:20:53,475.4302612268758,0,Auto Scaling,1.0,Auto Scaling
2026-03-03 04:20:53,390.73465614762273,0,Database Load,0.64,Database Load
2026-03-03 05:20:53,420.1007816752024,0,Auto Scaling,1.0,Auto Scaling
2026-03-03 06:20:53,332.14972034939507,0,Normal,1.0,Normal
2026-03-03 07:20:53,363.9783719511125,0,Idle Resources,1.0,Idle Resources
2026-03-03 08:20:53,359.91963272225723,0,Normal,1.0,Normal
2026-03-03 09:20:53,289.11998637212906,0,Normal,0.99,Normal
2026-03-03 10:20:53,477.2669995210836,0,Database Load,0.99,Database Load
2026-03-03 11:20:53,363.04189473624746,0,Normal,0.95,Normal
2026-03-03 12:20:53,579.5932442636937,0,Database Load,1.0,Database Load
2026-03-03 13:20:53,361.2395826360095,0,Normal,1.0,Normal
2026-03-03 14:20:53,371.2665918343497,0,Idle Resources,1.0,Idle Resources
2026-03-03 15:20:53,248.0265471323893,0,Normal,1.0,Normal
2026-03-03 16:20:53,362.23584906557,0,Storage Growth,1.0,Storage Growth
2026-03-03 17:20:53,292.3514112197518,0,Storage Growth,0.99,Storage Growth
2026-03-03 18:20:53,430.58361347529774,0,Normal,1.0,Normal
2026-03-03 19:20:53,282.22901325438374,0,Normal,0.94,Normal
2026-03-03 20:20:53,343.5347458508836,0,Normal,1.0,Normal
2026-03-03 21:20:53,318.7102165922329,0,Normal,1.0,Normal
2026-03-03 22:20:53,333.21705794386014,0,Normal,0.97,Normal
2026-03-03 23:20:53,433.774635906737,0,Auto Scaling,1.0,Auto Scaling
2026-03-04 00:20:53,431.95904095102645,0,Idle Resources,1.0,Idle Resources
2026-03-04 01:20:53,397.4876953764089,0,Normal,1.0,Normal
2026-03-04 02:20:53,429.7286766934012,0,Auto Scaling,1.0,Auto Scaling
2026-03-04 03:20:53,401.97942569324414,0,Idle Resources,1.0,Idle Resources
2026-03-04 04:20:53,348.50950718983864,0,Auto Scaling,1.0,Auto Scaling
2026-03-04 05:20:53,275.0408127100776,0,Normal,1.0,Normal
2026-03-04 06:20:53,366.9453306110215,0,Normal,1.0,Normal
2026-03-04 07:20:53,350.94420380425385,0,Normal,1.0,Normal
2026-03-04 08:20:53,270.2055056788551,0,Normal,1.0,Normal
2026-03-04 09:20:53,532.5318641738228,0,Backup/Snapshot Growth,1.0,Backup/Snapshot Growth
2026-03-04 10:20:53,278.3506849233432,0,Normal,1.0,Normal
2026-03-04 11:20:53,443.2099158719142,0,Auto Scaling,1.0,Auto Scaling
2026-03-04 12:20:53,356.9945773191711,0,Normal,0.97,Normal
2026-03-04 13:20:53,310.90901722122226,0,Normal,1.0,Normal
2026-03-04 14:20:53,456.0140803590574,0,Auto Scaling,1.0,Auto Scaling
2026-03-04 15:20:53,488.319488664092,0,Normal,0.87,Normal
2026-03-04 16:20:53,321.699362184372,0,Normal,1.0,Normal
2026-03-04 17:20:53,330.6345476833632,0,Normal,1.0,Normal
2026-03-04 18:20:53,428.92139308898686,0,Network Traffic,1.0,Network Traffic
2026-03-04 19:20:53,355.5856900115985,0,Network Traffic,1.0,Network Traffic
2026-03-04 20:20:53,494.84935538562337,0,Database Load,1.0,Database Load
2026-03-04 21:20:53,379.0433762248072,0,Normal,0.99,Normal
2026-03-04 22:20:53,351.50234400403946,0,Auto Scaling,0.99,Auto Scaling
2026-03-04 23:20:53,391.2477262883914,0,Normal,1.0,Normal
2026-03-05 00:20:53,326.27520951339926,0,Normal,1.0,Normal
2026-03-05 01:20:53,573.1008397817188,1,Backup/Snapshot Growth,0.98,Backup/Snapshot Growth
2026-03-05 02:20:53,387.6568589586583,0,Normal,0.99,Normal
2026-03-05 03:20:53,552.8836488264187,1,Database Load,1.0,Database Load
2026-03-05 04:20:53,325.1911599990025,0,Normal,1.0,Normal
2026-03-05 05:20:53,493.4245720702281,0,Database Load,1.0,Database Load
2026-03-05 06:20:53,463.1029851052706,0,Idle Resources,0.98,Idle Resources
2026-03-05 07:20:53,425.3219378051114,0,Normal,1.0,Normal
2026-03-05 08:20:53,322.107148492594,0,Normal,0.98,Normal
2026-03-05 09:20:53,519.159495874328,0,Idle Resources,1.0,Idle Resources
2026-03-05 10:20:53,376.2199009571495,0,Normal,1.0,Normal
2026-03-05 11:20:53,373.7719508225152,0,Storage Growth,0.99,Storage Growth
2026-03-05 12:20:53,357.5732679417306,0,Idle Resources,1.0,Idle Resources
2026-03-05 13:20:53,433.7084250959591,0,Idle Resources,1.0,Idle Resources
2026-03-05 14:20:53,358.5748016560838,0,Normal,0.99,Normal
2026-03-05 15:20:53,295.1115817889124,0,Network Traffic,1.0,Network Traffic
2026-03-05 16:20:53,348.4035230913533,0,Idle Resources,0.99,Idle Resources
2026-03-05 17:20:53,474.5586550551159,0,Backup/Snapshot Growth,1.0,Backup/Snapshot Growth
2026-03-05 18:20:53,244.69385675359288,0,Normal,1.0,Normal
2026-03-05 19:20:53,275.71391638594383,0,Normal,1.0,Normal
2026-03-05 20:20:53,645.9101912266515,0,Database Load,1.0,Database Load
2026-03-05 21:20:53,256.33571790692986,0,Normal,1.0,Normal
2026-03-05 22:20:53,508.6769828847626,1,Idle Resources,1.0,Idle Resources
2026-03-05 23:20:53,366.4534636261396,0,Storage Growth,1.0,Storage Growth
2026-03-06 00:20:53,491.43863105485394,0,Network Traffic,0.99,Network Traffic
2026-03-06 01:20:53,532.1917015679561,0,Database Load,1.0,Database Load
2026-03-06 02:20:53,296.3478840225664,0,Normal,1.0,Normal
2026-03-06 03:20:53,641.4358626600664,1,Database Load,1.0,Database Load
2026-03-06 04:20:53,350.9941764469329,0,Normal,1.0,Normal
2026-03-06 05:20:53,318.1483640047238,0,Normal,1.0,Normal
2026-03-06 06:20:53,333.7369414922318,0,Normal,0.99,Normal
2026-03-06 07:20:53,363.7581069049322,1,Network Traffic,0.87,Network Traffic
2026-03-06 08:20:53,346.0421763547432,0,Normal,1.0,Normal
2026-03-06 09:20:53,279.8711670509835,0,Normal,1.0,Normal
2026-03-06 10:20:53,486.8493214704672,0,Idle Resources,1.0,Idle Resources
2026-03-06 11:20:53,289.9726524907433,0,Normal,1.0,Normal
2026-03-06 12:20:53,565.5212430940346,0,Backup/Snapshot Growth,1.0,Backup/Snapshot Growth
2026-03-06 13:20:53,398.3300758885392,0,Normal,0.91,Normal
2026-03-06 14:20:53,364.566263925648,0,Normal,1.0,Normal
2026-03-06 15:20:53,351.536886359396,0,Normal,1.0,Normal
2026-03-06 16:20:53,244.27950991033475,0,Normal,1.0,Normal
2026-03-06 17:20:53,626.6485050057929,1,Database Load,1.0,Database Load
2026-03-06 18:20:53,374.695422273313,0,Database Load,0.99,Database Load
2026-03-06 19:20:53,424.1155940319749,0,Idle Resources,1.0,Idle Resources
2026-03-06 20:20:53,538.1239420824053,0,Idle Resources,1.0,Idle Resources
2026-03-06 21:20:53,283.90682974183414,0,Normal,1.0,Normal
2026-03-06 22:20:53,326.5634142139398,0,Normal,1.0,Normal
2026-03-06 23:20:53,494.1652064821659,0,Idle Resources,1.0,Idle Resources
2026-03-07 00:20:53,305.7144775725559,0,Network Traffic,0.98,Network Traffic
2026-03-07 01:20:53,333.99616463915083,0,Normal,1.0,Normal
2026-03-07 02:20:53,237.97267680730627,0,Normal,1.0,Normal
2026-03-07 03:20:53,354.16319308729635,0,Normal,0.99,Normal
2026-03-07 04:20:53,453.9873932394266,0,Storage Growth,0.99,Storage Growth
2026-03-07 05:20:53,327.1602242009682,0,Normal,1.0,Normal
2026-03-07 06:20:53,401.9969041371239,0,Network Traffic,1.0,Network Traffic
2026-03-07 07:20:53,445.26592757578777,0,Normal,1.0,Normal
2026-03-07 08:20:53,349.2720563077873,0,Normal,1.0,Normal
2026-03-07 09:20:53,417.61891563908966,0,Idle Resources,1.0,Idle Resources
2026-03-07 10:20:53,434.054300760912,0,Normal,1.0,Normal
2026-03-07 11:20:53,350.8869972393424,0,Storage Growth,1.0,Storage Growth
2026-03-07 12:20:53,384.6776155383192,0,Network Traffic,1.0,Network Traffic
2026-03-07 13:20:53,438.49853445022666,0,Idle Resources,1.0,Idle Resources
2026-03-07 14:20:53,387.3355363577332,0,Network Traffic,1.0,Network Traffic
2026-03-07 15:20:53,418.5669895963395,0,Normal,0.99,Normal
2026-03-07 16:20:53,349.2173363304453,0,Network Traffic,1.0,Network Traffic
2026-03-07 17:20:53,324.5631905337051,0,Network Traffic,1.0,Network Traffic
2026-03-07 18:20:53,388.9588536109792,0,Idle Resources,1.0,Idle Resources
2026-03-07 19:20:53,322.48723393269563,0,Normal,1.0,Normal
2026-03-07 20:20:53,392.7305989337835,0,Normal,1.0,Normal
2026-03-07 21:20:53,457.3869080823007,0,Backup/Snapshot Growth,1.0,Backup/Snapshot Growth
2026-03-07 22:20:53,281.52299440043294,0,Normal,1.0,Normal
2026-03-07 23:20:53,557.8253852541139,0,Backup/Snapshot Growth,1.0,Backup/Snapshot Growth
2026-03-08 00:20:53,371.8728433625234,0,Auto Scaling,1.0,Auto Scaling
2026-03-08 01:20:53,420.9072933884795,0,Idle Resources,1.0,Idle Resources
2026-03-08 02:20:53,381.3706459929876,0,Network Traffic,1.0,Network Traffic
2026-03-08 03:20:53,418.2373266836612,0,Auto Scaling,1.0,Auto Scaling
2026-03-08 04:20:53,356.4076119262626,0,Normal,0.99,Normal
2026-03-08 05:20:53,409.0589869452971,0,Idle Resources,1.0,Idle Resources
2026-03-08 06:20:53,343.18573831317696,0,Normal,1.0,Normal
2026-03-08 07:20:53,411.56127884237367,0,Normal,0.99,Normal
2026-03-08 08:20:53,231.5109090949425,0,Normal,1.0,Normal
2026-03-08 09:20:53,518.2249441772765,0,Database Load,1.0,Database Load
2026-03-08 10:20:53,502.0811890125167,0,Idle Resources,1.0,Idle Resources
2026-03-08 11:20:53,440.9823917280155,0,Idle Resources,1.0,Idle Resources
2026-03-08 12:20:53,329.687286271316,0,Normal,1.0,Normal
2026-03-08 13:20:53,385.7547654785354,0,Normal,0.99,Normal
2026-03-08 14:20:53,519.8756252237877,1,Auto Scaling,1.0,Auto Scaling
2026-03-08 15:20:53,434.7288929962112,0,Network Traffic,1.0,Network Traffic
2026-03-08 16:20:53,342.6610410362009,0,Normal,0.84,Normal
2026-03-08 17:20:53,258.09884834979704,0,Auto Scaling,0.99,Auto Scaling
2026-03-08 18:20:53,609.8348281214049,0,Database Load,1.0,Database Load
2026-03-08 19:20:53,344.22789605831923,0,Storage Growth,1.0,Storage Growth
2026-03-08 20:20:53,355.36227015337823,0,Storage Growth,0.99,Storage Growth
2026-03-08 21:20:53,562.6272961197976,0,Database Load,0.99,Database Load
2026-03-08 22:20:53,463.8788747516985,0,Database Load,0.99,Database Load
2026-03-08 23:20:53,454.67098830217833,0,Normal,0.98,Normal
2026-03-09 00:20:53,378.09483170348153,0,Normal,1.0,Normal
2026-03-09 01:20:53,297.3089173908233,0,Normal,1.0,Normal
2026-03-09 02:20:53,353.8076128538015,0,Normal,0.9,Normal
2026-03-09 03:20:53,380.26220726588593,0,Network Traffic,1.0,Network Traffic
2026-03-09 04:20:53,333.86759923885927,0,Normal,1.0,Normal
2026-03-09 05:20:53,346.7259132544743,0,Normal,1.0,Normal
2026-03-09 06:20:53,358.3392956802205,0,Network Traffic,1.0,Network Traffic
2026-03-09 07:20:53,444.17884883484777,0,Normal,1.0,Normal
2026-03-09 08:20:53,424.8400308879327,0,Normal,1.0,Normal
2026-03-09 09:20:53,414.467652545165,0,Normal,1.0,Normal
2026-03-09 10:20:53,316.95737831210687,0,Normal,1.0,Normal
2026-03-09 11:20:53,390.8008832203432,0,Network Traffic,1.0,Network Traffic
2026-03-09 12:20:53,286.19553808388883,0,Normal,1.0,Normal
2026-03-09 13:20:53,377.8711511271804,0,Normal,1.0,Normal
2026-03-09 14:20:53,423.0797090592798,0,Idle Resources,0.9,Idle Resources
2026-03-09 15:20:53,530.1268553925939,1,Idle Resources,1.0,Idle Resources
2026-03-09 16:20:53,381.7777810857018,0,Auto Scaling,1.0,Auto Scaling
2026-03-09 17:20:53,336.69992385686965,0,Normal,1.0,Normal
2026-03-09 18:20:53,295.10797671109515,0,Storage Growth,1.0,Storage Growth
2026-03-09 19:20:53,376.0334690698854,0,Normal,1.0,Normal
2026-03-09 20:20:53,287.9548202860041,0,Normal,1.0,Normal
2026-03-09 21:20:53,377.78480771049897,0,Database Load,0.74,Database Load
2026-03-09 22:20:53,536.6151410717139,1,Backup/Snapshot Growth,1.0,Backup/Snapshot Growth
2026-03-09 23:20:53,669.043845199939,1,Database Load,1.0,Database Load
2026-03-10 00:20:53,391.4641265180982,0,Idle Resources,1.0,Idle Resources
2026-03-10 01:20:53,291.79404074671305,0,Network Traffic,0.99,Network Traffic
2026-03-10 02:20:53,360.437297070657,0,Network Traffic,1.0,Network Traffic
2026-03-10 03:20:53,350.85835816253086,0,Normal,1.0,Normal
2026-03-10 04:20:53,386.5473527084439,0,Normal,1.0,Normal
2026-03-10 05:20:53,443.00317846066935,0,Auto Scaling,0.99,Auto Scaling
2026-03-10 06:20:53,372.3336065107544,0,Network Traffic,1.0,Network Traffic
2026-03-10 07:20:53,309.71363861292014,0,Normal,1.0,Normal
2026-03-10 08:20:53,555.2132194288724,0,Database Load,1.0,Database Load
2026-03-10 09:20:53,444.1245659162738,0,Storage Growth,0.96,Storage Growth
2026-03-10 10:20:53,371.7371071961363,0,Storage Growth,1.0,Storage Growth
2026-03-10 11:20:53,373.4151397709642,0,Normal,1.0,Normal
2026-03-10 12:20:53,445.3538661132429,0,Auto Scaling,1.0,Auto Scaling
2026-03-10 13:20:53,324.8898330726908,0,Auto Scaling,1.0,Auto Scaling
2026-03-10 14:20:53,360.8760303643265,0,Network Traffic,1.0,Network Traffic
2026-03-10 15:20:53,320.77161064116314,0,Normal,1.0,Normal
2026-03-10 16:20:53,417.100546878663,0,Database Load,1.0,Database Load
2026-03-10 17:20:53,258.9269590305877,0,Normal,1.0,Normal
2026-03-10 18:20:53,733.192707984185,1,Database Load,0.99,Database Load
2026-03-10 19:20:53,265.7039871852877,0,Normal,1.0,Normal
2026-03-10 20:20:53,425.52067553256114,0,Database Load,1.0,Database Load
2026-03-10 21:20:53,384.68533742103193,0,Idle Resources,1.0,Idle Resources
2026-03-10 22:20:53,299.78162553362404,0,Normal,1.0,Normal
2026-03-10 23:20:53,284.24213602335726,0,Normal,1.0,Normal
2026-03-11 00:20:53,579.2096145219932,1,Backup/Snapshot Growth,1.0,Backup/Snapshot Growth
2026-03-11 01:20:53,313.4154516638605,0,Normal,1.0,Normal
2026-03-11 02:20:53,375.7524693473651,0,Storage Growth,1.0,Storage Growth
2026-03-11 03:20:53,459.1683477133519,0,Idle Resources,1.0,Idle Resources
2026-03-11 04:20:53,493.789427419694,0,Idle Resources,1.0,Idle Resources
2026-03-11 05:20:53,390.9815008214936,0,Normal,1.0,Normal
2026-03-11 06:20:53,371.02528292100726,0,Idle Resources,1.0,Idle Resources
2026-03-11 07:20:53,396.2001991118052,0,Network Traffic,1.0,Network Traffic
2026-03-11 08:20:53,502.9534139667364,1,Idle Resources,1.0,Idle Resources
2026-03-11 09:20:53,428.765348648754,0,Idle Resources,1.0,Idle Resources
2026-03-11 10:20:53,288.63214373597265,0,Auto Scaling,0.98,Auto Scaling
2026-03-11 11:20:53,244.84612597271416,0,Normal,1.0,Normal
2026-03-11 12:20:53,434.1089014702951,0,Network Traffic,1.0,Network Traffic
2026-03-11 13:20:53,356.29032937132337,0,Auto Scaling,1.0,Auto Scaling
2026-03-11 14:20:53,362.56489760397176,0,Normal,1.0,Normal
2026-03-11 15:20:53,451.1972930050457,0,Backup/Snapshot Growth,1.0,Backup/Snapshot Growth
2026-03-11 16:20:53,332.34846725586056,0,Normal,1.0,Normal
2026-03-11 17:20:53,296.07550076142667,0,Normal,1.0,Normal
2026-03-11 18:20:53,334.63296218939206,0,Auto Scaling,1.0,Auto Scaling
2026-03-11 19:20:53,392.8618143477056,0,Normal,1.0,Normal
2026-03-11 20:20:53,409.806405692875,0,Normal,1.0,Normal
2026-03-11 21:20:53,335.41983332600245,0,Normal,1.0,Normal
2026-03-11 22:20:53,454.52563999100033,0,Idle Resources,1.0,Idle Resources
2026-03-11 23:20:53,419.1381465762416,0,Idle Resources,1.0,Idle Resources
2026-03-12 00:20:53,369.00977527129936,0,Normal,1.0,Normal
2026-03-12 01:20:53,425.91248610867615,0,Network Traffic,1.0,Network Traffic
2026-03-12 02:20:53,268.5825340681351,0,Storage Growth,0.98,Storage Growth
2026-03-12 03:20:53,390.6791354176517,0,Auto Scaling,1.0,Auto Scaling
2026-03-12 04:20:53,449.2716130362248,0,Network Traffic,0.99,Network Traffic
2026-03-12 05:20:53,528.2519099016108,0,Database Load,1.0,Database Load
2026-03-12 06:20:53,323.15959808161784,0,Normal,1.0,Normal
2026-03-12 07:20:53,384.3440160854491,0,Normal,1.0,Normal
2026-03-12 08:20:53,410.3497264849088,0,Normal,1.0,Normal
2026-03-12 09:20:53,401.2670255850589,0,Auto Scaling,1.0,Auto Scaling
2026-03-12 10:20:53,343.9638316318745,0,Normal,1.0,Normal
2026-03-12 11:20:53,508.3810599491978,0,Idle Resources,1.0,Idle Resources
2026-03-12 12:20:53,321.13218074590696,0,Normal,1.0,Normal
2026-03-12 13:20:53,489.3176700075839,0,Database Load,1.0,Database Load
2026-03-12 14:20:53,370.9252501791361,0,Normal,0.99,Normal
2026-03-12 15:20:53,414.0644011405152,0,Idle Resources,1.0,Idle Resources
2026-03-12 16:20:53,466.0481257486524,1,Idle Resources,1.0,Idle Resources
2026-03-12 17:20:53,402.5561645032432,0,Auto Scaling,1.0,Auto Scaling
2026-03-12 18:20:53,395.5785864561227,0,Normal,1.0,Normal
2026-03-12 19:20:53,460.2340674556963,0,Database Load,1.0,Database Load
2026-03-12 20:20:53,369.6777807950861,0,Normal,1.0,Normal
2026-03-12 21:20:53,532.9300840021766,0,Backup/Snapshot Growth,1.0,Backup/Snapshot Growth
2026-03-12 22:20:53,382.1096175407964,0,Network Traffic,1.0,Network Traffic
2026-03-12 23:20:53,371.4082276760735,0,Normal,1.0,Normal
2026-03-13 00:20:53,416.7498203715895,0,Database Load,0.99,Database Load
2026-03-13 01:20:53,442.2922075126423,0,Auto Scaling,1.0,Auto Scaling
2026-03-13 02:20:53,487.547363431917,0,Auto Scaling,1.0,Auto Scaling
2026-03-13 03:20:53,519.0060857962028,1,Backup/Snapshot Growth,1.0,Backup/Snapshot Growth
2026-03-13 04:20:53,440.867080294039,0,Normal,0.98,Normal
2026-03-13 05:20:53,344.1110906314154,0,Network Traffic,1.0,Network Traffic
2026-03-13 06:20:53,325.5310166685232,0,Normal,1.0,Normal
2026-03-13 07:20:53,420.7727986651244,0,Normal,1.0,Normal
2026-03-13 08:20:53,442.5764587035114,0,Storage Growth,0.97,Storage Growth
2026-03-13 09:20:53,346.65959371107584,0,Normal,1.0,Normal
2026-03-13 10:20:53,375.4457504739184,0,Normal,1.0,Normal
2026-03-13 11:20:53,382.62928289980096,0,Network Traffic,1.0,Network Traffic
2026-03-13 12:20:53,405.5321627431766,0,Storage Growth,0.99,Storage Growth
2026-03-13 13:20:53,279.6451249413918,0,Normal,1.0,Normal
2026-03-13 14:20:53,527.6171400784675,0,Database Load,1.0,Database Load
2026-03-13 15:20:53,464.9026690357836,0,Backup/Snapshot Growth,1.0,Backup/Snapshot Growth
2026-03-13 16:20:53,348.9930259677602,0,Network Traffic,1.0,Network Traffic
2026-03-13 17:20:53,328.52912571477714,0,Normal,1.0,Normal
2026-03-13 18:20:53,539.7312124381111,0,Backup/Snapshot Growth,1.0,Backup/Snapshot Growth
2026-03-13 19:20:53,384.213215611866,0,Normal,1.0,Normal
2026-03-13 20:20:53,290.06947704118085,0,Normal,1.0,Normal
2026-03-13 21:20:53,341.58260315756456,0,Normal,0.99,Normal
2026-03-13 22:20:53,303.33196685809014,0,Normal,1.0,Normal
2026-03-13 23:20:53,575.1548624702257,0,Database Load,1.0,Database Load
2026-03-14 00:20:53,310.5250191384645,0,Normal,1.0,Normal
2026-03-14 01:20:53,351.10837379901284,0,Normal,1.0,Normal
2026-03-14 02:20:53,437.8587618000628,0,Idle Resources,1.0,Idle Resources
2026-03-14 03:20:53,430.7929409040014,0,Idle Resources,1.0,Idle Resources
2026-03-14 04:20:53,450.2945311325774,0,Normal,0.99,Normal
2026-03-14 05:20:53,362.0515809675492,0,Normal,1.0,Normal
2026-03-14 06:20:53,289.86072616974786,0,Normal,1.0,Normal
2026-03-14 07:20:53,300.2984748284612,0,Normal,1.0,Normal
2026-03-14 08:20:53,302.55187686269625,0,Normal,1.0,Normal
2026-03-14 09:20:53,370.6542954484902,0,Normal,0.99,Normal
2026-03-14 10:20:53,403.646275872389,0,Normal,0.76,Normal
2026-03-14 11:20:53,376.2614986576762,0,Normal,1.0,Normal
2026-03-14 12:20:53,318.5754870353698,0,Normal,1.0,Normal
2026-03-14 13:20:53,363.7289117433687,0,Storage Growth,1.0,Storage Growth
2026-03-14 14:20:53,373.5138184489574,0,Normal,1.0,Normal
2026-03-14 15:20:53,335.5127647917928,0,Idle Resources,1.0,Idle Resources
2026-03-14 16:20:53,581.9551673823327,1,Backup/Snapshot Growth,1.0,Backup/Snapshot Growth
2026-03-14 17:20:53,402.7140305950672,0,Normal,1.0,Normal
2026-03-14 18:20:53,278.0654427713933,0,Normal,1.0,Normal
2026-03-14 19:20:53,360.0659289887936,0,Normal,0.98,Normal
2026-03-14 20:20:53,478.5264512688554,0,Idle Resources,1.0,Idle Resources
2026-03-14 21:20:53,280.0467635661517,0,Normal,1.0,Normal
2026-03-14 22:20:53,391.6438730997498,0,Normal,1.0,Normal
2026-03-14 23:20:53,457.46944972848246,0,Idle Resources,1.0,Idle Resources
2026-03-15 00:20:53,305.0500371746651,0,Normal,1.0,Normal
2026-03-15 01:20:53,574.1900449509873,0,Database Load,1.0,Database Load
2026-03-15 02:20:53,397.9337326659345,0,Auto Scaling,1.0,Auto Scaling
2026-03-15 03:20:53,470.11338959666887,0,Idle Resources,1.0,Idle Resources
2026-03-15 04:20:53,242.1957157557746,0,Normal,1.0,Normal
2026-03-15 05:20:53,324.0735162434144,0,Normal,1.0,Normal
2026-03-15 06:20:53,530.2796650725451,0,Database Load,1.0,Database Load
2026-03-15 07:20:53,216.4963931566096,0,Normal,0.99,Normal
2026-03-15 08:20:53,331.61436690594627,0,Normal,1.0,Normal
2026-03-15 09:20:53,381.7530985269914,0,Storage Growth,1.0,Storage Growth
2026-03-15 10:20:53,289.5323536616402,0,Idle Resources,1.0,Idle Resources
2026-03-15 11:20:53,455.8861320050105,0,Network Traffic,0.99,Network Traffic
2026-03-15 12:20:53,378.8417409275097,0,Normal,1.0,Normal
2026-03-15 13:20:53,378.28527554931287,0,Normal,1.0,Normal
2026-03-15 14:20:53,393.6760407889209,0,Auto Scaling,1.0,Auto Scaling
2026-03-15 15:20:53,478.0829890924954,0,Database Load,1.0,Database Load
2026-03-15 16:20:53,378.99119304591807,0,Normal,1.0,Normal
2026-03-15 17:20:53,355.58400035807733,0,Network Traffic,1.0,Network Traffic
2026-03-15 18:20:53,371.8130002180234,1,Network Traffic,0.99,Network Traffic
2026-03-15 19:20:53,484.4112405328775,0,Storage Growth,0.98,Storage Growth
2026-03-15 20:20:53,388.9256260836012,0,Network Traffic,1.0,Network Traffic
2026-03-15 21:20:53,325.9099462880776,0,Idle Resources,0.98,Idle Resources
2026-03-15 22:20:53,368.0936534509953,0,Normal,1.0,Normal
2026-03-15 23:20:53,279.74278118618014,0,Normal,1.0,Normal
2026-03-16 00:20:53,383.6870929265149,0,Auto Scaling,1.0,Auto Scaling
2026-03-16 01:20:53,456.62340658812354,0,Network Traffic,1.0,Network Traffic
2026-03-16 02:20:53,463.7352298858801,0,Backup/Snapshot Growth,1.0,Backup/Snapshot Growth
2026-03-16 03:20:53,382.665228957606,0,Idle Resources,1.0,Idle Resources
2026-03-16 04:20:53,295.8179795392138,0,Normal,0.96,Normal
2026-03-16 05:20:53,335.598377437261,0,Network Traffic,0.98,Network Traffic
2026-03-16 06:20:53,452.9037949292433,0,Idle Resources,1.0,Idle Resources
2026-03-16 07:20:53,358.7035034583244,0,Auto Scaling,1.0,Auto Scaling
2026-03-16 08:20:53,301.6986568236998,0,Normal,1.0,Normal
2026-03-16 09:20:53,369.6129842223336,0,Normal,1.0,Normal
2026-03-16 10:20:53,388.0345696774706,0,Normal,1.0,Normal
2026-03-16 11:20:53,581.0512390753523,0,Database Load,1.0,Database Load
2026-03-16 12:20:53,446.334774114248,0,Storage Growth,1.0,Storage Growth
2026-03-16 13:20:53,291.8152408120835,0,Normal,1.0,Normal
2026-03-16 14:20:53,293.70676341607395,0,Network Traffic,1.0,Network Traffic
2026-03-16 15:20:53,424.3796372066121,0,Backup/Snapshot Growth,0.98,Backup/Snapshot Growth
2026-03-16 16:20:53,328.04340057587183,0,Normal,0.94,Normal
2026-03-16 17:20:53,392.728259525421,0,Normal,0.96,Normal
2026-03-16 18:20:53,316.8243110657937,0,Normal,1.0,Normal
2026-03-16 19:20:53,311.587394275199,0,Network Traffic,1.0,Network Traffic
2026-03-16 20:20:53,280.02181673260515,0,Normal,1.0,Normal
2026-03-16 21:20:53,391.4625461377608,0,Normal,0.99,Normal
2026-03-16 22:20:53,362.5098479224084,0,Normal,1.0,Normal
2026-03-16 23:20:53,449.1767050695357,0,Database Load,1.0,Database Load
2026-03-17 00:20:53,465.86864241452,0,Idle Resources,1.0,Idle Resources
2026-03-17 01:20:53,294.1259396491987,0,Normal,1.0,Normal
2026-03-17 02:20:53,456.14478408786135,0,Database Load,1.0,Database Load
2026-03-17 03:20:53,328.2198980900774,0,Normal,1.0,Normal
2026-03-17 04:20:53,430.3848092492362,0,Network Traffic,1.0,Network Traffic
2026-03-17 05:20:53,596.1184182291418,0,Database Load,1.0,Database Load
2026-03-17 06:20:53,425.51360857247977,0,Idle Resources,1.0,Idle Resources
2026-03-17 07:20:53,626.1127491039085,1,Database Load,1.0,Database Load
2026-03-17 08:20:53,311.1642666952486,0,Idle Resources,0.99,Idle Resources
2026-03-17 09:20:53,426.3836517678899,0,Normal,1.0,Normal
2026-03-17 10:20:53,356.3656753941649,0,Normal,1.0,Normal
2026-03-17 11:20:53,332.1007452000048,0,Network Traffic,0.99,Network Traffic
2026-03-17 12:20:53,351.73815203465074,0,Idle Resources,1.0,Idle Resources
2026-03-17 13:20:53,454.5372544852294,0,Network Traffic,1.0,Network Traffic
2026-03-17 14:20:53,312.3765868890728,0,Network Traffic,1.0,Network Traffic
2026-03-17 15:20:53,436.54893172766,0,Storage Growth,1.0,Storage Growth
2026-03-17 16:20:53,509.786907329804,0,Normal,0.9,Normal
2026-03-17 17:20:53,429.8983741156652,0,Auto Scaling,1.0,Auto Scaling
2026-03-17 18:20:53,496.3030659574071,0,Auto Scaling,1.0,Auto Scaling
2026-03-17 19:20:53,400.6519238430737,0,Normal,0.92,Normal
2026-03-17 20:20:53,417.8694798459828,0,Normal,1.0,Normal
2026-03-17 21:20:53,351.7023120052263,0,Normal,1.0,Normal
2026-03-17 22:20:53,371.7532913323348,0,Normal,1.0,Normal
2026-03-17 23:20:53,399.04007664856965,1,Auto Scaling,0.98,Auto Scaling
2026-03-18 00:20:53,526.0966908338501,0,Backup/Snapshot Growth,1.0,Backup/Snapshot Growth
2026-03-18 01:20:53,350.9775733261497,0,Storage Growth,0.98,Storage Growth
2026-03-18 02:20:53,504.51628166521846,0,Idle Resources,1.0,Idle Resources
2026-03-18 03:20:53,390.6443375772077,0,Network Traffic,1.0,Network Traffic
2026-03-18 04:20:53,344.83684890813385,0,Normal,1.0,Normal
2026-03-18 05:20:53,317.79878275770886,0,Network Traffic,1.0,Network Traffic
2026-03-18 06:20:53,364.4047136067022,0,Normal,1.0,Normal
2026-03-18 07:20:53,379.1046500795961,0,Database Load,1.0,Database Load
2026-03-18 08:20:53,304.8754822865108,0,Normal,1.0,Normal
2026-03-18 09:20:53,381.68878634816906,0,Network Traffic,1.0,Network Traffic
2026-03-18 10:20:53,356.2065774529458,0,Normal,1.0,Normal
2026-03-18 11:20:53,273.10925156849345,0,Normal,1.0,Normal
2026-03-18 12:20:53,360.9583715155906,0,Normal,1.0,Normal
2026-03-18 13:20:53,634.2161671035406,1,Backup/Snapshot Growth,1.0,Backup/Snapshot Growth
2026-03-18 14:20:53,346.6768720696734,0,Network Traffic,1.0,Network Traffic
2026-03-18 15:20:53,384.2475101901541,0,Auto Scaling,1.0,Auto Scaling
2026-03-18 16:20:53,270.24912155093995,0,Normal,1.0,Normal
2026-03-18 17:20:53,513.3571519844052,0,Backup/Snapshot Growth,0.92,Backup/Snapshot Growth
2026-03-18 18:20:53,385.6673803411899,0,Storage Growth,1.0,Storage Growth
2026-03-18 19:20:53,294.6042899894888,0,Normal,1.0,Normal
2026-03-18 20:20:53,398.61418970512017,0,Normal,1.0,Normal
2026-03-18 21:20:53,384.595046123412,0,Normal,1.0,Normal
2026-03-18 22:20:53,301.9416263208517,0,Network Traffic,1.0,Network Traffic
2026-03-18 23:20:53,270.7876771636372,0,Normal,1.0,Normal
2026-03-19 00:20:53,474.4579057894944,0,Backup/Snapshot Growth,0.99,Backup/Snapshot Growth
2026-03-19 01:20:53,360.5381649271123,0,Normal,1.0,Normal
2026-03-19 02:20:53,343.3050286899181,0,Normal,1.0,Normal
2026-03-19 03:20:53,302.0486263546669,0,Normal,1.0,Normal
2026-03-19 04:20:53,297.9491227706977,0,Network Traffic,1.0,Network Traffic
2026-03-19 05:20:53,369.9704209913996,0,Storage Growth,1.0,Storage Growth
2026-03-19 06:20:53,250.67165825061733,0,Normal,1.0,Normal
2026-03-19 07:20:53,430.3388486352754,0,Auto Scaling,1.0,Auto Scaling
2026-03-19 08:20:53,416.156217065148,0,Storage Growth,0.97,Storage Growth
2026-03-19 09:20:53,445.72505997903727,0,Auto Scaling,1.0,Auto Scaling
2026-03-19 10:20:53,290.5872493649863,0,Normal,1.0,Normal
2026-03-19 11:20:53,353.53721288747664,0,Auto Scaling,1.0,Auto Scaling
2026-03-19 12:20:53,432.5454834780675,0,Idle Resources,0.92,Idle Resources
2026-03-19 13:20:53,319.8553053220357,0,Normal,1.0,Normal
2026-03-19 14:20:53,372.1154026521513,0,Normal,1.0,Normal
2026-03-19 15:20:53,252.0971065235229,0,Normal,1.0,Normal
2026-03-19 16:20:53,380.655942084122,0,Network Traffic,1.0,Network Traffic
2026-03-19 17:20:53,680.7700594934032,1,Database Load,1.0,Database Load
2026-03-19 18:20:53,390.29197797159753,0,Auto Scaling,1.0,Auto Scaling
2026-03-19 19:20:53,402.2454915132666,0,Auto Scaling,1.0,Auto Scaling
2026-03-19 20:20:53,373.250853698212,0,Network Traffic,0.98,Network Traffic
2026-03-19 21:20:53,326.6799131170826,0,Normal,1.0,Normal
2026-03-19 22:20:53,351.0343866589731,0,Normal,0.99,Normal
2026-03-19 23:20:53,531.8370294050104,0,Database Load,1.0,Database Load
2026-03-20 00:20:53,303.699008481473,0,Normal,1.0,Normal
2026-03-20 01:20:53,389.1308902853161,0,Backup/Snapshot Growth,0.96,Backup/Snapshot Growth
2026-03-20 02:20:53,288.2133712291235,0,Normal,1.0,Normal
2026-03-20 03:20:53,426.7173125734107,0,Normal,1.0,Normal
2026-03-20 04:20:53,312.92714250277805,0,Normal,1.0,Normal
2026-03-20 05:20:53,374.9114891451524,1,Network Traffic,1.0,Network Traffic
2026-03-20 06:20:53,320.89545989477483,0,Normal,1.0,Normal
2026-03-20 07:20:53,326.95746047892646,0,Normal,1.0,Normal
2026-03-20 08:20:53,410.93396975923775,0,Network Traffic,1.0,Network Traffic
2026-03-20 09:20:53,375.9897359387966,0,Normal,1.0,Normal
2026-03-20 10:20:53,262.22965594169466,0,Normal,0.99,Normal
2026-03-20 11:20:53,402.154920373026,0,Normal,1.0,Normal
2026-03-20 12:20:53,326.4978347264293,0,Normal,1.0,Normal
2026-03-20 13:20:53,289.1481304646016,0,Storage Growth,1.0,Storage Growth
2026-03-20 14:20:53,505.0740390520858,0,Database Load,1.0,Database Load
2026-03-20 15:20:53,402.654372438244,0,Idle Resources,1.0,Idle Resources
2026-03-20 16:20:53,364.2149385801257,0,Normal,1.0,Normal
2026-03-20 17:20:53,480.78469296229537,0,Idle Resources,1.0,Idle Resources
2026-03-20 18:20:53,405.2443750348061,0,Storage Growth,0.94,Storage Growth
2026-03-20 19:20:53,363.8889376149041,0,Network Traffic,1.0,Network Traffic
2026-03-20 20:20:53,355.0793094792179,0,Network Traffic,1.0,Network Traffic
2026-03-20 21:20:53,494.1915689683715,0,Normal,0.98,Normal
2026-03-20 22:20:53,482.4651495679735,0,Auto Scaling,1.0,Auto Scaling
2026-03-20 23:20:53,377.1342903362123,0,Storage Growth,1.0,Storage Growth
2026-03-21 00:20:53,306.93399288805017,0,Normal,1.0,Normal
2026-03-21 01:20:53,407.6870130451872,0,Network Traffic,1.0,Network Traffic
2026-03-21 02:20:53,463.64366443871495,0,Normal,1.0,Normal
2026-03-21 03:20:53,436.17931611613056,1,Idle Resources,1.0,Idle Resources
2026-03-21 04:20:53,361.8160133899471,0,Idle Resources,0.99,Idle Resources
2026-03-21 05:20:53,369.4641359362977,0,Normal,1.0,Normal
2026-03-21 06:20:53,410.2689240651973,0,Auto Scaling,1.0,Auto Scaling
2026-03-21 07:20:53,440.71887370528566,1,Idle Resources,1.0,Idle Resources
2026-03-21 08:20:53,361.6058844269386,0,Database Load,0.8,Database Load
2026-03-21 09:20:53,390.8058357086926,0,Normal,0.99,Normal
2026-03-21 10:20:53,425.3783096860057,0,Auto Scaling,0.99,Auto Scaling
2026-03-21 11:20:53,611.9152774018389,1,Database Load,1.0,Database Load
2026-03-21 12:20:53,326.39699911140104,0,Storage Growth,0.99,Storage Growth
2026-03-21 13:20:53,291.9859271216358,0,Normal,1.0,Normal
2026-03-21 14:20:53,700.9751067205192,1,Database Load,1.0,Database Load
2026-03-21 15:20:53,449.069599373619,0,Idle Resources,1.0,Idle Resources
2026-03-21 16:20:53,401.63497788586494,0,Storage Growth,1.0,Storage Growth
2026-03-21 17:20:53,276.46985590220925,0,Storage Growth,1.0,Storage Growth
2026-03-21 18:20:53,379.6875576999412,0,Normal,1.0,Normal
2026-03-21 19:20:53,510.7451957166739,0,Backup/Snapshot Growth,1.0,Backup/Snapshot Growth
2026-03-21 20:20:53,257.8111471904777,0,Normal,1.0,Normal
2026-03-21 21:20:53,366.7106118541439,0,Normal,1.0,Normal
2026-03-21 22:20:53,313.4000018406545,0,Normal,0.99,Normal
2026-03-21 23:20:53,462.6907642163108,0,Backup/Snapshot Growth,1.0,Backup/Snapshot Growth
2026-03-22 00:20:53,587.2541782957237,0,Database Load,1.0,Database Load
2026-03-22 01:20:53,419.1582907799505,0,Backup/Snapshot Growth,0.97,Backup/Snapshot Growth
2026-03-22 02:20:53,594.2021055580847,0,Database Load,1.0,Database Load
2026-03-22 03:20:53,388.2370165006991,0,Normal,1.0,Normal
2026-03-22 04:20:53,416.4607623476555,0,Network Traffic,1.0,Network Traffic
2026-03-22 05:20:53,407.4278893552748,0,Normal,1.0,Normal
2026-03-22 06:20:53,356.02369490418823,0,Normal,1.0,Normal
2026-03-22 07:20:53,270.5380775980671,0,Normal,1.0,Normal
2026-03-22 08:20:53,422.1230411439177,0,Storage Growth,0.99,Storage Growth
2026-03-22 09:20:53,367.2501780944155,0,Normal,1.0,Normal
2026-03-22 10:20:53,389.33390923236016,0,Normal,0.99,Normal
2026-03-22 11:20:53,277.6800238903365,0,Normal,1.0,Normal
2026-03-22 12:20:53,378.11257500671024,0,Auto Scaling,1.0,Auto Scaling
2026-03-22 13:20:53,626.6390545057976,1,Backup/Snapshot Growth,1.0,Backup/Snapshot Growth
2026-03-22 14:20:53,380.8647672675149,0,Normal,1.0,Normal
2026-03-22 15:20:53,511.2386279591327,1,Backup/Snapshot Growth,0.98,Backup/Snapshot Growth
2026-03-22 16:20:53,421.5667290252917,0,Normal,1.0,Normal
2026-03-22 17:20:53,350.3186245789378,0,Normal,1.0,Normal
2026-03-22 18:20:53,286.77529285773784,0,Normal,1.0,Normal
2026-03-22 19:20:53,448.94173765668194,0,Normal,0.96,Normal
2026-03-22 20:20:53,394.5993256142411,0,Auto Scaling,1.0,Auto Scaling
2026-03-22 21:20:53,349.984915521886,0,Normal,1.0,Normal
2026-03-22 22:20:53,612.9465301905934,0,Database Load,0.99,Database Load
2026-03-22 23:20:53,334.0405981745812,0,Network Traffic,1.0,Network Traffic
2026-03-23 00:20:53,469.002713676126,0,Database Load,1.0,Database Load
2026-03-23 01:20:53,306.83569828228894,0,Network Traffic,1.0,Network Traffic
2026-03-23 02:20:53,269.4044601552542,0,Normal,1.0,Normal
2026-03-23 03:20:53,545.5847671445938,0,Database Load,1.0,Database Load
2026-03-23 04:20:53,663.2724774748499,1,Backup/Snapshot Growth,1.0,Backup/Snapshot Growth
2026-03-23 05:20:53,405.00263184195086,0,Normal,1.0,Normal
2026-03-23 06:20:53,326.5031478193142,0,Normal,1.0,Normal
2026-03-23 07:20:53,351.65750084080776,0,Storage Growth,1.0,Storage Growth
2026-03-23 08:20:53,377.68867743426176,0,Normal,0.99,Normal
2026-03-23 09:20:53,461.1093878520352,0,Backup/Snapshot Growth,1.0,Backup/Snapshot Growth
2026-03-23 10:20:53,406.1076523271763,0,Normal,1.0,Normal
2026-03-23 11:20:53,414.7043827619145,0,Normal,1.0,Normal
2026-03-23 12:20:53,457.84019907684575,0,Database Load,1.0,Database Load
2026-03-23 13:20:53,412.94374116968186,0,Normal,0.99,Normal
2026-03-23 14:20:53,355.3603378287331,0,Normal,1.0,Normal
2026-03-23 15:20:53,566.840118312904,0,Database Load,1.0,Database Load
2026-03-23 16:20:53,365.3205323418589,0,Normal,1.0,Normal
2026-03-23 17:20:53,470.9770010277789,0,Network Traffic,0.99,Network Traffic
2026-03-23 18:20:53,362.3169268810411,0,Normal,1.0,Normal
2026-03-23 19:20:53,592.6821691140993,1,Database Load,1.0,Database Load
2026-03-23 20:20:53,392.7542510002084,0,Normal,1.0,Normal
2026-03-23 21:20:53,407.4028840710175,0,Storage Growth,1.0,Storage Growth
2026-03-23 22:20:53,342.1288993673004,0,Normal,0.98,Normal
2026-03-23 23:20:53,410.3462989368738,0,Database Load,1.0,Database Load
2026-03-24 00:20:53,264.00859383325525,0,Normal,1.0,Normal
2026-03-24 01:20:53,406.9144375195703,0,Normal,1.0,Normal
2026-03-24 02:20:53,556.7765442184532,0,Database Load,1.0,Database Load
2026-03-24 03:20:53,294.9699313343499,0,Normal,1.0,Normal
2026-03-24 04:20:53,512.0968866721709,0,Idle Resources,1.0,Idle Resources
2026-03-24 05:20:53,516.7433732458246,1,Idle Resources,1.0,Idle Resources
2026-03-24 06:20:53,354.37122703869363,0,Normal,0.97,Normal
2026-03-24 07:20:53,373.3614526758369,0,Normal,1.0,Normal
2026-03-24 08:20:53,310.49807388774417,0,Network Traffic,1.0,Network Traffic
2026-03-24 09:20:53,229.4957918269837,0,Normal,1.0,Normal
2026-03-24 10:20:53,397.6200027632908,0,Normal,1.0,Normal
2026-03-24 11:20:53,416.17635506591057,0,Normal,1.0,Normal
2026-03-24 12:20:53,309.4427322827955,0,Normal,1.0,Normal
2026-03-24 13:20:53,415.5711998829863,0,Normal,1.0,Normal
2026-03-24 14:20:53,530.7733575283756,0,Database Load,1.0,Database Load
2026-03-24 15:20:53,331.499698416261,0,Normal,0.98,Normal
2026-03-24 16:20:53,388.9930860598772,0,Network Traffic,1.0,Network Traffic
2026-03-24 17:20:53,311.1921581718097,0,Storage Growth,1.0,Storage Growth
2026-03-24 18:20:53,329.9131081130673,0,Normal,0.99,Normal
2026-03-24 19:20:53,261.43599942842064,0,Normal,1.0,Normal
2026-03-24 20:20:53,387.1550400628991,0,Normal,1.0,Normal
2026-03-24 21:20:53,304.38501598673264,0,Normal,1.0,Normal
2026-03-24 22:20:53,454.8747915702842,0,Normal,0.98,Normal
2026-03-24 23:20:53,337.6661460708692,0,Normal,1.0,Normal
2026-03-25 00:20:53,399.682835126036,0,Network Traffic,1.0,Network Traffic
2026-03-25 01:20:53,384.47176395672966,0,Normal,1.0,Normal
2026-03-25 02:20:53,396.1689707670802,0,Normal,1.0,Normal
2026-03-25 03:20:53,383.5949368175642,0,Normal,1.0,Normal
2026-03-25 04:20:53,472.6874834242349,0,Idle Resources,1.0,Idle Resources
2026-03-25 05:20:53,408.6123299910247,0,Normal,1.0,Normal
2026-03-25 06:20:53,430.2881355592612,0,Auto Scaling,1.0,Auto Scaling
2026-03-25 07:20:53,392.4090899426664,0,Storage Growth,1.0,Storage Growth
2026-03-25 08:20:53,689.9006820423034,1,Backup/Snapshot Growth,0.99,Backup/Snapshot Growth
2026-03-25 09:20:53,312.16363503500816,0,Auto Scaling,1.0,Auto Scaling
2026-03-25 10:20:53,665.7680743261287,1,Backup/Snapshot Growth,1.0,Backup/Snapshot Growth
2026-03-25 11:20:53,307.114838636165,0,Normal,1.0,Normal
2026-03-25 12:20:53,335.10800193004013,0,Idle Resources,1.0,Idle Resources
2026-03-25 13:20:53,489.9535528248512,0,Database Load,1.0,Database Load
2026-03-25 14:20:53,285.9011503923261,0,Normal,1.0,Normal
2026-03-25 15:20:53,391.74821368818334,0,Storage Growth,1.0,Storage Growth
2026-03-25 16:20:53,512.7244304728819,0,Backup/Snapshot Growth,1.0,Backup/Snapshot Growth
2026-03-25 17:20:53,278.6884410268963,0,Normal,1.0,Normal
2026-03-25 18:20:53,227.77953428206067,0,Normal,1.0,Normal
2026-03-25 19:20:53,360.1792326242429,0,Storage Growth,0.99,Storage Growth
2026-03-25 20:20:53,356.3347074524865,0,Auto Scaling,1.0,Auto Scaling
2026-03-25 21:20:53,520.5740811361212,1,Idle Resources,1.0,Idle Resources
2026-03-25 22:20:53,265.08311581640066,0,Storage Growth,1.0,Storage Growth
2026-03-25 23:20:53,402.1423844527284,0,Auto Scaling,0.99,Auto Scaling
2026-03-26 00:20:53,318.9483507750492,0,Storage Growth,0.98,Storage Growth
2026-03-26 01:20:53,338.3602386530887,0,Normal,1.0,Normal
2026-03-26 02:20:53,513.1580564011385,1,Database Load,1.0,Database Load
2026-03-26 03:20:53,470.878767656567,0,Backup/Snapshot Growth,1.0,Backup/Snapshot Growth
2026-03-26 04:20:53,306.2264403503812,0,Network Traffic,1.0,Network Traffic
2026-03-26 05:20:53,406.5681994306017,0,Normal,1.0,Normal
2026-03-26 06:20:53,251.0374508221726,0,Normal,1.0,Normal
2026-03-26 07:20:53,326.99100362864283,0,Normal,1.0,Normal
2026-03-26 08:20:53,417.96511985710765,0,Normal,1.0,Normal
2026-03-26 09:20:53,451.2067667690501,1,Auto Scaling,1.0,Auto Scaling
2026-03-26 10:20:53,388.007224415428,0,Network Traffic,1.0,Network Traffic
2026-03-26 11:20:53,426.6777000264094,0,Network Traffic,1.0,Network Traffic
2026-03-26 12:20:53,382.0469367004636,0,Network Traffic,0.99,Network Traffic
2026-03-26 13:20:53,301.70957316323125,0,Normal,1.0,Normal
2026-03-26 14:20:53,374.1758417428712,0,Normal,1.0,Normal
2026-03-26 15:20:53,446.41597167462544,0,Normal,0.99,Normal
2026-03-26 16:20:53,314.17881015794853,0,Network Traffic,1.0,Network Traffic
2026-03-26 17:20:53,520.9017560775158,1,Backup/Snapshot Growth,1.0,Backup/Snapshot Growth
2026-03-26 18:20:53,283.0860274047019,0,Network Traffic,1.0,Network Traffic
2026-03-26 19:20:53,336.08499902646764,0,Network Traffic,1.0,Network Traffic
2026-03-26 20:20:53,284.29990301222534,0,Normal,0.98,Normal
2026-03-26 21:20:53,408.53590619614897,0,Idle Resources,1.0,Idle Resources
2026-03-26 22:20:53,359.5264410343382,1,Idle Resources,1.0,Idle Resources
2026-03-26 23:20:53,338.7392972315163,0,Storage Growth,1.0,Storage Growth
2026-03-27 00:20:53,396.5964100993003,0,Normal,1.0,Normal
2026-03-27 01:20:53,303.2176899522961,0,Normal,0.99,Normal
2026-03-27 02:20:53,372.77980856885154,0,Normal,0.92,Normal
2026-03-27 03:20:53,637.5530314988835,1,Database Load,1.0,Database Load
2026-03-27 04:20:53,366.87762653083297,0,Auto Scaling,1.0,Auto Scaling
2026-03-27 05:20:53,413.9302745677157,0,Normal,1.0,Normal
2026-03-27 06:20:53,335.52460597611736,0,Normal,0.97,Normal
2026-03-27 07:20:53,377.5763018720025,0,Network Traffic,1.0,Network Traffic
2026-03-27 08:20:53,346.78940618549615,0,Normal,1.0,Normal
2026-03-27 09:20:53,388.10995409536577,0,Storage Growth,0.99,Storage Growth
2026-03-27 10:20:53,421.291428110765,0,Backup/Snapshot Growth,1.0,Backup/Snapshot Growth
2026-03-27 11:20:53,424.5414402710589,0,Normal,1.0,Normal
2026-03-27 12:20:53,406.7643508910775,0,Normal,1.0,Normal
2026-03-27 13:20:53,491.1868845959209,1,Idle Resources,1.0,Idle Resources
2026-03-27 14:20:53,514.0961219968243,0,Network Traffic,0.96,Network Traffic
2026-03-27 15:20:53,395.742486086747,0,Auto Scaling,1.0,Auto Scaling
2026-03-27 16:20:53,525.1469158081629,0,Database Load,1.0,Database Load
2026-03-27 17:20:53,339.2536751054747,0,Normal,1.0,Normal
2026-03-27 18:20:53,318.1130750927037,0,Normal,1.0,Normal
2026-03-27 19:20:53,299.74493246848897,0,Storage Growth,1.0,Storage Growth
2026-03-27 20:20:53,333.0580497681475,0,Auto Scaling,1.0,Auto Scaling
2026-03-27 21:20:53,442.6963337616819,0,Auto Scaling,0.99,Auto Scaling
2026-03-27 22:20:53,359.509589564952,0,Storage Growth,1.0,Storage Growth
2026-03-27 23:20:53,462.5183932225256,0,Normal,0.92,Normal
2026-03-28 00:20:53,371.8503791486846,0,Normal,1.0,Normal
2026-03-28 01:20:53,342.72674567454,0,Normal,0.99,Normal
2026-03-28 02:20:53,369.97852819624194,0,Normal,1.0,Normal
2026-03-28 03:20:53,360.26668046006085,0,Auto Scaling,1.0,Auto Scaling
2026-03-28 04:20:53,319.5393455956199,0,Normal,1.0,Normal
2026-03-28 05:20:53,636.3771318154517,1,Database Load,1.0,Database Load
2026-03-28 06:20:53,448.5072420909554,0,Auto Scaling,1.0,Auto Scaling
2026-03-28 07:20:53,310.9618691151729,0,Auto Scaling,1.0,Auto Scaling
2026-03-28 08:20:53,463.70196158455394,0,Idle Resources,1.0,Idle Resources
2026-03-28 09:20:53,357.3267042633839,0,Normal,0.99,Normal
2026-03-28 10:20:53,367.34863250556,0,Network Traffic,1.0,Network Traffic
2026-03-28 11:20:53,349.1050915954974,0,Normal,1.0,Normal
2026-03-28 12:20:53,303.0675589883682,0,Network Traffic,1.0,Network Traffic
2026-03-28 13:20:53,336.55703572085173,0,Normal,1.0,Normal
2026-03-28 14:20:53,327.0993445110828,0,Normal,1.0,Normal
2026-03-28 15:20:53,334.68552033484343,0,Network Traffic,1.0,Network Traffic
2026-03-28 16:20:53,282.45033639373094,0,Normal,1.0,Normal
2026-03-28 17:20:53,335.62767970577306,0,Normal,1.0,Normal
2026-03-28 18:20:53,354.1906713064586,0,Normal,1.0,Normal
2026-03-28 19:20:53,336.3314413858951,0,Normal,1.0,Normal
2026-03-28 20:20:53,325.0722161828368,0,Network Traffic,0.99,Network Traffic
2026-03-28 21:20:53,345.2715076738539,0,Auto Scaling,1.0,Auto Scaling
2026-03-28 22:20:53,471.5323865748791,0,Network Traffic,0.99,Network Traffic
2026-03-28 23:20:53,315.2250281240034,0,Normal,1.0,Normal
2026-03-29 00:20:53,396.589247577564,0,Normal,1.0,Normal
2026-03-29 01:20:53,301.24462928982405,0,Normal,1.0,Normal
2026-03-29 02:20:53,479.1699932997628,0,Idle Resources,1.0,Idle Resources
2026-03-29 03:20:53,364.07482250500334,0,Normal,0.98,Normal
2026-03-29 04:20:53,387.20420461931405,0,Network Traffic,1.0,Network Traffic
2026-03-29 05:20:53,378.0915627129584,0,Normal,1.0,Normal
2026-03-29 06:20:53,357.9777299931252,0,Normal,1.0,Normal
2026-03-29 07:20:53,608.6759015652408,1,Backup/Snapshot Growth,1.0,Backup/Snapshot Growth
2026-03-29 08:20:53,369.3578925455806,0,Normal,0.98,Normal
2026-03-29 09:20:53,446.1185197592013,1,Idle Resources,0.98,Idle Resources
2026-03-29 10:20:53,302.75437330362263,0,Normal,1.0,Normal
2026-03-29 11:20:53,297.4532732076704,0,Normal,1.0,Normal
2026-03-29 12:20:53,410.69318145526086,0,Database Load,0.97,Database Load
2026-03-29 13:20:53,492.9393349441501,1,Auto Scaling,1.0,Auto Scaling
2026-03-29 14:20:53,380.9858566378835,0,Auto Scaling,0.99,Auto Scaling
2026-03-29 15:20:53,418.6231835236874,0,Idle Resources,1.0,Idle Resources
2026-03-29 16:20:53,408.0124697029428,0,Auto Scaling,0.99,Auto Scaling
2026-03-29 17:20:53,625.1251089238569,1,Database Load,1.0,Database Load
2026-03-29 18:20:53,411.7518971740585,0,Normal,0.89,Normal
2026-03-29 19:20:53,246.0786820013325,0,Normal,1.0,Normal
2026-03-29 20:20:53,330.0063923506446,0,Normal,1.0,Normal
2026-03-29 21:20:53,431.8243561627624,0,Network Traffic,1.0,Network Traffic
2026-03-29 22:20:53,260.4387306995571,0,Normal,1.0,Normal
2026-03-29 23:20:53,420.98093896090177,0,Normal,1.0,Normal
2026-03-30 00:20:53,605.6067062768311,0,Database Load,1.0,Database Load
2026-03-30 01:20:53,434.7180758372583,0,Idle Resources,1.0,Idle Resources
2026-03-30 02:20:53,258.2155066716712,0,Normal,1.0,Normal
2026-03-30 03:20:53,297.1264515644172,0,Normal,1.0,Normal
2026-03-30 04:20:53,294.17597428973346,0,Normal,1.0,Normal
2026-03-30 05:20:53,328.9923492095356,0,Network Traffic,0.99,Network Traffic
2026-03-30 06:20:53,328.6335134053618,0,Normal,1.0,Normal
2026-03-30 07:20:53,414.445300462138,0,Auto Scaling,1.0,Auto Scaling
2026-03-30 08:20:53,425.1133248029517,0,Idle Resources,0.99,Idle Resources
2026-03-30 09:20:53,290.01261832712095,0,Normal,1.0,Normal
2026-03-30 10:20:53,386.45924404124094,0,Normal,1.0,Normal
2026-03-30 11:20:53,446.2495986949455,0,Idle Resources,1.0,Idle Resources
2026-03-30 12:20:53,455.8277588533704,0,Backup/Snapshot Growth,1.0,Backup/Snapshot Growth
2026-03-30 13:20:53,392.8436662132684,0,Normal,1.0,Normal
2026-03-30 14:20:53,458.1306066306557,0,Auto Scaling,0.99,Auto Scaling
2026-03-30 15:20:53,307.39273567929905,0,Auto Scaling,1.0,Auto Scaling
2026-03-30 16:20:53,626.813627239017,1,Backup/Snapshot Growth,1.0,Backup/Snapshot Growth
2026-03-30 17:20:53,465.4550809360788,0,Idle Resources,1.0,Idle Resources
2026-03-30 18:20:53,533.241143754285,0,Database Load,1.0,Database Load
2026-03-30 19:20:53,626.9611989038316,1,Backup/Snapshot Growth,1.0,Backup/Snapshot Growth
2026-03-30 20:20:53,337.35847462537936,0,Normal,1.0,Normal
2026-03-30 21:20:53,313.9555709838709,0,Normal,1.0,Normal
2026-03-30 22:20:53,402.23029713268943,0,Normal,1.0,Normal
2026-03-30 23:20:53,444.2101041019144,0,Normal,0.99,Normal
2026-03-31 00:20:53,348.9066274022692,0,Network Traffic,1.0,Network Traffic
2026-03-31 01:20:53,493.9242058538021,0,Storage Growth,0.99,Storage Growth
2026-03-31 02:20:53,427.4261382197749,0,Normal,0.99,Normal
2026-03-31 03:20:53,351.5424508496547,0,Network Traffic,1.0,Network Traffic
2026-03-31 04:20:53,322.8225569548139,0,Normal,1.0,Normal
2026-03-31 05:20:53,506.555946118905,0,Database Load,1.0,Database Load
2026-03-31 06:20:53,413.9830719140077,0,Idle Resources,1.0,Idle Resources
2026-03-31 07:20:53,381.6417880294339,0,Normal,1.0,Normal
2026-03-31 08:20:53,335.08713258619764,0,Normal,1.0,Normal
2026-03-31 09:20:53,384.2811451200326,0,Normal,1.0,Normal
2026-03-31 10:20:53,370.3391797485664,0,Normal,1.0,Normal
2026-03-31 11:20:53,461.1757599189101,0,Idle Resources,1.0,Idle Resources
2026-03-31 12:20:53,373.58725906876936,0,Normal,1.0,Normal
2026-03-31 13:20:53,676.5022901840615,1,Database Load,1.0,Database Load
2026-03-31 14:20:53,335.5880271560968,0,Storage Growth,1.0,Storage Growth
2026-03-31 15:20:53,525.9851740485412,0,Database Load,1.0,Database Load
2026-03-31 16:20:53,442.4123089077196,0,Normal,0.99,Normal
2026-03-31 17:20:53,638.0471279674518,0,Database Load,1.0,Database Load
2026-03-31 18:20:53,394.6118343837136,0,Storage Growth,1.0,Storage Growth
2026-03-31 19:20:53,411.865442057149,0,Network Traffic,1.0,Network Traffic
2026-03-31 20:20:53,418.7223273667334,0,Backup/Snapshot Growth,1.0,Backup/Snapshot Growth
2026-03-31 21:20:53,350.45462256950464,0,Normal,1.0,Normal
2026-03-31 22:20:53,321.39203966055203,0,Normal,1.0,Normal
2026-03-31 23:20:53,350.58411681922564,0,Normal,1.0,Normal
2026-04-01 00:20:53,714.4822453589944,1,Database Load,1.0,Database Load
2026-04-01 01:20:53,319.5213625346097,0,Normal,1.0,Normal
2026-04-01 02:20:53,323.1416828394743,0,Normal,1.0,Normal
2026-04-01 03:20:53,353.42832801765525,0,Normal,1.0,Normal
2026-04-01 04:20:53,400.2267147868598,0,Normal,0.98,Normal
2026-04-01 05:20:53,489.9273069834271,0,Database Load,1.0,Database Load
2026-04-01 06:20:53,323.91812093159507,0,Normal,1.0,Normal
2026-04-01 07:20:53,332.7439061059371,0,Network Traffic,1.0,Network Traffic
2026-04-01 08:20:53,449.2213148991967,0,Auto Scaling,1.0,Auto Scaling
2026-04-01 09:20:53,435.9568749916278,0,Auto Scaling,1.0,Auto Scaling
2026-04-01 10:20:53,321.0255175715305,0,Network Traffic,1.0,Network Traffic
2026-04-01 11:20:53,700.7830503760985,1,Database Load,1.0,Database Load
2026-04-01 12:20:53,414.0526052874529,0,Idle Resources,1.0,Idle Resources
2026-04-01 13:20:53,365.339262480416,0,Normal,1.0,Normal
2026-04-01 14:20:53,387.7542892293852,0,Normal,0.99,Normal
2026-04-01 15:20:53,328.41157393847215,0,Normal,1.0,Normal
2026-04-01 16:20:53,370.0036167909008,0,Normal,1.0,Normal
2026-04-01 17:20:53,272.5284691963491,0,Normal,1.0,Normal
2026-04-01 18:20:53,630.121247025519,0,Database Load,1.0,Database Load
2026-04-01 19:20:53,331.5252009988497,0,Normal,1.0,Normal
2026-04-01 20:20:53,277.9421152633494,0,Normal,1.0,Normal
2026-04-01 21:20:53,371.0865780969106,0,Normal,1.0,Normal
2026-04-01 22:20:53,369.9031047633664,0,Network Traffic,1.0,Network Traffic
2026-04-01 23:20:53,444.7243268208594,0,Database Load,1.0,Database Load
2026-04-02 00:20:53,418.2830747180138,0,Normal,1.0,Normal
2026-04-02 01:20:53,402.1882100116095,0,Network Traffic,1.0,Network Traffic
2026-04-02 02:20:53,319.70571579509794,0,Normal,1.0,Normal
2026-04-02 03:20:53,630.6068709185065,1,Database Load,1.0,Database Load
2026-04-02 04:20:53,472.4461179368241,0,Database Load,1.0,Database Load
2026-04-02 05:20:53,445.3256625447019,0,Auto Scaling,1.0,Auto Scaling
2026-04-02 06:20:53,348.2424126434705,0,Normal,1.0,Normal
2026-04-02 07:20:53,346.169428669016,0,Normal,1.0,Normal
2026-04-02 08:20:53,383.3650903801466,0,Normal,1.0,Normal
2026-04-02 09:20:53,383.85467312486384,0,Network Traffic,1.0,Network Traffic
2026-04-02 10:20:53,270.8987179393436,0,Normal,1.0,Normal
2026-04-02 11:20:53,420.14484001527046,0,Idle Resources,0.97,Idle Resources
2026-04-02 12:20:53,347.34229738029336,0,Normal,0.99,Normal
2026-04-02 13:20:53,288.90402817682286,0,Normal,1.0,Normal
2026-04-02 14:20:53,385.7601523231217,0,Auto Scaling,1.0,Auto Scaling
2026-04-02 15:20:53,310.0172507009855,0,Normal,1.0,Normal
2026-04-02 16:20:53,368.14184271596855,0,Network Traffic,1.0,Network Traffic
2026-04-02 17:20:53,590.1593884253955,0,Database Load,1.0,Database Load
2026-04-02 18:20:53,375.68510969183467,0,Normal,1.0,Normal
2026-04-02 19:20:53,422.0644653066045,0,Normal,1.0,Normal
2026-04-02 20:20:53,307.9223960694905,0,Normal,1.0,Normal
2026-04-02 21:20:53,310.1000347901329,0,Storage Growth,1.0,Storage Growth
2026-04-02 22:20:53,421.4574380932695,0,Normal,1.0,Normal
2026-04-02 23:20:53,425.765179914005,0,Auto Scaling,1.0,Auto Scaling
2026-04-03 00:20:53,586.410646518962,1,Backup/Snapshot Growth,1.0,Backup/Snapshot Growth
2026-04-03 01:20:53,572.1064159434403,0,Backup/Snapshot Growth,1.0,Backup/Snapshot Growth
2026-04-03 02:20:53,347.102261746467,0,Network Traffic,1.0,Network Traffic
2026-04-03 03:20:53,381.45939091902926,0,Database Load,0.99,Database Load
2026-04-03 04:20:53,486.3116343448079,0,Idle Resources,1.0,Idle Resources
2026-04-03 05:20:53,303.6336862784486,0,Normal,1.0,Normal
2026-04-03 06:20:53,666.5810627677987,0,Database Load,1.0,Database Load
2026-04-03 07:20:53,358.7759634678231,0,Network Traffic,1.0,Network Traffic
2026-04-03 08:20:53,407.62082256748863,0,Normal,1.0,Normal
2026-04-03 09:20:53,415.0231742593055,0,Idle Resources,1.0,Idle Resources
2026-04-03 10:20:53,310.5305973163485,0,Normal,1.0,Normal
2026-04-03 11:20:53,386.79281568378485,0,Normal,0.91,Normal
2026-04-03 12:20:53,618.3174423712053,0,Database Load,1.0,Database Load
2026-04-03 13:20:53,356.82800662878736,0,Network Traffic,1.0,Network Traffic
2026-04-03 14:20:53,575.745503883939,0,Database Load,1.0,Database Load
2026-04-03 15:20:53,256.153337550852,0,Normal,1.0,Normal
2026-04-03 16:20:53,207.64680049696952,0,Normal,1.0,Normal
2026-04-03 17:20:53,313.0516319734397,0,Normal,1.0,Normal
2026-04-03 18:20:53,487.2411468947494,0,Backup/Snapshot Growth,0.98,Backup/Snapshot Growth
2026-04-03 19:20:53,428.9625898359011,0,Idle Resources,1.0,Idle Resources
2026-04-03 20:20:53,368.6709523508976,0,Storage Growth,1.0,Storage Growth
2026-04-03 21:20:53,370.5128935057616,0,Auto Scaling,0.96,Auto Scaling
2026-04-03 22:20:53,381.1769019520357,0,Network Traffic,1.0,Network Traffic
2026-04-03 23:20:53,259.07269650178665,0,Normal,1.0,Normal
2026-04-04 00:20:53,409.8698759897389,0,Auto Scaling,1.0,Auto Scaling
2026-04-04 01:20:53,266.93405701317243,0,Network Traffic,1.0,Network Traffic
2026-04-04 02:20:53,333.4574571317297,0,Normal,1.0,Normal
2026-04-04 03:20:53,393.2266229841664,0,Normal,1.0,Normal
2026-04-04 04:20:53,459.9909347752638,0,Auto Scaling,1.0,Auto Scaling
2026-04-04 05:20:53,415.72438967541353,0,Normal,0.99,Normal
2026-04-04 06:20:53,312.101052077383,0,Storage Growth,0.97,Storage Growth
2026-04-04 07:20:53,411.6713271333148,0,Database Load,0.6,Database Load
2026-04-04 08:20:53,504.3755959723873,0,Backup/Snapshot Growth,0.99,Backup/Snapshot Growth
2026-04-04 09:20:53,382.2221194374733,0,Normal,0.82,Normal
2026-04-04 10:20:53,386.2750061108004,0,Auto Scaling,1.0,Auto Scaling
2026-04-04 11:20:53,363.525140806899,0,Storage Growth,0.98,Storage Growth
2026-04-04 12:20:53,309.53985425881217,0,Normal,1.0,Normal
2026-04-04 13:20:53,331.33181321803875,0,Normal,1.0,Normal
2026-04-04 14:20:53,569.3822623326033,0,Database Load,1.0,Database Load
2026-04-04 15:20:53,402.2810352908884,0,Idle Resources,0.99,Idle Resources
2026-04-04 16:20:53,358.69269155258286,0,Normal,1.0,Normal
2026-04-04 17:20:53,322.63277948257087,0,Normal,1.0,Normal
2026-04-04 18:20:53,431.0295930790658,0,Auto Scaling,0.98,Auto Scaling
2026-04-04 19:20:53,410.2598486778872,0,Auto Scaling,1.0,Auto Scaling
2026-04-04 20:20:53,371.8693787754633,0,Normal,1.0,Normal
2026-04-04 21:20:53,356.114887467544,0,Idle Resources,1.0,Idle Resources
2026-04-04 22:20:53,310.62514316066694,0,Normal,1.0,Normal
2026-04-04 23:20:53,343.49135962992443,0,Normal,1.0,Normal
2026-04-05 00:20:53,423.9485774862458,0,Normal,1.0,Normal
2026-04-05 01:20:53,321.663136343143,0,Normal,1.0,Normal
2026-04-05 02:20:53,456.6551225193553,0,Idle Resources,1.0,Idle Resources
2026-04-05 03:20:53,295.9172159749975,0,Normal,1.0,Normal
2026-04-05 04:20:53,366.0891124983754,0,Normal,1.0,Normal
2026-04-05 05:20:53,456.9937927046833,0,Database Load,0.99,Database Load
2026-04-05 06:20:53,461.203527149514,1,Auto Scaling,0.99,Auto Scaling
2026-04-05 07:20:53,449.8759071299308,0,Auto Scaling,1.0,Auto Scaling
2026-04-05 08:20:53,348.35842685604325,0,Auto Scaling,1.0,Auto Scaling
2026-04-05 09:20:53,387.1636557157916,0,Normal,1.0,Normal
2026-04-05 10:20:53,386.8608190209468,0,Normal,1.0,Normal
2026-04-05 11:20:53,287.43524195754884,0,Normal,1.0,Normal
2026-04-05 12:20:53,609.356251261152,1,Database Load,0.99,Database Load
2026-04-05 13:20:53,572.138443557699,0,Backup/Snapshot Growth,1.0,Backup/Snapshot Growth
2026-04-05 14:20:53,347.1483753625148,0,Network Traffic,1.0,Network Traffic
2026-04-05 15:20:53,357.264707266654,0,Network Traffic,0.98,Network Traffic
2026-04-05 16:20:53,303.352145940942,0,Normal,1.0,Normal
2026-04-05 17:20:53,404.1120009630706,0,Normal,0.9,Normal
2026-04-05 18:20:53,378.7966894104046,0,Normal,0.93,Normal
2026-04-05 19:20:53,380.3489328681793,0,Auto Scaling,1.0,Auto Scaling
2026-04-05 20:20:53,374.9688541795949,0,Storage Growth,1.0,Storage Growth
2026-04-05 21:20:53,345.122941000144,0,Idle Resources,1.0,Idle Resources
2026-04-05 22:20:53,408.4403360918983,0,Normal,1.0,Normal
2026-04-05 23:20:53,375.0377573694578,0,Normal,0.81,Normal
2026-04-06 00:20:53,306.44283516453646,0,Normal,1.0,Normal
2026-04-06 01:20:53,297.4155805128206,0,Network Traffic,1.0,Network Traffic
2026-04-06 02:20:53,541.7352903139586,0,Backup/Snapshot Growth,1.0,Backup/Snapshot Growth
2026-04-06 03:20:53,360.5228509384184,0,Normal,1.0,Normal
2026-04-06 04:20:53,439.2960356968887,0,Storage Growth,0.8,Storage Growth
2026-04-06 05:20:53,423.5989685627143,0,Normal,1.0,Normal
2026-04-06 06:20:53,289.96034928903623,0,Normal,1.0,Normal
2026-04-06 07:20:53,270.410662486634,0,Normal,1.0,Normal
2026-04-06 08:20:53,483.7487428554346,1,Idle Resources,1.0,Idle Resources
2026-04-06 09:20:53,321.0101168404193,0,Network Traffic,1.0,Network Traffic
2026-04-06 10:20:53,402.2294146667649,0,Storage Growth,1.0,Storage Growth
2026-04-06 11:20:53,341.7389471756724,0,Normal,1.0,Normal
2026-04-06 12:20:53,365.4397497490249,0,Normal,1.0,Normal
2026-04-06 13:20:53,600.3215420647834,1,Backup/Snapshot Growth,1.0,Backup/Snapshot Growth
2026-04-06 14:20:53,388.16419470433766,0,Normal,0.94,Normal
2026-04-06 15:20:53,385.1821428641354,0,Auto Scaling,1.0,Auto Scaling
2026-04-06 16:20:53,455.45769182208494,0,Idle Resources,1.0,Idle Resources
2026-04-06 17:20:53,343.82083923672826,0,Network Traffic,1.0,Network Traffic
2026-04-06 18:20:53,272.2505307771487,0,Normal,0.98,Normal
2026-04-06 19:20:53,418.1317513658437,0,Normal,1.0,Normal
2026-04-06 20:20:53,449.640567804464,0,Database Load,1.0,Database Load
2026-04-06 21:20:53,434.194017632532,0,Network Traffic,1.0,Network Traffic
2026-04-06 22:20:53,318.6826620769271,0,Normal,1.0,Normal
2026-04-06 23:20:53,402.9443571467973,0,Normal,1.0,Normal
2026-04-07 00:20:53,359.5827501227432,0,Normal,1.0,Normal
2026-04-07 01:20:53,382.5210587803063,0,Normal,0.99,Normal
2026-04-07 02:20:53,341.7038439552874,0,Normal,1.0,Normal
2026-04-07 03:20:53,363.758836311257,0,Network Traffic,1.0,Network Traffic
2026-04-07 04:20:53,316.3686566332905,0,Normal,1.0,Normal
2026-04-07 05:20:53,287.3480231958515,0,Normal,1.0,Normal
2026-04-07 06:20:53,380.701741842064,0,Normal,1.0,Normal
2026-04-07 07:20:53,266.81967537284856,0,Normal,1.0,Normal
2026-04-07 08:20:53,611.3647468939024,1,Backup/Snapshot Growth,1.0,Backup/Snapshot Growth
2026-04-07 09:20:53,387.0251808221751,0,Idle Resources,1.0,Idle Resources
2026-04-07 10:20:53,353.8734594738336,0,Auto Scaling,1.0,Auto Scaling
2026-04-07 11:20:53,295.14352202736285,0,Auto Scaling,0.98,Auto Scaling
2026-04-07 12:20:53,325.9426913618876,0,Auto Scaling,1.0,Auto Scaling
2026-04-07 13:20:53,339.4317155359337,0,Normal,1.0,Normal
2026-04-07 14:20:53,361.86868980063184,0,Normal,1.0,Normal
2026-04-07 15:20:53,471.1348417173862,0,Auto Scaling,1.0,Auto Scaling
2026-04-07 16:20:53,385.6287486689287,0,Normal,1.0,Normal
2026-04-07 17:20:53,305.2329284545581,0,Normal,1.0,Normal
2026-04-07 18:20:53,567.1766469900377,0,Database Load,1.0,Database Load
2026-04-07 19:20:53,401.3380069609989,0,Auto Scaling,0.99,Auto Scaling
2026-04-07 20:20:53,443.893483678795,0,Normal,1.0,Normal
2026-04-07 21:20:53,301.1897202756539,0,Normal,1.0,Normal
2026-04-07 22:20:53,282.46868556852,0,Normal,1.0,Normal
2026-04-07 23:20:53,368.3320455559998,0,Auto Scaling,0.99,Auto Scaling
2026-04-08 00:20:53,377.6696664745847,0,Network Traffic,1.0,Network Traffic
2026-04-08 01:20:53,325.693335724658,0,Network Traffic,0.98,Network Traffic
2026-04-08 02:20:53,328.0573276706669,0,Normal,0.99,Normal
2026-04-08 03:20:53,372.5955897046892,0,Normal,0.98,Normal
2026-04-08 04:20:53,463.5075700935985,0,Auto Scaling,1.0,Auto Scaling
2026-04-08 05:20:53,361.7986022815173,0,Normal,1.0,Normal
2026-04-08 06:20:53,372.56156908249216,0,Auto Scaling,1.0,Auto Scaling
2026-04-08 07:20:53,357.26342009495187,0,Idle Resources,1.0,Idle Resources
2026-04-08 08:20:53,377.1930982984601,0,Normal,0.99,Normal
2026-04-08 09:20:53,430.04918729437634,0,Normal,1.0,Normal
2026-04-08 10:20:53,381.1254523301874,0,Normal,1.0,Normal
2026-04-08 11:20:53,421.4637606392503,0,Normal,0.98,Normal
2026-04-08 12:20:53,511.0064669555127,1,Idle Resources,1.0,Idle Resources
2026-04-08 13:20:53,443.1014762876728,1,Idle Resources,1.0,Idle Resources
2026-04-08 14:20:53,491.9153477288494,0,Database Load,1.0,Database Load
2026-04-08 15:20:53,409.27438168631903,0,Normal,1.0,Normal
2026-04-08 16:20:53,447.67324031129925,0,Network Traffic,1.0,Network Traffic
2026-04-08 17:20:53,432.5770695224437,0,Normal,0.99,Normal
2026-04-08 18:20:53,468.919556993256,0,Backup/Snapshot Growth,1.0,Backup/Snapshot Growth
2026-04-08 19:20:53,508.3060662043546,0,Auto Scaling,1.0,Auto Scaling
2026-04-08 20:20:53,505.9898636834535,0,Database Load,1.0,Database Load
2026-04-08 21:20:53,329.97141878595266,0,Normal,0.98,Normal
2026-04-08 22:20:53,402.44926940155307,0,Backup/Snapshot Growth,1.0,Backup/Snapshot Growth
2026-04-08 23:20:53,498.3404200712577,0,Idle Resources,1.0,Idle Resources
2026-04-09 00:20:53,360.887776888043,0,Normal,0.95,Normal
2026-04-09 01:20:53,354.5655227886101,0,Normal,0.99,Normal
2026-04-09 02:20:53,498.907386522637,0,Auto Scaling,1.0,Auto Scaling
2026-04-09 03:20:53,395.36694271105074,0,Normal,1.0,Normal
2026-04-09 04:20:53,436.4084998044025,0,Network Traffic,1.0,Network Traffic
2026-04-09 05:20:53,366.4937091388818,0,Auto Scaling,0.98,Auto Scaling
2026-04-09 06:20:53,606.9831523996766,0,Backup/Snapshot Growth,1.0,Backup/Snapshot Growth
2026-04-09 07:20:53,434.4994407742379,0,Normal,1.0,Normal
2026-04-09 08:20:53,283.67232799886784,0,Normal,1.0,Normal
2026-04-09 09:20:53,382.6185163203127,0,Normal,1.0,Normal
2026-04-09 10:20:53,403.90284154396113,1,Auto Scaling,1.0,Auto Scaling
2026-04-09 11:20:53,435.7074995513652,0,Database Load,0.99,Database Load
2026-04-09 12:20:53,276.10871482777986,0,Auto Scaling,1.0,Auto Scaling
2026-04-09 13:20:53,466.2287839077173,0,Idle Resources,0.92,Idle Resources
2026-04-09 14:20:53,343.26761027832896,0,Normal,1.0,Normal
2026-04-09 15:20:53,374.7028789530095,0,Normal,0.9,Normal
2026-04-09 16:20:53,354.1557598547342,0,Normal,1.0,Normal
2026-04-09 17:20:53,262.9069807093773,0,Normal,1.0,Normal
2026-04-09 18:20:53,289.75273177299835,0,Normal,1.0,Normal
2026-04-09 19:20:53,306.2658034630681,0,Normal,1.0,Normal
2026-04-09 20:20:53,334.44194918702146,0,Normal,1.0,Normal
2026-04-09 21:20:53,310.8798746615045,0,Normal,1.0,Normal
2026-04-09 22:20:53,376.2938522091968,0,Idle Resources,0.97,Idle Resources
2026-04-09 23:20:53,381.27607856232487,0,Network Traffic,1.0,Network Traffic
2026-04-10 00:20:53,387.6554550835437,0,Normal,0.99,Normal
2026-04-10 01:20:53,332.66653858434915,0,Normal,1.0,Normal
2026-04-10 02:20:53,376.8914525956049,0,Storage Growth,1.0,Storage Growth
2026-04-10 03:20:53,321.88837946265085,0,Network Traffic,1.0,Network Traffic
2026-04-10 04:20:53,401.7185545056474,0,Network Traffic,1.0,Network Traffic
2026-04-10 05:20:53,315.9683430983606,0,Normal,1.0,Normal
2026-04-10 06:20:53,271.0510111923172,0,Normal,1.0,Normal
2026-04-10 07:20:53,429.9816095741909,0,Normal,0.89,Normal
2026-04-10 08:20:53,378.7713784017907,0,Idle Resources,1.0,Idle Resources
2026-04-10 09:20:53,376.7310398828786,0,Normal,1.0,Normal
2026-04-10 10:20:53,359.18999581252973,0,Normal,0.93,Normal
2026-04-10 11:20:53,542.9575991595884,0,Backup/Snapshot Growth,0.98,Backup/Snapshot Growth
2026-04-10 12:20:53,671.821126305347,1,Database Load,1.0,Database Load
2026-04-10 13:20:53,302.43626284753486,0,Normal,0.99,Normal
2026-04-10 14:20:53,449.6430982205253,0,Database Load,1.0,Database Load
2026-04-10 15:20:53,481.1099306120125,0,Database Load,1.0,Database Load
2026-04-10 16:20:53,353.1557350010466,0,Normal,1.0,Normal
2026-04-10 17:20:53,528.8286838630631,0,Database Load,1.0,Database Load
2026-04-10 18:20:53,367.8055484555196,0,Network Traffic,1.0,Network Traffic
2026-04-10 19:20:53,345.8845818784047,0,Network Traffic,1.0,Network Traffic
2026-04-10 20:20:53,308.1354353631544,0,Normal,1.0,Normal
2026-04-10 21:20:53,423.3865149566293,0,Auto Scaling,1.0,Auto Scaling
2026-04-10 22:20:53,381.7204782439735,0,Normal,0.99,Normal
2026-04-10 23:20:53,369.3553962480667,0,Normal,1.0,Normal
2026-04-11 00:20:53,305.3439168987275,0,Normal,1.0,Normal
2026-04-11 01:20:53,304.93696775899787,0,Normal,1.0,Normal
2026-04-11 02:20:53,591.0443498202295,1,Backup/Snapshot Growth,0.98,Backup/Snapshot Growth
2026-04-11 03:20:53,381.1016214043962,0,Idle Resources,1.0,Idle Resources
2026-04-11 04:20:53,313.5022200587933,0,Normal,0.95,Normal
2026-04-11 05:20:53,267.3041239804031,0,Normal,1.0,Normal
2026-04-11 06:20:53,412.2788155531063,0,Network Traffic,1.0,Network Traffic
2026-04-11 07:20:53,446.0033321070827,0,Database Load,1.0,Database Load
2026-04-11 08:20:53,573.4872630011672,0,Database Load,1.0,Database Load
2026-04-11 09:20:53,436.8740053326187,0,Normal,0.99,Normal
2026-04-11 10:20:53,437.81586733433153,0,Storage Growth,0.99,Storage Growth
2026-04-11 11:20:53,334.23466055510715,0,Normal,1.0,Normal
2026-04-11 12:20:53,370.7399712642573,0,Normal,1.0,Normal
2026-04-11 13:20:53,409.1542535729796,0,Auto Scaling,1.0,Auto Scaling
2026-04-11 14:20:53,356.5099987359692,0,Normal,0.96,Normal
2026-04-11 15:20:53,394.0517015108389,0,Idle Resources,0.99,Idle Resources
2026-04-11 16:20:53,370.8952872714099,0,Idle Resources,1.0,Idle Resources
2026-04-11 17:20:53,316.8432640007938,0,Normal,1.0,Normal
2026-04-11 18:20:53,343.0499952147358,0,Network Traffic,1.0,Network Traffic
2026-04-11 19:20:53,312.7945215047803,0,Normal,1.0,Normal
2026-04-11 20:20:53,308.9658520226236,0,Normal,1.0,Normal
2026-04-11 21:20:53,487.3319107266533,0,Database Load,1.0,Database Load
2026-04-11 22:20:53,406.49978157237285,0,Normal,1.0,Normal
2026-04-11 23:20:53,323.1075366913793,0,Normal,1.0,Normal
2026-04-12 00:20:53,392.4085821046583,0,Storage Growth,1.0,Storage Growth
2026-04-12 01:20:53,328.2450470583108,0,Auto Scaling,1.0,Auto Scaling
2026-04-12 02:20:53,220.90046909832623,0,Normal,1.0,Normal
2026-04-12 03:20:53,570.2273434869065,0,Database Load,1.0,Database Load
2026-04-12 04:20:53,287.9752217641906,0,Network Traffic,1.0,Network Traffic
2026-04-12 05:20:53,399.2208924422557,0,Normal,1.0,Normal
2026-04-12 06:20:53,380.45596397416926,0,Normal,1.0,Normal
2026-04-12 07:20:53,379.4404130667055,0,Normal,1.0,Normal
2026-04-12 08:20:53,270.98871845997905,0,Normal,1.0,Normal
2026-04-12 09:20:53,382.95056210705167,0,Normal,1.0,Normal
2026-04-12 10:20:53,463.4587343835198,0,Database Load,0.99,Database Load
2026-04-12 11:20:53,375.09350167980847,0,Storage Growth,0.99,Storage Growth
2026-04-12 12:20:53,345.8487722050598,0,Normal,1.0,Normal
2026-04-12 13:20:53,369.8797901847887,0,Auto Scaling,1.0,Auto Scaling
2026-04-12 14:20:53,449.7773023497661,0,Database Load,1.0,Database Load
2026-04-12 15:20:53,264.08378198182163,0,Normal,0.99,Normal
2026-04-12 16:20:53,306.1256692732899,0,Normal,0.97,Normal
2026-04-12 17:20:53,225.1869730267772,0,Normal,1.0,Normal
2026-04-12 18:20:53,599.244364264196,0,Database Load,1.0,Database Load
2026-04-12 19:20:53,332.62707470526294,0,Normal,1.0,Normal
2026-04-12 20:20:53,256.57825364600296,0,Normal,1.0,Normal
2026-04-12 21:20:53,369.6548572451325,0,Normal,1.0,Normal
2026-04-12 22:20:53,343.9176582435893,0,Normal,1.0,Normal
2026-04-12 23:20:53,362.8043814003995,0,Normal,1.0,Normal
2026-04-13 00:20:53,356.3304408395663,0,Idle Resources,1.0,Idle Resources
2026-04-13 01:20:53,407.0922053103423,0,Normal,1.0,Normal
2026-04-13 02:20:53,445.5232904017944,0,Normal,0.94,Normal
2026-04-13 03:20:53,389.65849465924543,0,Auto Scaling,1.0,Auto Scaling
2026-04-13 04:20:53,352.07956010220425,0,Network Traffic,1.0,Network Traffic
2026-04-13 05:20:53,448.43395967143033,0,Idle Resources,1.0,Idle Resources
2026-04-13 06:20:53,353.4999531087352,0,Normal,1.0,Normal
2026-04-13 07:20:53,493.6091248959485,0,Database Load,0.99,Database Load
2026-04-13 08:20:53,555.6063715276182,0,Database Load,1.0,Database Load
2026-04-13 09:20:53,561.3882480215815,0,Database Load,1.0,Database Load
2026-04-13 10:20:53,493.38562753992574,0,Network Traffic,1.0,Network Traffic
2026-04-13 11:20:53,404.3522917117156,0,Backup/Snapshot Growth,0.86,Backup/Snapshot Growth
2026-04-13 12:20:53,706.5711069165284,1,Database Load,1.0,Database Load
2026-04-13 13:20:53,291.40058001429304,0,Normal,1.0,Normal
2026-04-13 14:20:53,276.8441334184781,0,Normal,1.0,Normal
2026-04-13 15:20:53,362.20945315437024,0,Storage Growth,1.0,Storage Growth
2026-04-13 16:20:53,366.3217660108064,0,Normal,1.0,Normal
2026-04-13 17:20:53,197.52511651164792,0,Normal,1.0,Normal
2026-04-13 18:20:53,391.0640699157001,0,Idle Resources,0.99,Idle Resources
2026-04-13 19:20:53,525.0176332059715,1,Backup/Snapshot Growth,0.99,Backup/Snapshot Growth
2026-04-13 20:20:53,370.60252678730376,0,Normal,1.0,Normal
2026-04-13 21:20:53,328.1228394332698,0,Normal,1.0,Normal
2026-04-13 22:20:53,335.50612282986486,0,Normal,1.0,Normal
2026-04-13 23:20:53,624.5357715919322,0,Database Load,1.0,Database Load
2026-04-14 00:20:53,295.6551001301226,0,Normal,1.0,Normal
2026-04-14 01:20:53,640.4962285875027,1,Database Load,1.0,Database Load
2026-04-14 02:20:53,402.9670034983108,0,Database Load,0.99,Database Load
2026-04-14 03:20:53,285.96349426717154,0,Normal,1.0,Normal
2026-04-14 04:20:53,333.6492213781838,0,Normal,1.0,Normal
2026-04-14 05:20:53,349.40718331724133,0,Normal,1.0,Normal
2026-04-14 06:20:53,254.15061277924275,0,Normal,1.0,Normal
2026-04-14 07:20:53,346.8752828256526,0,Normal,1.0,Normal
2026-04-14 08:20:53,652.3403617409266,1,Backup/Snapshot Growth,0.95,Backup/Snapshot Growth
2026-04-14 09:20:53,412.735727130259,0,Normal,0.95,Normal
2026-04-14 10:20:53,330.1801091602136,0,Network Traffic,1.0,Network Traffic
2026-04-14 11:20:53,341.9000631681279,0,Normal,1.0,Normal
2026-04-14 12:20:53,389.0891158391632,0,Auto Scaling,1.0,Auto Scaling
2026-04-14 13:20:53,286.49937731931544,0,Network Traffic,1.0,Network Traffic
2026-04-14 14:20:53,419.8392317427437,0,Database Load,1.0,Database Load
2026-04-14 15:20:53,257.31660113142004,0,Normal,1.0,Normal
2026-04-14 16:20:53,274.0105610735747,0,Normal,1.0,Normal
2026-04-14 17:20:53,263.1717429072746,0,Normal,0.98,Normal
2026-04-14 18:20:53,290.690734869805,0,Normal,1.0,Normal
2026-04-14 19:20:53,433.2180863222005,0,Auto Scaling,1.0,Auto Scaling
2026-04-14 20:20:53,362.0886292156312,0,Normal,1.0,Normal
2026-04-14 21:20:53,312.3443821526525,0,Normal,1.0,Normal
2026-04-14 22:20:53,250.4472288055144,0,Normal,1.0,Normal
2026-04-14 23:20:53,503.88094954565054,0,Idle Resources,1.0,Idle Resources
2026-04-15 00:20:53,391.0846257819508,0,Normal,1.0,Normal
2026-04-15 01:20:53,299.06278807958506,0,Normal,1.0,Normal
2026-04-15 02:20:53,364.59708272083526,0,Normal,1.0,Normal
2026-04-15 03:20:53,351.0510353515043,0,Normal,0.99,Normal
2026-04-15 04:20:53,346.2411687380867,0,Normal,1.0,Normal
2026-04-15 05:20:53,494.1258419697824,0,Database Load,1.0,Database Load
2026-04-15 06:20:53,658.6804711741293,0,Database Load,1.0,Database Load
2026-04-15 07:20:53,340.2009387159368,0,Normal,1.0,Normal
2026-04-15 08:20:53,445.996391142315,0,Normal,1.0,Normal
2026-04-15 09:20:53,336.9026619717468,0,Normal,0.98,Normal
2026-04-15 10:20:53,323.56181383445687,0,Normal,1.0,Normal
2026-04-15 11:20:53,344.1690079929635,0,Normal,1.0,Normal
2026-04-15 12:20:53,310.30506607192825,0,Network Traffic,0.99,Network Traffic
2026-04-15 13:20:53,386.1149560084563,0,Normal,1.0,Normal
2026-04-15 14:20:53,439.6908027944719,0,Network Traffic,1.0,Network Traffic
2026-04-15 15:20:53,359.6497566492483,0,Normal,1.0,Normal
2026-04-15 16:20:53,341.7154296632174,0,Normal,1.0,Normal
2026-04-15 17:20:53,371.9313297525725,0,Normal,1.0,Normal
2026-04-15 18:20:53,591.747875259072,0,Database Load,1.0,Database Load
2026-04-15 19:20:53,415.4941908617863,0,Idle Resources,0.97,Idle Resources
2026-04-15 20:20:53,274.32839767585284,0,Normal,0.99,Normal
2026-04-15 21:20:53,309.64437907605543,0,Network Traffic,0.99,Network Traffic
2026-04-15 22:20:53,308.9135363937018,0,Network Traffic,1.0,Network Traffic
2026-04-15 23:20:53,349.8534454947908,0,Normal,1.0,Normal
2026-04-16 00:20:53,337.3884224218344,0,Normal,1.0,Normal
2026-04-16 01:20:53,280.96354353640413,0,Normal,1.0,Normal
2026-04-16 02:20:53,338.0571376351034,0,Normal,1.0,Normal
2026-04-16 03:20:53,599.4067538495524,0,Database Load,1.0,Database Load
2026-04-16 04:20:53,452.6929603342437,0,Normal,0.92,Normal
2026-04-16 05:20:53,455.780177052768,0,Backup/Snapshot Growth,1.0,Backup/Snapshot Growth
2026-04-16 06:20:53,329.0795319358586,0,Normal,1.0,Normal
2026-04-16 07:20:53,311.22593500095473,0,Normal,1.0,Normal
2026-04-16 08:20:53,350.0265427207836,0,Auto Scaling,1.0,Auto Scaling
2026-04-16 09:20:53,402.7355097130307,0,Normal,1.0,Normal
2026-04-16 10:20:53,281.4393474214769,0,Normal,1.0,Normal
2026-04-16 11:20:53,385.3385096619671,0,Idle Resources,1.0,Idle Resources
2026-04-16 12:20:53,468.5809338088464,0,Idle Resources,1.0,Idle Resources
2026-04-16 13:20:53,404.0194575865992,0,Auto Scaling,1.0,Auto Scaling
2026-04-16 14:20:53,350.4124363766496,0,Normal,1.0,Normal
2026-04-16 15:20:53,385.8386638645806,0,Normal,1.0,Normal
2026-04-16 16:20:53,364.56681402096615,0,Storage Growth,1.0,Storage Growth
2026-04-16 17:20:53,328.2934821395362,0,Normal,1.0,Normal
2026-04-16 18:20:53,347.0314259736031,0,Normal,0.99,Normal
2026-04-16 19:20:53,334.8894634993265,0,Normal,0.98,Normal
2026-04-16 20:20:53,435.4748162160992,0,Normal,0.98,Normal
2026-04-16 21:20:53,425.3522988776768,0,Backup/Snapshot Growth,1.0,Backup/Snapshot Growth
2026-04-16 22:20:53,317.1857989051023,0,Normal,0.98,Normal
2026-04-16 23:20:53,305.8570543148349,0,Auto Scaling,1.0,Auto Scaling
2026-04-17 00:20:53,334.3167954107827,0,Network Traffic,0.99,Network Traffic
2026-04-17 01:20:53,208.19685636331587,0,Normal,1.0,Normal
2026-04-17 02:20:53,534.0107318857241,0,Database Load,1.0,Database Load
2026-04-17 03:20:53,284.669974496329,0,Normal,1.0,Normal
2026-04-17 04:20:53,300.26082666795344,0,Normal,1.0,Normal
2026-04-17 05:20:53,260.136296378052,0,Normal,1.0,Normal
2026-04-17 06:20:53,314.20170807177584,0,Normal,1.0,Normal
2026-04-17 07:20:53,511.8025459747841,1,Backup/Snapshot Growth,1.0,Backup/Snapshot Growth
2026-04-17 08:20:53,401.06631925450864,0,Auto Scaling,1.0,Auto Scaling
2026-04-17 09:20:53,247.58607603208813,0,Normal,1.0,Normal
2026-04-17 10:20:53,400.7496696067896,0,Auto Scaling,1.0,Auto Scaling
2026-04-17 11:20:53,461.64317417329687,0,Normal,1.0,Normal
2026-04-17 12:20:53,545.9477885179024,0,Backup/Snapshot Growth,1.0,Backup/Snapshot Growth
2026-04-17 13:20:53,404.9049313219199,0,Idle Resources,1.0,Idle Resources
2026-04-17 14:20:53,375.3261873922671,0,Network Traffic,1.0,Network Traffic
2026-04-17 15:20:53,327.8356830651897,0,Auto Scaling,1.0,Auto Scaling
2026-04-17 16:20:53,343.1525631175757,0,Normal,1.0,Normal
2026-04-17 17:20:53,376.6017289274867,0,Normal,1.0,Normal
2026-04-17 18:20:53,521.4301251970745,1,Idle Resources,1.0,Idle Resources
2026-04-17 19:20:53,324.7676971783312,0,Normal,0.98,Normal
2026-04-17 20:20:53,454.673354117688,0,Idle Resources,1.0,Idle Resources
2026-04-17 21:20:53,336.61170682504485,0,Normal,0.99,Normal
2026-04-17 22:20:53,337.6018710041402,0,Normal,0.99,Normal
2026-04-17 23:20:53,422.87675704269,0,Normal,1.0,Normal
2026-04-18 00:20:53,576.2655929603475,0,Backup/Snapshot Growth,1.0,Backup/Snapshot Growth
2026-04-18 01:20:53,366.3217080218583,0,Normal,1.0,Normal
2026-04-18 02:20:53,394.135613768526,0,Auto Scaling,1.0,Auto Scaling
2026-04-18 03:20:53,410.8207701285161,0,Storage Growth,1.0,Storage Growth
2026-04-18 04:20:53,330.54083434666234,0,Normal,0.6,Normal
2026-04-18 05:20:53,294.6565680413575,0,Normal,1.0,Normal
2026-04-18 06:20:53,363.9983164524109,0,Normal,1.0,Normal
2026-04-18 07:20:53,342.1544082659532,0,Normal,1.0,Normal
2026-04-18 08:20:53,421.35005291663686,0,Normal,0.99,Normal
2026-04-18 09:20:53,483.22544107768704,1,Idle Resources,1.0,Idle Resources
2026-04-18 10:20:53,367.0274989789965,0,Network Traffic,1.0,Network Traffic
2026-04-18 11:20:53,372.1320218113783,0,Normal,1.0,Normal
2026-04-18 12:20:53,472.3209063096487,0,Idle Resources,0.99,Idle Resources
2026-04-18 13:20:53,340.16645945918486,0,Normal,1.0,Normal
2026-04-18 14:20:53,442.7215241837749,0,Normal,0.96,Normal
2026-04-18 15:20:53,324.8172504080636,0,Normal,1.0,Normal
2026-04-18 16:20:53,350.26126010461616,0,Idle Resources,0.98,Idle Resources
2026-04-18 17:20:53,303.6276319234885,0,Normal,1.0,Normal
2026-04-18 18:20:53,395.6224431170304,0,Normal,1.0,Normal
2026-04-18 19:20:53,359.28222245766705,0,Normal,1.0,Normal
2026-04-18 20:20:53,319.1343621924914,0,Storage Growth,1.0,Storage Growth
2026-04-18 21:20:53,506.5916541857272,0,Backup/Snapshot Growth,1.0,Backup/Snapshot Growth
2026-04-18 22:20:53,352.7331042220515,0,Auto Scaling,1.0,Auto Scaling
2026-04-18 23:20:53,306.80200878991013,0,Normal,1.0,Normal
2026-04-19 00:20:53,531.6970013049522,0,Database Load,1.0,Database Load
2026-04-19 01:20:53,348.75080806272786,0,Normal,1.0,Normal
2026-04-19 02:20:53,367.45322712048886,0,Idle Resources,1.0,Idle Resources
2026-04-19 03:20:53,315.5965292070581,0,Network Traffic,1.0,Network Traffic
2026-04-19 04:20:53,645.0471315108597,1,Database Load,1.0,Database Load
2026-04-19 05:20:53,380.0506999475977,0,Normal,1.0,Normal
2026-04-19 06:20:53,313.6428965189025,0,Normal,1.0,Normal
2026-04-19 07:20:53,658.7521406201402,1,Database Load,1.0,Database Load
2026-04-19 08:20:53,507.8450292473613,0,Idle Resources,1.0,Idle Resources
2026-04-19 09:20:53,303.9086336924438,0,Normal,1.0,Normal
2026-04-19 10:20:53,230.7567835094412,0,Normal,1.0,Normal
2026-04-19 11:20:53,364.3914928668933,0,Normal,1.0,Normal
2026-04-19 12:20:53,340.05647383125336,0,Normal,1.0,Normal
2026-04-19 13:20:53,475.204421697322,0,Database Load,1.0,Database Load
2026-04-19 14:20:53,452.5193323691228,0,Storage Growth,0.96,Storage Growth
2026-04-19 15:20:53,540.5069161496948,0,Database Load,1.0,Database Load
2026-04-19 16:20:53,341.4209597985505,0,Normal,1.0,Normal
2026-04-19 17:20:53,435.3897489240368,0,Normal,1.0,Normal
2026-04-19 18:20:53,398.8831344702262,0,Normal,1.0,Normal
2026-04-19 19:20:53,379.722076811396,0,Network Traffic,1.0,Network Traffic
2026-04-19 20:20:53,369.4524939284327,0,Normal,1.0,Normal
2026-04-19 21:20:53,360.761741733899,0,Normal,1.0,Normal
2026-04-19 22:20:53,303.41221179177325,0,Normal,1.0,Normal
2026-04-19 23:20:53,420.17186434889095,0,Idle Resources,1.0,Idle Resources
2026-04-20 00:20:53,284.1816779678111,0,Normal,1.0,Normal
2026-04-20 01:20:53,467.68000231791126,1,Network Traffic,0.73,Network Traffic
2026-04-20 02:20:53,390.60485100386575,0,Normal,1.0,Normal
2026-04-20 03:20:53,323.9980089474869,0,Normal,1.0,Normal
2026-04-20 04:20:53,417.6301343215947,0,Idle Resources,1.0,Idle Resources
2026-04-20 05:20:53,582.6736865045006,1,Backup/Snapshot Growth,1.0,Backup/Snapshot Growth
2026-04-20 06:20:53,354.63627817587764,0,Normal,1.0,Normal
2026-04-20 07:20:53,314.65962173343394,0,Network Traffic,1.0,Network Traffic
2026-04-20 08:20:53,377.3538185879047,0,Normal,0.97,Normal
2026-04-20 09:20:53,341.91919980509937,0,Normal,1.0,Normal
2026-04-20 10:20:53,356.77357844978826,0,Auto Scaling,1.0,Auto Scaling
2026-04-20 11:20:53,302.74515152082574,0,Normal,1.0,Normal
2026-04-20 12:20:53,462.537469813188,1,Backup/Snapshot Growth,1.0,Backup/Snapshot Growth
2026-04-20 13:20:53,374.1792028351451,0,Storage Growth,0.99,Storage Growth
2026-04-20 14:20:53,269.15613854692265,0,Normal,1.0,Normal
2026-04-20 15:20:53,392.76414590868114,0,Auto Scaling,1.0,Auto Scaling
2026-04-20 16:20:53,445.2545298291302,0,Database Load,1.0,Database Load
2026-04-20 17:20:53,403.7757071620939,0,Auto Scaling,1.0,Auto Scaling
2026-04-20 18:20:53,301.8293050332814,0,Network Traffic,1.0,Network Traffic
2026-04-20 19:20:53,679.1254291378813,1,Database Load,1.0,Database Load
2026-04-20 20:20:53,377.3457197266408,0,Normal,1.0,Normal
2026-04-20 21:20:53,328.4083050182493,0,Normal,1.0,Normal
2026-04-20 22:20:53,342.4118390606065,0,Normal,0.99,Normal
2026-04-20 23:20:53,292.2720152972028,0,Normal,1.0,Normal
2026-04-21 00:20:53,333.0437097469406,0,Normal,0.99,Normal
2026-04-21 01:20:53,367.0342516656277,0,Normal,1.0,Normal
2026-04-21 02:20:53,289.867070986537,0,Normal,1.0,Normal
2026-04-21 03:20:53,253.39166832720383,0,Normal,1.0,Normal
2026-04-21 04:20:53,447.7328563850477,0,Idle Resources,1.0,Idle Resources
2026-04-21 05:20:53,364.20032020806747,0,Auto Scaling,1.0,Auto Scaling
2026-04-21 06:20:53,399.57378631892175,0,Normal,1.0,Normal
2026-04-21 07:20:53,359.9171547363616,0,Normal,1.0,Normal
2026-04-21 08:20:53,441.4166947434885,0,Storage Growth,0.99,Storage Growth
2026-04-21 09:20:53,435.0708698750325,0,Network Traffic,1.0,Network Traffic
2026-04-21 10:20:53,299.9567375254893,0,Storage Growth,1.0,Storage Growth
2026-04-21 11:20:53,382.5335830889997,0,Normal,1.0,Normal
2026-04-21 12:20:53,646.1933240888453,0,Backup/Snapshot Growth,0.99,Backup/Snapshot Growth
2026-04-21 13:20:53,383.3877108159412,0,Storage Growth,1.0,Storage Growth
2026-04-21 14:20:53,295.68554727141714,0,Normal,1.0,Normal
2026-04-21 15:20:53,497.3862359826787,0,Database Load,1.0,Database Load
2026-04-21 16:20:53,279.5829062426502,0,Normal,1.0,Normal
2026-04-21 17:20:53,517.6592178882098,0,Database Load,1.0,Database Load
2026-04-21 18:20:53,411.46109191334654,1,Auto Scaling,1.0,Auto Scaling
2026-04-21 19:20:53,496.3865216310066,1,Idle Resources,1.0,Idle Resources
2026-04-21 20:20:53,374.4465984237586,0,Normal,1.0,Normal
2026-04-21 21:20:53,286.7330280673781,0,Normal,1.0,Normal
2026-04-21 22:20:53,444.3452994730349,0,Auto Scaling,1.0,Auto Scaling
2026-04-21 23:20:53,303.3934018486719,0,Normal,1.0,Normal
2026-04-22 00:20:53,268.7068503651052,0,Normal,1.0,Normal
2026-04-22 01:20:53,273.74190353365054,0,Normal,1.0,Normal
2026-04-22 02:20:53,438.0818487290604,0,Auto Scaling,0.98,Auto Scaling
2026-04-22 03:20:53,316.1712812311188,0,Normal,1.0,Normal
2026-04-22 04:20:53,370.95711162306856,1,Auto Scaling,1.0,Auto Scaling
2026-04-22 05:20:53,332.50536242950403,0,Normal,1.0,Normal
2026-04-22 06:20:53,264.099691296326,0,Normal,0.99,Normal
2026-04-22 07:20:53,525.8826725100762,0,Idle Resources,1.0,Idle Resources
2026-04-22 08:20:53,470.52986188620525,0,Auto Scaling,1.0,Auto Scaling
2026-04-22 09:20:53,337.1129400289436,0,Network Traffic,1.0,Network Traffic
2026-04-22 10:20:53,438.1926105021439,0,Storage Growth,1.0,Storage Growth
2026-04-22 11:20:53,347.432908665746,0,Storage Growth,0.99,Storage Growth
2026-04-22 12:20:53,402.8777086861439,0,Idle Resources,1.0,Idle Resources
2026-04-22 13:20:53,405.248899560534,0,Idle Resources,0.99,Idle Resources
2026-04-22 14:20:53,340.7555002178515,0,Storage Growth,0.99,Storage Growth
2026-04-22 15:20:53,408.5098423523942,0,Idle Resources,1.0,Idle Resources
2026-04-22 16:20:53,362.2255086402054,0,Network Traffic,1.0,Network Traffic
2026-04-22 17:20:53,418.199548080714,0,Network Traffic,1.0,Network Traffic
2026-04-22 18:20:53,272.1225436447848,0,Storage Growth,1.0,Storage Growth
2026-04-22 19:20:53,296.37674516735734,0,Network Traffic,1.0,Network Traffic
2026-04-22 20:20:53,338.11784336159513,0,Network Traffic,1.0,Network Traffic
2026-04-22 21:20:53,400.6388571261446,0,Normal,1.0,Normal
2026-04-22 22:20:53,396.9156662749872,0,Idle Resources,1.0,Idle Resources
2026-04-22 23:20:53,286.6442297275554,0,Normal,1.0,Normal
2026-04-23 00:20:53,507.4288668492547,0,Idle Resources,1.0,Idle Resources
2026-04-23 01:20:53,415.0617524038786,0,Idle Resources,1.0,Idle Resources
2026-04-23 02:20:53,286.593492737718,0,Auto Scaling,1.0,Auto Scaling
2026-04-23 03:20:53,367.2843143096308,0,Normal,1.0,Normal
2026-04-23 04:20:53,364.5210708503981,0,Normal,1.0,Normal
2026-04-23 05:20:53,349.66431352421824,0,Normal,1.0,Normal
2026-04-23 06:20:53,319.3413839466473,0,Normal,0.98,Normal
2026-04-23 07:20:53,361.94227204896345,0,Normal,1.0,Normal
2026-04-23 08:20:53,304.0262414982215,0,Network Traffic,1.0,Network Traffic
2026-04-23 09:20:53,340.514125371934,0,Idle Resources,1.0,Idle Resources
2026-04-23 10:20:53,383.8679199797472,0,Database Load,0.99,Database Load
2026-04-23 11:20:53,331.08607194146026,0,Normal,1.0,Normal
2026-04-23 12:20:53,378.19589757510727,0,Normal,1.0,Normal
2026-04-23 13:20:53,388.3934915317513,0,Auto Scaling,1.0,Auto Scaling
2026-04-23 14:20:53,304.2436554956914,0,Normal,1.0,Normal
2026-04-23 15:20:53,559.049853444568,0,Database Load,1.0,Database Load
2026-04-23 16:20:53,589.3573857975232,1,Database Load,1.0,Database Load
2026-04-23 17:20:53,379.2669554583718,0,Auto Scaling,1.0,Auto Scaling
2026-04-23 18:20:53,386.6787959718492,0,Normal,0.99,Normal
2026-04-23 19:20:53,297.62842016544687,0,Normal,0.97,Normal
2026-04-23 20:20:53,502.8955392221125,0,Backup/Snapshot Growth,1.0,Backup/Snapshot Growth
2026-04-23 21:20:53,311.2957276396352,0,Network Traffic,1.0,Network Traffic
2026-04-23 22:20:53,511.79766631779177,0,Auto Scaling,1.0,Auto Scaling
2026-04-23 23:20:53,376.2088065997776,0,Normal,1.0,Normal
2026-04-24 00:20:53,381.18567737475865,0,Normal,0.99,Normal
2026-04-24 01:20:53,338.2112121753329,0,Normal,1.0,Normal
2026-04-24 02:20:53,432.7972199551183,0,Idle Resources,1.0,Idle Resources
2026-04-24 03:20:53,409.7623608158434,0,Normal,1.0,Normal
2026-04-24 04:20:53,376.4159814370704,0,Normal,1.0,Normal
2026-04-24 05:20:53,477.16336402007965,0,Database Load,1.0,Database Load
2026-04-24 06:20:53,444.8335387061869,0,Database Load,1.0,Database Load
2026-04-24 07:20:53,323.59088102105386,0,Normal,0.99,Normal
2026-04-24 08:20:53,407.2642470898869,0,Auto Scaling,0.99,Auto Scaling
2026-04-24 09:20:53,579.6464388548816,1,Backup/Snapshot Growth,1.0,Backup/Snapshot Growth
2026-04-24 10:20:53,453.8319060681024,0,Network Traffic,1.0,Network Traffic
2026-04-24 11:20:53,410.0760201368221,0,Database Load,1.0,Database Load
2026-04-24 12:20:53,370.24894397351136,0,Normal,1.0,Normal
2026-04-24 13:20:53,257.2241290814216,0,Normal,1.0,Normal
2026-04-24 14:20:53,209.2915322048028,0,Normal,1.0,Normal
2026-04-24 15:20:53,313.59955678709264,0,Normal,1.0,Normal
2026-04-24 16:20:53,337.7359295860781,0,Normal,1.0,Normal
2026-04-24 17:20:53,428.6425792916206,0,Network Traffic,1.0,Network Traffic
2026-04-24 18:20:53,351.6449458067272,0,Network Traffic,1.0,Network Traffic
2026-04-24 19:20:53,385.5498550164448,0,Network Traffic,1.0,Network Traffic
2026-04-24 20:20:53,259.5659909964388,0,Normal,1.0,Normal
2026-04-24 21:20:53,336.63026789059063,0,Normal,1.0,Normal
2026-04-24 22:20:53,444.0412772220456,0,Idle Resources,1.0,Idle Resources
2026-04-24 23:20:53,451.1826849368302,0,Idle Resources,1.0,Idle Resources
2026-04-25 00:20:53,396.1248169895648,0,Normal,1.0,Normal
2026-04-25 01:20:53,372.9526280396396,0,Normal,1.0,Normal
2026-04-25 02:20:53,424.8483868709058,0,Idle Resources,1.0,Idle Resources
2026-04-25 03:20:53,577.5028023974598,0,Database Load,1.0,Database Load
2026-04-25 04:20:53,622.8186879288916,0,Database Load,1.0,Database Load
2026-04-25 05:20:53,357.5170104121186,0,Storage Growth,1.0,Storage Growth
2026-04-25 06:20:53,275.1611666633359,0,Normal,1.0,Normal
2026-04-25 07:20:53,645.8586562690527,0,Database Load,1.0,Database Load
2026-04-25 08:20:53,406.3727819052045,0,Normal,1.0,Normal
2026-04-25 09:20:53,401.6116521548623,0,Auto Scaling,1.0,Auto Scaling
2026-04-25 10:20:53,553.6994825977328,0,Backup/Snapshot Growth,1.0,Backup/Snapshot Growth
2026-04-25 11:20:53,378.430448916503,0,Normal,1.0,Normal
2026-04-25 12:20:53,573.6731953054546,0,Backup/Snapshot Growth,1.0,Backup/Snapshot Growth
2026-04-25 13:20:53,314.39669593045414,0,Idle Resources,0.97,Idle Resources
2026-04-25 14:20:53,265.2819148981142,0,Normal,1.0,Normal
2026-04-25 15:20:53,442.84518796404143,0,Normal,0.96,Normal
2026-04-25 16:20:53,500.8014178478427,0,Database Load,0.99,Database Load
2026-04-25 17:20:53,310.7564578823208,0,Normal,1.0,Normal
2026-04-25 18:20:53,566.235102486275,0,Backup/Snapshot Growth,1.0,Backup/Snapshot Growth
2026-04-25 19:20:53,429.0407169736552,0,Auto Scaling,1.0,Auto Scaling
2026-04-25 20:20:53,477.7329487388105,0,Database Load,1.0,Database Load
2026-04-25 21:20:53,404.5973841350622,0,Normal,1.0,Normal
2026-04-25 22:20:53,341.221817986368,0,Network Traffic,1.0,Network Traffic
2026-04-25 23:20:53,400.26318621506215,0,Normal,1.0,Normal
2026-04-26 00:20:53,323.6684210096242,0,Normal,1.0,Normal
2026-04-26 01:20:53,676.2967849245836,1,Database Load,1.0,Database Load
2026-04-26 02:20:53,378.2292189414079,0,Normal,1.0,Normal
2026-04-26 03:20:53,377.1150298213129,0,Auto Scaling,0.99,Auto Scaling
2026-04-26 04:20:53,410.5798005181296,0,Normal,1.0,Normal
2026-04-26 05:20:53,251.69857681779155,0,Normal,1.0,Normal
2026-04-26 06:20:53,409.0746721851946,0,Idle Resources,1.0,Idle Resources
2026-04-26 07:20:53,310.049363049533,0,Normal,1.0,Normal
2026-04-26 08:20:53,576.5241407950339,0,Database Load,1.0,Database Load
2026-04-26 09:20:53,368.5210801193836,0,Normal,0.98,Normal
2026-04-26 10:20:53,334.4103973944157,0,Normal,1.0,Normal
2026-04-26 11:20:53,298.369542013073,0,Storage Growth,0.99,Storage Growth
2026-04-26 12:20:53,391.34607777868735,0,Auto Scaling,1.0,Auto Scaling
2026-04-26 13:20:53,619.9410399931934,1,Database Load,1.0,Database Load
2026-04-26 14:20:53,530.6805808753403,0,Database Load,1.0,Database Load
2026-04-26 15:20:53,382.4551397493431,0,Network Traffic,1.0,Network Traffic
2026-04-26 16:20:53,365.1511465498421,0,Normal,1.0,Normal
2026-04-26 17:20:53,424.44068122956776,0,Auto Scaling,1.0,Auto Scaling
2026-04-26 18:20:53,520.6233499280045,1,Idle Resources,1.0,Idle Resources
2026-04-26 19:20:53,404.9297989409968,0,Idle Resources,1.0,Idle Resources
2026-04-26 20:20:53,357.4508604336828,0,Normal,1.0,Normal
2026-04-26 21:20:53,363.9245035269727,0,Storage Growth,1.0,Storage Growth
2026-04-26 22:20:53,451.3603034074522,0,Idle Resources,1.0,Idle Resources
2026-04-26 23:20:53,392.6972626583333,0,Normal,0.99,Normal
2026-04-27 00:20:53,279.74523692087973,0,Normal,1.0,Normal
2026-04-27 01:20:53,390.6192019035036,0,Network Traffic,1.0,Network Traffic
2026-04-27 02:20:53,445.793976582884,0,Idle Resources,1.0,Idle Resources
2026-04-27 03:20:53,345.4283496136295,0,Network Traffic,1.0,Network Traffic
2026-04-27 04:20:53,632.3507207115291,0,Database Load,1.0,Database Load
2026-04-27 05:20:53,309.6209409237588,0,Normal,1.0,Normal
2026-04-27 06:20:53,460.7678306279439,0,Network Traffic,1.0,Network Traffic
2026-04-27 07:20:53,384.8421398323463,0,Network Traffic,1.0,Network Traffic
2026-04-27 08:20:53,300.4410597124379,0,Normal,1.0,Normal
2026-04-27 09:20:53,327.4338977176963,0,Storage Growth,0.99,Storage Growth
2026-04-27 10:20:53,351.5116365983026,0,Normal,1.0,Normal
2026-04-27 11:20:53,329.0607726022108,0,Normal,1.0,Normal
2026-04-27 12:20:53,466.0446992221233,0,Idle Resources,1.0,Idle Resources
2026-04-27 13:20:53,350.9118643886272,0,Storage Growth,1.0,Storage Growth
2026-04-27 14:20:53,294.4994951176701,0,Storage Growth,0.99,Storage Growth
2026-04-27 15:20:53,446.4364872181494,0,Network Traffic,1.0,Network Traffic
2026-04-27 16:20:53,457.5805750379623,0,Database Load,1.0,Database Load
2026-04-27 17:20:53,383.4945995739669,0,Database Load,0.94,Database Load
2026-04-27 18:20:53,471.6923643218626,0,Auto Scaling,1.0,Auto Scaling
2026-04-27 19:20:53,290.68269519743706,0,Normal,1.0,Normal
2026-04-27 20:20:53,311.474802481226,0,Normal,1.0,Normal
2026-04-27 21:20:53,590.2691004271637,0,Database Load,1.0,Database Load
2026-04-27 22:20:53,394.5831225203268,0,Auto Scaling,0.99,Auto Scaling
2026-04-27 23:20:53,399.46543512156256,0,Normal,1.0,Normal
2026-04-28 00:20:53,334.7752720648837,0,Storage Growth,1.0,Storage Growth
2026-04-28 01:20:53,579.9809830736175,1,Database Load,1.0,Database Load
2026-04-28 02:20:53,442.1261013428389,0,Idle Resources,1.0,Idle Resources
2026-04-28 03:20:53,402.8356610526495,0,Network Traffic,1.0,Network Traffic
2026-04-28 04:20:53,385.45897561572986,0,Network Traffic,1.0,Network Traffic
2026-04-28 05:20:53,462.0232949181665,0,Database Load,1.0,Database Load
2026-04-28 06:20:53,495.9540923277392,0,Backup/Snapshot Growth,1.0,Backup/Snapshot Growth
2026-04-28 07:20:53,297.95520089788346,0,Normal,1.0,Normal
2026-04-28 08:20:53,277.0069093967793,0,Normal,1.0,Normal
2026-04-28 09:20:53,520.3107616881327,0,Database Load,1.0,Database Load
2026-04-28 10:20:53,430.360825773273,0,Normal,1.0,Normal
2026-04-28 11:20:53,559.6679179619713,0,Database Load,1.0,Database Load
2026-04-28 12:20:53,333.90888942019257,0,Idle Resources,1.0,Idle Resources
2026-04-28 13:20:53,438.84076665227593,0,Normal,0.97,Normal
2026-04-28 14:20:53,324.49977346608256,0,Normal,1.0,Normal
2026-04-28 15:20:53,307.4838960553137,0,Normal,1.0,Normal
2026-04-28 16:20:53,422.534264269184,0,Auto Scaling,1.0,Auto Scaling
2026-04-28 17:20:53,498.7328686783367,0,Normal,0.98,Normal
2026-04-28 18:20:53,441.5489042709201,0,Idle Resources,1.0,Idle Resources
2026-04-28 19:20:53,332.14682999952095,0,Normal,1.0,Normal
2026-04-28 20:20:53,421.96147283590255,0,Auto Scaling,1.0,Auto Scaling
2026-04-28 21:20:53,427.53931041471947,0,Normal,1.0,Normal
2026-04-28 22:20:53,340.8422751390509,0,Normal,0.98,Normal
2026-04-28 23:20:53,283.0486737879496,0,Normal,1.0,Normal
2026-04-29 00:20:53,317.9228494756473,0,Normal,1.0,Normal
2026-04-29 01:20:53,368.2304954203625,0,Normal,1.0,Normal
2026-04-29 02:20:53,402.9359114092177,0,Backup/Snapshot Growth,0.98,Backup/Snapshot Growth
2026-04-29 03:20:53,358.75020863593494,0,Normal,1.0,Normal
2026-04-29 04:20:53,381.770951127613,0,Normal,1.0,Normal
2026-04-29 05:20:53,369.5536424195243,0,Normal,1.0,Normal
2026-04-29 06:20:53,367.2430659457132,0,Idle Resources,1.0,Idle Resources
2026-04-29 07:20:53,333.22917450154614,0,Auto Scaling,1.0,Auto Scaling
2026-04-29 08:20:53,363.0872279175956,0,Normal,1.0,Normal
2026-04-29 09:20:53,366.8562641870619,0,Normal,1.0,Normal
2026-04-29 10:20:53,414.8944108434922,0,Normal,1.0,Normal
2026-04-29 11:20:53,463.5118452052776,0,Normal,1.0,Normal
2026-04-29 12:20:53,320.1379864540296,0,Network Traffic,1.0,Network Traffic
2026-04-29 13:20:53,288.44422163183094,0,Normal,1.0,Normal
2026-04-29 14:20:53,368.92430810471615,0,Normal,0.99,Normal
2026-04-29 15:20:53,387.7864447793009,0,Auto Scaling,1.0,Auto Scaling
2026-04-29 16:20:53,559.5485074281016,0,Database Load,1.0,Database Load
2026-04-29 17:20:53,477.0866305359679,0,Database Load,1.0,Database Load
2026-04-29 18:20:53,435.5605322807684,0,Normal,1.0,Normal
2026-04-29 19:20:53,409.1618011895485,0,Auto Scaling,1.0,Auto Scaling
2026-04-29 20:20:53,393.21770098200665,0,Normal,1.0,Normal
2026-04-29 21:20:53,343.93653150271257,0,Normal,0.99,Normal
2026-04-29 22:20:53,301.6532032860151,0,Normal,1.0,Normal
2026-04-29 23:20:53,402.7419621985987,0,Idle Resources,1.0,Idle Resources
2026-04-30 00:20:53,586.262184476842,0,Database Load,1.0,Database Load
2026-04-30 01:20:53,299.278218514268,0,Normal,1.0,Normal
2026-04-30 02:20:53,258.984705567499,0,Normal,0.97,Normal
2026-04-30 03:20:53,242.2921043337886,0,Normal,1.0,Normal
2026-04-30 04:20:53,354.0438906202595,0,Normal,1.0,Normal
2026-04-30 05:20:53,329.7741850155662,0,Normal,1.0,Normal
2026-04-30 06:20:53,312.9364688151469,0,Normal,1.0,Normal
2026-04-30 07:20:53,378.8645753470307,0,Network Traffic,1.0,Network Traffic
2026-04-30 08:20:53,424.0413754351192,0,Idle Resources,1.0,Idle Resources
2026-04-30 09:20:53,399.1596170985889,0,Idle Resources,1.0,Idle Resources
2026-04-30 10:20:53,419.4999820921121,0,Normal,1.0,Normal
2026-04-30 11:20:53,343.0021559455316,0,Idle Resources,1.0,Idle Resources
2026-04-30 12:20:53,503.105091381709,0,Backup/Snapshot Growth,1.0,Backup/Snapshot Growth
2026-04-30 13:20:53,317.0754303804549,0,Normal,1.0,Normal
2026-04-30 14:20:53,412.6096709404977,0,Normal,1.0,Normal
2026-04-30 15:20:53,460.4037260452871,0,Idle Resources,1.0,Idle Resources
2026-04-30 16:20:53,430.74483491685953,0,Normal,1.0,Normal
2026-04-30 17:20:53,395.1949805313663,0,Auto Scaling,1.0,Auto Scaling
2026-04-30 18:20:53,466.75579405424287,0,Network Traffic,0.99,Network Traffic
2026-04-30 19:20:53,496.7236945415624,0,Database Load,1.0,Database Load
2026-04-30 20:20:53,427.5067652842967,0,Network Traffic,1.0,Network Traffic
2026-04-30 21:20:53,330.23638491831434,0,Auto Scaling,1.0,Auto Scaling
2026-04-30 22:20:53,597.856421167535,1,Database Load,1.0,Database Load
2026-04-30 23:20:53,574.4513914383676,1,Database Load,1.0,Database Load
2026-05-01 00:20:53,354.9200819208389,0,Auto Scaling,1.0,Auto Scaling
2026-05-01 01:20:53,340.67885511605266,0,Normal,1.0,Normal
2026-05-01 02:20:53,257.9393237395997,0,Storage Growth,1.0,Storage Growth
2026-05-01 03:20:53,344.3696434321108,0,Idle Resources,1.0,Idle Resources
2026-05-01 04:20:53,262.4185399878524,0,Normal,1.0,Normal
2026-05-01 05:20:53,323.54551929846315,0,Network Traffic,1.0,Network Traffic
2026-05-01 06:20:53,251.45782634426465,0,Normal,1.0,Normal
2026-05-01 07:20:53,294.7607280720523,0,Normal,1.0,Normal
2026-05-01 08:20:53,383.10843068295856,0,Storage Growth,1.0,Storage Growth
2026-05-01 09:20:53,462.1879634279636,0,Auto Scaling,1.0,Auto Scaling
2026-05-01 10:20:53,385.32294576078726,0,Normal,1.0,Normal
2026-05-01 11:20:53,451.1839391542862,0,Database Load,1.0,Database Load
2026-05-01 12:20:53,458.202553259996,0,Auto Scaling,1.0,Auto Scaling
2026-05-01 13:20:53,275.4070827099935,0,Normal,1.0,Normal
2026-05-01 14:20:53,326.27572637870475,0,Network Traffic,1.0,Network Traffic
2026-05-01 15:20:53,469.5969495270967,1,Idle Resources,1.0,Idle Resources
2026-05-01 16:20:53,292.0522364154122,0,Normal,1.0,Normal
2026-05-01 17:20:53,445.75779035544286,0,Normal,0.97,Normal
2026-05-01 18:20:53,308.7122753041897,0,Normal,1.0,Normal
2026-05-01 19:20:53,306.4095575460915,0,Normal,1.0,Normal
2026-05-01 20:20:53,378.79232781723033,0,Network Traffic,1.0,Network Traffic
2026-05-01 21:20:53,316.7097152071397,0,Network Traffic,1.0,Network Traffic
2026-05-01 22:20:53,343.42646440488943,0,Normal,1.0,Normal
2026-05-01 23:20:53,463.1862730740201,0,Database Load,1.0,Database Load
2026-05-02 00:20:53,451.162873896617,0,Normal,0.98,Normal
2026-05-02 01:20:53,371.0388729200049,0,Network Traffic,1.0,Network Traffic
2026-05-02 02:20:53,366.5183922742238,0,Storage Growth,0.97,Storage Growth
2026-05-02 03:20:53,468.7368735398727,0,Normal,0.9,Normal
2026-05-02 04:20:53,404.5970502111658,0,Normal,0.99,Normal
2026-05-02 05:20:53,231.3274666735496,0,Normal,0.99,Normal
2026-05-02 06:20:53,379.0394096519129,0,Storage Growth,1.0,Storage Growth
2026-05-02 07:20:53,570.7779078678111,0,Backup/Snapshot Growth,1.0,Backup/Snapshot Growth
2026-05-02 08:20:53,366.9274796107304,0,Idle Resources,1.0,Idle Resources
2026-05-02 09:20:53,419.21261093446446,0,Storage Growth,0.96,Storage Growth
2026-05-02 10:20:53,356.77569714968973,0,Normal,1.0,Normal
2026-05-02 11:20:53,401.66433742835176,0,Backup/Snapshot Growth,0.98,Backup/Snapshot Growth
2026-05-02 12:20:53,480.2243398060531,0,Idle Resources,1.0,Idle Resources
2026-05-02 13:20:53,249.9670156386481,0,Normal,1.0,Normal
2026-05-02 14:20:53,317.56167569515736,0,Auto Scaling,1.0,Auto Scaling
2026-05-02 15:20:53,401.19650578903526,0,Idle Resources,1.0,Idle Resources
2026-05-02 16:20:53,345.9780906300936,0,Normal,1.0,Normal
2026-05-02 17:20:53,355.1629181427849,0,Normal,1.0,Normal
2026-05-02 18:20:53,397.0304755481162,0,Normal,1.0,Normal
2026-05-02 19:20:53,528.7098233733918,0,Database Load,1.0,Database Load
2026-05-02 20:20:53,347.7594622834443,0,Auto Scaling,1.0,Auto Scaling
2026-05-02 21:20:53,342.5329332730357,0,Normal,1.0,Normal
2026-05-02 22:20:53,346.23045620267,0,Normal,1.0,Normal
2026-05-02 23:20:53,388.1438089208152,0,Auto Scaling,1.0,Auto Scaling
2026-05-03 00:20:53,396.5395972562202,0,Normal,1.0,Normal
2026-05-03 01:20:53,270.7627149683825,0,Normal,1.0,Normal
2026-05-03 02:20:53,319.61920480920253,0,Auto Scaling,1.0,Auto Scaling
2026-05-03 03:20:53,587.7430287399776,1,Database Load,1.0,Database Load
2026-05-03 04:20:53,401.8088111371447,0,Idle Resources,1.0,Idle Resources
2026-05-03 05:20:53,355.56225273830387,0,Normal,1.0,Normal
2026-05-03 06:20:53,395.8278033599977,0,Idle Resources,1.0,Idle Resources
2026-05-03 07:20:53,390.9107845529832,0,Storage Growth,1.0,Storage Growth
2026-05-03 08:20:53,338.0605903712436,0,Normal,0.99,Normal
2026-05-03 09:20:53,396.8185709876063,0,Network Traffic,1.0,Network Traffic
2026-05-03 10:20:53,208.90875310601643,0,Normal,1.0,Normal
2026-05-03 11:20:53,302.55534920865983,0,Normal,1.0,Normal
2026-05-03 12:20:53,334.9569132980539,0,Normal,1.0,Normal
2026-05-03 13:20:53,428.8495102384099,0,Normal,1.0,Normal
2026-05-03 14:20:53,314.88793559730533,0,Normal,1.0,Normal
2026-05-03 15:20:53,311.56261624696816,0,Normal,1.0,Normal
2026-05-03 16:20:53,610.601168507679,1,Backup/Snapshot Growth,0.99,Backup/Snapshot Growth
2026-05-03 17:20:53,367.2978301333599,0,Normal,1.0,Normal
2026-05-03 18:20:53,362.1053148969559,0,Normal,1.0,Normal
2026-05-03 19:20:53,317.9362341010501,0,Normal,0.99,Normal
2026-05-03 20:20:53,410.4314133270999,0,Normal,0.97,Normal
2026-05-03 21:20:53,347.5604454713334,0,Network Traffic,1.0,Network Traffic
2026-05-03 22:20:53,311.6394726188819,0,Normal,1.0,Normal
2026-05-03 23:20:53,395.9561921715618,0,Auto Scaling,1.0,Auto Scaling
2026-05-04 00:20:53,348.7519430396311,0,Normal,1.0,Normal
2026-05-04 01:20:53,276.7580354375657,0,Normal,1.0,Normal
2026-05-04 02:20:53,430.1810228648735,0,Normal,1.0,Normal
2026-05-04 03:20:53,312.80090553004914,0,Normal,1.0,Normal
2026-05-04 04:20:53,324.3347753268596,0,Normal,1.0,Normal
2026-05-04 05:20:53,450.8533022862458,0,Normal,0.98,Normal
2026-05-04 06:20:53,355.76973569417424,0,Normal,1.0,Normal
2026-05-04 07:20:53,348.6157154116397,0,Normal,1.0,Normal
2026-05-04 08:20:53,307.3945437857659,0,Storage Growth,0.97,Storage Growth
2026-05-04 09:20:53,332.7769992432705,0,Storage Growth,1.0,Storage Growth
2026-05-04 10:20:53,303.9538555452875,0,Normal,1.0,Normal
2026-05-04 11:20:53,302.39918402201255,0,Normal,1.0,Normal
2026-05-04 12:20:53,373.7213606790616,0,Normal,1.0,Normal
2026-05-04 13:20:53,706.5657978690633,1,Database Load,1.0,Database Load
2026-05-04 14:20:53,475.3293549698061,0,Backup/Snapshot Growth,1.0,Backup/Snapshot Growth
2026-05-04 15:20:53,394.8392688827061,0,Auto Scaling,0.99,Auto Scaling
2026-05-04 16:20:53,376.70669647174094,0,Normal,1.0,Normal
2026-05-04 17:20:53,338.62022403587935,0,Normal,1.0,Normal
2026-05-04 18:20:53,343.28572447704,0,Normal,1.0,Normal
2026-05-04 19:20:53,483.70748157789865,0,Backup/Snapshot Growth,1.0,Backup/Snapshot Growth
2026-05-04 20:20:53,398.5595146292189,0,Network Traffic,1.0,Network Traffic
2026-05-04 21:20:53,347.65171470087137,0,Normal,1.0,Normal
2026-05-04 22:20:53,352.4886723305828,0,Normal,1.0,Normal
2026-05-04 23:20:53,358.74962442184784,0,Idle Resources,1.0,Idle Resources
2026-05-05 00:20:53,376.091239994432,0,Normal,1.0,Normal
2026-05-05 01:20:53,306.43979607430305,0,Normal,1.0,Normal
2026-05-05 02:20:53,310.94825647326235,0,Normal,0.94,Normal
2026-05-05 03:20:53,492.66536657627023,0,Backup/Snapshot Growth,0.96,Backup/Snapshot Growth
2026-05-05 04:20:53,562.7064014063599,0,Backup/Snapshot Growth,1.0,Backup/Snapshot Growth
2026-05-05 05:20:53,384.1737531679656,0,Auto Scaling,1.0,Auto Scaling
2026-05-05 06:20:53,301.19682160445007,0,Normal,1.0,Normal
2026-05-05 07:20:53,410.7452536676116,0,Idle Resources,1.0,Idle Resources
2026-05-05 08:20:53,410.79524608791655,0,Normal,1.0,Normal
2026-05-05 09:20:53,384.930131608975,0,Normal,1.0,Normal
2026-05-05 10:20:53,481.325918834715,0,Idle Resources,1.0,Idle Resources
2026-05-05 11:20:53,577.7566104630569,0,Database Load,1.0,Database Load
2026-05-05 12:20:53,317.656696779974,0,Idle Resources,0.99,Idle Resources
2026-05-05 13:20:53,514.0728690807184,1,Idle Resources,1.0,Idle Resources
2026-05-05 14:20:53,410.569987469724,0,Normal,1.0,Normal
2026-05-05 15:20:53,282.9450927153002,0,Normal,1.0,Normal
2026-05-05 16:20:53,395.14004223339685,0,Storage Growth,1.0,Storage Growth
2026-05-05 17:20:53,444.1494618994885,0,Idle Resources,1.0,Idle Resources
2026-05-05 18:20:53,419.7419389303498,0,Normal,0.99,Normal
2026-05-05 19:20:53,361.4744386283654,0,Normal,1.0,Normal
2026-05-05 20:20:53,356.4550937957768,0,Normal,1.0,Normal
2026-05-05 21:20:53,455.6971867574612,0,Auto Scaling,1.0,Auto Scaling
2026-05-05 22:20:53,382.0245480710979,0,Normal,1.0,Normal
2026-05-05 23:20:53,435.1466008333264,0,Normal,0.99,Normal
2026-05-06 00:20:53,449.28577505734296,0,Idle Resources,1.0,Idle Resources
2026-05-06 01:20:53,257.1366864692594,0,Normal,0.99,Normal
2026-05-06 02:20:53,451.48641123536606,0,Network Traffic,1.0,Network Traffic
2026-05-06 03:20:53,626.366396248797,0,Database Load,1.0,Database Load
2026-05-06 04:20:53,266.63468710809684,0,Normal,1.0,Normal
2026-05-06 05:20:53,379.6784904470992,0,Normal,1.0,Normal
2026-05-06 06:20:53,341.25302911684537,0,Network Traffic,1.0,Network Traffic
2026-05-06 07:20:53,498.462951528713,0,Idle Resources,1.0,Idle Resources
2026-05-06 08:20:53,219.18481722017867,0,Normal,1.0,Normal
2026-05-06 09:20:53,434.29957478369056,0,Idle Resources,0.98,Idle Resources
2026-05-06 10:20:53,316.458342178639,0,Normal,0.99,Normal
2026-05-06 11:20:53,335.9181353434626,0,Storage Growth,1.0,Storage Growth
2026-05-06 12:20:53,327.34343967988366,0,Normal,1.0,Normal
2026-05-06 13:20:53,464.1784961105919,0,Idle Resources,1.0,Idle Resources
2026-05-06 14:20:53,458.57660478446775,0,Idle Resources,1.0,Idle Resources
2026-05-06 15:20:53,454.3631856883137,0,Backup/Snapshot Growth,1.0,Backup/Snapshot Growth
2026-05-06 16:20:53,319.9483195367067,0,Storage Growth,1.0,Storage Growth
2026-05-06 17:20:53,321.36880114467647,0,Normal,1.0,Normal
2026-05-06 18:20:53,364.23070731416783,0,Normal,1.0,Normal
2026-05-06 19:20:53,423.71993532555854,0,Idle Resources,0.98,Idle Resources
2026-05-06 20:20:53,335.6056902596926,0,Normal,1.0,Normal
2026-05-06 21:20:53,360.3707165208592,0,Auto Scaling,1.0,Auto Scaling
2026-05-06 22:20:53,416.0420068622627,0,Auto Scaling,1.0,Auto Scaling
2026-05-06 23:20:53,356.68459801013546,0,Normal,1.0,Normal
2026-05-07 00:20:53,514.3694082556833,1,Auto Scaling,1.0,Auto Scaling
2026-05-07 01:20:53,324.4868950614833,0,Normal,1.0,Normal
2026-05-07 02:20:53,461.3596984622499,1,Idle Resources,0.99,Idle Resources
2026-05-07 03:20:53,506.3471680255385,0,Backup/Snapshot Growth,1.0,Backup/Snapshot Growth
2026-05-07 04:20:53,344.09063837101075,0,Normal,0.99,Normal
2026-05-07 05:20:53,347.71268430231584,0,Normal,1.0,Normal
2026-05-07 06:20:53,311.7485466250019,0,Normal,0.97,Normal
2026-05-07 07:20:53,286.5862490981671,0,Normal,1.0,Normal
2026-05-07 08:20:53,426.455954305809,0,Network Traffic,1.0,Network Traffic
2026-05-07 09:20:53,505.597469440046,0,Database Load,1.0,Database Load
2026-05-07 10:20:53,364.7038206000296,0,Normal,1.0,Normal
2026-05-07 11:20:53,350.0019019857866,0,Network Traffic,1.0,Network Traffic
2026-05-07 12:20:53,294.1324943668146,0,Normal,0.96,Normal
2026-05-07 13:20:53,387.58761264078566,0,Normal,1.0,Normal
2026-05-07 14:20:53,304.662897471262,0,Network Traffic,1.0,Network Traffic
2026-05-07 15:20:53,273.95658150541993,0,Normal,1.0,Normal
2026-05-07 16:20:53,268.06344483233977,0,Storage Growth,1.0,Storage Growth
2026-05-07 17:20:53,396.006441469788,0,Database Load,0.62,Database Load
2026-05-07 18:20:53,296.03880950429664,0,Normal,1.0,Normal
2026-05-07 19:20:53,333.133979970267,0,Normal,1.0,Normal
2026-05-07 20:20:53,603.2565100124765,0,Backup/Snapshot Growth,1.0,Backup/Snapshot Growth
2026-05-07 21:20:53,464.7498903460939,0,Auto Scaling,1.0,Auto Scaling
2026-05-07 22:20:53,286.2023533414856,0,Normal,1.0,Normal
2026-05-07 23:20:53,311.9959999297628,0,Network Traffic,1.0,Network Traffic
2026-05-08 00:20:53,371.13229455337006,0,Normal,1.0,Normal
2026-05-08 01:20:53,384.8337691421866,1,Auto Scaling,1.0,Auto Scaling
2026-05-08 02:20:53,352.7873857210061,0,Normal,1.0,Normal
2026-05-08 03:20:53,637.5202702625959,1,Database Load,1.0,Database Load
2026-05-08 04:20:53,648.8883868347195,1,Database Load,0.98,Database Load
2026-05-08 05:20:53,306.7793277412236,0,Idle Resources,1.0,Idle Resources
2026-05-08 06:20:53,328.5483054373242,0,Normal,1.0,Normal
2026-05-08 07:20:53,414.1469102472032,0,Normal,1.0,Normal
2026-05-08 08:20:53,379.5851628733554,0,Auto Scaling,1.0,Auto Scaling
2026-05-08 09:20:53,347.60044884218814,0,Normal,1.0,Normal
2026-05-08 10:20:53,443.9307313828679,0,Auto Scaling,0.97,Auto Scaling
2026-05-08 11:20:53,420.7163733479579,0,Idle Resources,1.0,Idle Resources
2026-05-08 12:20:53,364.1938998151146,0,Storage Growth,0.86,Storage Growth
2026-05-08 13:20:53,357.1363146786148,0,Idle Resources,0.91,Idle Resources
2026-05-08 14:20:53,320.5506755403602,0,Network Traffic,1.0,Network Traffic
2026-05-08 15:20:53,418.8048725704125,0,Auto Scaling,0.99,Auto Scaling
2026-05-08 16:20:53,378.88266931366206,0,Normal,1.0,Normal
2026-05-08 17:20:53,307.51368407958194,0,Normal,1.0,Normal
2026-05-08 18:20:53,333.385243757494,0,Normal,1.0,Normal
2026-05-08 19:20:53,336.2022422424186,0,Normal,1.0,Normal
2026-05-08 20:20:53,455.2475854137855,0,Network Traffic,1.0,Network Traffic
2026-05-08 21:20:53,493.544531447514,1,Idle Resources,1.0,Idle Resources
2026-05-08 22:20:53,369.81615885473946,0,Normal,1.0,Normal
2026-05-08 23:20:53,274.6915843732067,1,Auto Scaling,1.0,Auto Scaling
2026-05-09 00:20:53,468.2450187385181,0,Idle Resources,1.0,Idle Resources
2026-05-09 01:20:53,519.4937275518922,0,Backup/Snapshot Growth,1.0,Backup/Snapshot Growth
2026-05-09 02:20:53,391.5437668113588,0,Normal,1.0,Normal
2026-05-09 03:20:53,535.828978926054,0,Database Load,0.99,Database Load
2026-05-09 04:20:53,454.020862903227,0,Backup/Snapshot Growth,0.94,Backup/Snapshot Growth
2026-05-09 05:20:53,331.3326735823241,0,Auto Scaling,1.0,Auto Scaling
2026-05-09 06:20:53,599.4687118249933,0,Database Load,1.0,Database Load
2026-05-09 07:20:53,252.56146731301712,0,Normal,1.0,Normal
2026-05-09 08:20:53,326.05344860108335,0,Idle Resources,0.98,Idle Resources
2026-05-09 09:20:53,333.03376999527245,0,Network Traffic,1.0,Network Traffic
2026-05-09 10:20:53,304.4764762557402,0,Normal,1.0,Normal
2026-05-09 11:20:53,357.9730506783793,0,Normal,1.0,Normal
2026-05-09 12:20:53,403.04815893910666,0,Normal,1.0,Normal
2026-05-09 13:20:53,276.5558115021085,0,Normal,1.0,Normal
2026-05-09 14:20:53,396.522417771087,0,Idle Resources,1.0,Idle Resources
2026-05-09 15:20:53,375.36973351824304,0,Auto Scaling,1.0,Auto Scaling
2026-05-09 16:20:53,406.26808972983855,0,Normal,1.0,Normal
2026-05-09 17:20:53,462.1559374544198,1,Idle Resources,1.0,Idle Resources
2026-05-09 18:20:53,349.5378590622148,0,Normal,1.0,Normal
2026-05-09 19:20:53,275.92204428809083,0,Normal,1.0,Normal
2026-05-09 20:20:53,527.499802171166,0,Database Load,1.0,Database Load
2026-05-09 21:20:53,398.6595239940193,0,Network Traffic,1.0,Network Traffic
2026-05-09 22:20:53,324.59156618541306,0,Normal,0.99,Normal
2026-05-09 23:20:53,506.7590917833217,0,Backup/Snapshot Growth,1.0,Backup/Snapshot Growth
2026-05-10 00:20:53,271.00067492507395,0,Normal,1.0,Normal
2026-05-10 01:20:53,297.549792849976,0,Auto Scaling,1.0,Auto Scaling
2026-05-10 02:20:53,348.4728235035285,0,Normal,1.0,Normal
2026-05-10 03:20:53,321.2594737440155,0,Normal,1.0,Normal
2026-05-10 04:20:53,328.9245143629511,0,Normal,1.0,Normal
2026-05-10 05:20:53,381.5037025043534,0,Auto Scaling,1.0,Auto Scaling
2026-05-10 06:20:53,493.3577445374037,0,Auto Scaling,1.0,Auto Scaling
2026-05-10 07:20:53,366.46576661428696,0,Idle Resources,1.0,Idle Resources
2026-05-10 08:20:53,438.6165510702004,0,Idle Resources,1.0,Idle Resources
2026-05-10 09:20:53,473.14462583867777,0,Database Load,0.97,Database Load
2026-05-10 10:20:53,351.17251916818776,0,Normal,1.0,Normal
2026-05-10 11:20:53,451.0101930940942,0,Network Traffic,1.0,Network Traffic
2026-05-10 12:20:53,394.3574931971983,0,Normal,1.0,Normal
2026-05-10 13:20:53,656.3513971015622,1,Database Load,0.99,Database Load
2026-05-10 14:20:53,381.5977025380409,0,Normal,0.99,Normal
2026-05-10 15:20:53,319.7453209150751,0,Normal,1.0,Normal
2026-05-10 16:20:53,306.32573650962894,0,Normal,1.0,Normal
2026-05-10 17:20:53,358.19019945657374,0,Network Traffic,1.0,Network Traffic
2026-05-10 18:20:53,235.68187707232173,0,Storage Growth,1.0,Storage Growth
2026-05-10 19:20:53,308.8452330566002,0,Normal,1.0,Normal
2026-05-10 20:20:53,331.7832318613419,0,Normal,1.0,Normal
2026-05-10 21:20:53,349.8039075624182,0,Network Traffic,1.0,Network Traffic
2026-05-10 22:20:53,417.68472375030393,0,Normal,0.75,Normal
2026-05-10 23:20:53,375.67601357726727,0,Normal,1.0,Normal
2026-05-11 00:20:53,246.23225175439947,0,Normal,1.0,Normal
2026-05-11 01:20:53,365.2317855219545,0,Normal,1.0,Normal
2026-05-11 02:20:53,359.17853741683456,0,Normal,1.0,Normal
2026-05-11 03:20:53,382.5041099137703,0,Normal,1.0,Normal
2026-05-11 04:20:53,298.65000102178806,0,Normal,1.0,Normal
2026-05-11 05:20:53,357.9569057293216,0,Normal,1.0,Normal
2026-05-11 06:20:53,398.0257528884712,0,Auto Scaling,1.0,Auto Scaling
2026-05-11 07:20:53,323.246942724894,0,Normal,1.0,Normal
2026-05-11 08:20:53,330.0556655503008,0,Normal,1.0,Normal
2026-05-11 09:20:53,334.0819442263634,0,Normal,0.96,Normal
2026-05-11 10:20:53,431.0319645088388,0,Idle Resources,1.0,Idle Resources
2026-05-11 11:20:53,363.0068317575593,0,Normal,1.0,Normal
2026-05-11 12:20:53,435.5437999695085,0,Network Traffic,1.0,Network Traffic
2026-05-11 13:20:53,360.2621615027682,0,Network Traffic,0.99,Network Traffic
2026-05-11 14:20:53,340.11080544228,0,Network Traffic,1.0,Network Traffic
2026-05-11 15:20:53,377.9418474412609,0,Normal,0.99,Normal
2026-05-11 16:20:53,303.0999751723343,0,Normal,0.99,Normal
2026-05-11 17:20:53,652.5080327873703,1,Database Load,1.0,Database Load
2026-05-11 18:20:53,276.77262129987923,0,Normal,1.0,Normal
2026-05-11 19:20:53,368.1256758162692,0,Normal,1.0,Normal
2026-05-11 20:20:53,312.6516808652251,0,Normal,0.99,Normal
2026-05-11 21:20:53,465.2836210434311,0,Database Load,1.0,Database Load
2026-05-11 22:20:53,459.3446330708655,0,Normal,0.99,Normal
2026-05-11 23:20:53,388.3989953109329,0,Normal,1.0,Normal
2026-05-12 00:20:53,193.897019930039,0,Normal,1.0,Normal
2026-05-12 01:20:53,356.43447484926264,0,Idle Resources,1.0,Idle Resources
2026-05-12 02:20:53,314.9633160597544,0,Normal,0.89,Normal
2026-05-12 03:20:53,431.896672882057,0,Normal,1.0,Normal
2026-05-12 04:20:53,378.6279567497343,0,Idle Resources,0.96,Idle Resources
2026-05-12 05:20:53,561.0111246628833,1,Database Load,1.0,Database Load
2026-05-12 06:20:53,304.7463441835473,0,Auto Scaling,1.0,Auto Scaling
2026-05-12 07:20:53,422.0489446979785,0,Network Traffic,1.0,Network Traffic
2026-05-12 08:20:53,342.47912281757624,0,Normal,1.0,Normal
2026-05-12 09:20:53,309.12050262092805,0,Normal,1.0,Normal
2026-05-12 10:20:53,410.4406412479207,0,Normal,1.0,Normal
2026-05-12 11:20:53,569.9964033741022,0,Backup/Snapshot Growth,1.0,Backup/Snapshot Growth
2026-05-12 12:20:53,589.9011953190441,1,Backup/Snapshot Growth,1.0,Backup/Snapshot Growth
2026-05-12 13:20:53,414.15703655536,0,Auto Scaling,1.0,Auto Scaling
2026-05-12 14:20:53,409.711724189165,0,Auto Scaling,1.0,Auto Scaling
2026-05-12 15:20:53,300.3340936763861,0,Network Traffic,1.0,Network Traffic
2026-05-12 16:20:53,306.81711671045787,0,Normal,1.0,Normal
2026-05-12 17:20:53,369.48126928640414,0,Normal,1.0,Normal
2026-05-12 18:20:53,310.6415782620378,0,Normal,1.0,Normal
2026-05-12 19:20:53,359.8701151711796,0,Normal,1.0,Normal
2026-05-12 20:20:53,222.4592219426353,0,Normal,1.0,Normal
2026-05-12 21:20:53,382.7734846660334,0,Normal,1.0,Normal
2026-05-12 22:20:53,272.3335661498447,0,Normal,1.0,Normal
2026-05-12 23:20:53,404.8906841553672,0,Database Load,1.0,Database Load
2026-05-13 00:20:53,339.3372543497844,0,Normal,1.0,Normal
2026-05-13 01:20:53,281.123969874651,0,Normal,1.0,Normal
2026-05-13 02:20:53,564.0587830042651,0,Backup/Snapshot Growth,1.0,Backup/Snapshot Growth
2026-05-13 03:20:53,578.7088030493759,1,Database Load,1.0,Database Load
2026-05-13 04:20:53,374.6452141496133,0,Normal,1.0,Normal
2026-05-13 05:20:53,340.4897811383721,0,Auto Scaling,1.0,Auto Scaling
2026-05-13 06:20:53,464.9196579645237,0,Backup/Snapshot Growth,1.0,Backup/Snapshot Growth
2026-05-13 07:20:53,391.0742371383587,0,Idle Resources,1.0,Idle Resources
2026-05-13 08:20:53,319.236314060055,0,Normal,1.0,Normal
2026-05-13 09:20:53,251.04465449333304,0,Normal,1.0,Normal
2026-05-13 10:20:53,385.5157455891204,0,Normal,1.0,Normal
2026-05-13 11:20:53,624.5831898311526,0,Database Load,1.0,Database Load
2026-05-13 12:20:53,462.9410955034188,0,Backup/Snapshot Growth,1.0,Backup/Snapshot Growth
2026-05-13 13:20:53,490.41142322897474,0,Database Load,1.0,Database Load
2026-05-13 14:20:53,353.1872287185639,0,Normal,1.0,Normal
2026-05-13 15:20:53,374.3647185998458,0,Normal,1.0,Normal
2026-05-13 16:20:53,367.0367153066455,0,Normal,1.0,Normal
2026-05-13 17:20:53,260.11692188660584,0,Normal,1.0,Normal
2026-05-13 18:20:53,358.273257414673,0,Normal,1.0,Normal
2026-05-13 19:20:53,332.59181056986,0,Normal,1.0,Normal
2026-05-13 20:20:53,333.27353184118874,0,Normal,1.0,Normal
2026-05-13 21:20:53,272.89780485156774,0,Normal,1.0,Normal
2026-05-13 22:20:53,414.6038478782794,0,Storage Growth,0.97,Storage Growth
2026-05-13 23:20:53,319.2600835539141,0,Normal,1.0,Normal
2026-05-14 00:20:53,375.6752458129516,0,Normal,1.0,Normal
2026-05-14 01:20:53,330.8660242990092,0,Normal,1.0,Normal
2026-05-14 02:20:53,328.3602139403573,0,Normal,1.0,Normal
2026-05-14 03:20:53,418.7780860795117,0,Idle Resources,1.0,Idle Resources
2026-05-14 04:20:53,341.93106150243494,0,Normal,1.0,Normal
2026-05-14 05:20:53,469.72865764091887,0,Database Load,0.98,Database Load
2026-05-14 06:20:53,391.3602246737142,0,Normal,1.0,Normal
2026-05-14 07:20:53,658.4067283320808,1,Database Load,1.0,Database Load
2026-05-14 08:20:53,291.7984858553512,0,Auto Scaling,1.0,Auto Scaling
2026-05-14 09:20:53,392.65288072543694,0,Storage Growth,0.93,Storage Growth
2026-05-14 10:20:53,377.4455040486964,0,Idle Resources,1.0,Idle Resources
2026-05-14 11:20:53,480.07444232270376,0,Backup/Snapshot Growth,0.95,Backup/Snapshot Growth
2026-05-14 12:20:53,382.9743542163101,0,Normal,1.0,Normal
2026-05-14 13:20:53,391.3231984260768,0,Normal,1.0,Normal
2026-05-14 14:20:53,399.3316866707031,0,Normal,1.0,Normal
2026-05-14 15:20:53,307.73437353626446,0,Network Traffic,1.0,Network Traffic
2026-05-14 16:20:53,376.1033727252593,0,Network Traffic,1.0,Network Traffic
2026-05-14 17:20:53,310.8335861498353,0,Auto Scaling,0.99,Auto Scaling
2026-05-14 18:20:53,339.2650268784502,0,Normal,1.0,Normal
2026-05-14 19:20:53,401.70830981530713,0,Normal,0.92,Normal
2026-05-14 20:20:53,348.1657901050276,0,Normal,1.0,Normal
2026-05-14 21:20:53,408.5738816219188,0,Auto Scaling,0.96,Auto Scaling
2026-05-14 22:20:53,349.1004223418701,0,Normal,1.0,Normal
2026-05-14 23:20:53,339.39974870604846,0,Auto Scaling,1.0,Auto Scaling
2026-05-15 00:20:53,498.0774455531042,0,Database Load,1.0,Database Load
2026-05-15 01:20:53,328.1625230263722,0,Normal,1.0,Normal
2026-05-15 02:20:53,363.9707729711249,0,Normal,1.0,Normal
2026-05-15 03:20:53,431.001275554736,0,Normal,1.0,Normal
2026-05-15 04:20:53,362.4113289448304,0,Network Traffic,1.0,Network Traffic
2026-05-15 05:20:53,332.39022169116055,0,Normal,1.0,Normal
2026-05-15 06:20:53,319.9107343857928,0,Normal,1.0,Normal
2026-05-15 07:20:53,709.7422859561171,1,Database Load,1.0,Database Load
2026-05-15 08:20:53,274.0345169974969,0,Normal,1.0,Normal
2026-05-15 09:20:53,349.17987230772565,0,Normal,0.99,Normal
2026-05-15 10:20:53,270.1102308317691,0,Normal,1.0,Normal
2026-05-15 11:20:53,376.62766073301134,0,Auto Scaling,1.0,Auto Scaling
2026-05-15 12:20:53,371.5911763891753,0,Normal,1.0,Normal
2026-05-15 13:20:53,411.3300041649224,0,Idle Resources,1.0,Idle Resources
2026-05-15 14:20:53,401.58829221134295,0,Normal,0.99,Normal
2026-05-15 15:20:53,408.6579068259505,0,Normal,1.0,Normal
2026-05-15 16:20:53,469.3556859932486,0,Normal,0.99,Normal
2026-05-15 17:20:53,262.48638654400827,0,Normal,1.0,Normal
2026-05-15 18:20:53,328.0678393110624,0,Normal,1.0,Normal
2026-05-15 19:20:53,369.006795425652,0,Network Traffic,1.0,Network Traffic
2026-05-15 20:20:53,334.43236679897103,0,Normal,1.0,Normal
2026-05-15 21:20:53,343.0611039341787,0,Network Traffic,1.0,Network Traffic
2026-05-15 22:20:53,461.4975422943029,0,Backup/Snapshot Growth,1.0,Backup/Snapshot Growth
2026-05-15 23:20:53,320.0786434569929,0,Normal,1.0,Normal
2026-05-16 00:20:53,464.1979859254051,0,Database Load,1.0,Database Load
2026-05-16 01:20:53,426.2772320104032,0,Normal,1.0,Normal
2026-05-16 02:20:53,494.2438432798391,0,Backup/Snapshot Growth,1.0,Backup/Snapshot Growth
2026-05-16 03:20:53,499.9008274156088,0,Database Load,1.0,Database Load
2026-05-16 04:20:53,378.4002777830089,0,Normal,1.0,Normal
2026-05-16 05:20:53,364.55652594379205,0,Normal,1.0,Normal
2026-05-16 06:20:53,390.977087879949,0,Normal,1.0,Normal
2026-05-16 07:20:53,492.2849263330301,0,Database Load,0.99,Database Load
2026-05-16 08:20:53,619.0262322405468,1,Backup/Snapshot Growth,0.99,Backup/Snapshot Growth
2026-05-16 09:20:53,333.4202185808562,0,Normal,1.0,Normal
2026-05-16 10:20:53,351.4949266245173,0,Idle Resources,1.0,Idle Resources
2026-05-16 11:20:53,355.71377293786367,0,Normal,1.0,Normal
2026-05-16 12:20:53,398.6749876092581,0,Normal,1.0,Normal
2026-05-16 13:20:53,365.5986428456192,0,Normal,1.0,Normal
2026-05-16 14:20:53,500.4041234534821,0,Auto Scaling,1.0,Auto Scaling
2026-05-16 15:20:53,465.1234359226924,0,Network Traffic,1.0,Network Traffic
2026-05-16 16:20:53,315.1520143241131,0,Normal,1.0,Normal
2026-05-16 17:20:53,300.0332563357151,0,Normal,1.0,Normal
2026-05-16 18:20:53,259.4021149244096,0,Normal,1.0,Normal
2026-05-16 19:20:53,428.1091262108158,0,Auto Scaling,1.0,Auto Scaling
2026-05-16 20:20:53,380.3486285424922,0,Normal,1.0,Normal
2026-05-16 21:20:53,300.6446092804234,0,Normal,1.0,Normal
2026-05-16 22:20:53,426.4994927221669,0,Normal,1.0,Normal
2026-05-16 23:20:53,291.7115055785489,0,Normal,1.0,Normal
2026-05-17 00:20:53,598.7656159461825,0,Backup/Snapshot Growth,1.0,Backup/Snapshot Growth
2026-05-17 01:20:53,568.7120619353458,0,Backup/Snapshot Growth,1.0,Backup/Snapshot Growth
2026-05-17 02:20:53,759.5994298768115,1,Database Load,1.0,Database Load
2026-05-17 03:20:53,224.5921464601017,0,Normal,1.0,Normal
2026-05-17 04:20:53,462.3790488316377,0,Auto Scaling,0.99,Auto Scaling
2026-05-17 05:20:53,499.3738521574346,0,Database Load,1.0,Database Load
2026-05-17 06:20:53,383.2122577367365,0,Network Traffic,1.0,Network Traffic
2026-05-17 07:20:53,379.20354093019455,0,Normal,1.0,Normal
2026-05-17 08:20:53,559.3725047584514,0,Database Load,1.0,Database Load
2026-05-17 09:20:53,418.1853650696908,0,Auto Scaling,1.0,Auto Scaling
2026-05-17 10:20:53,370.4282760771756,0,Idle Resources,1.0,Idle Resources
2026-05-17 11:20:53,384.0177851669009,0,Normal,1.0,Normal
2026-05-17 12:20:53,266.8190022608606,0,Network Traffic,1.0,Network Traffic
2026-05-17 13:20:53,490.9647326801183,0,Normal,0.89,Normal
2026-05-17 14:20:53,622.5931506551505,1,Backup/Snapshot Growth,1.0,Backup/Snapshot Growth
2026-05-17 15:20:53,380.54775721064334,0,Normal,1.0,Normal
2026-05-17 16:20:53,321.68724957005173,0,Normal,1.0,Normal
2026-05-17 17:20:53,327.32108361544897,0,Network Traffic,1.0,Network Traffic
2026-05-17 18:20:53,335.320617557412,0,Normal,0.99,Normal
2026-05-17 19:20:53,577.4957431254064,1,Database Load,1.0,Database Load
2026-05-17 20:20:53,397.9821630531687,0,Normal,1.0,Normal
2026-05-17 21:20:53,254.30737409797567,0,Network Traffic,1.0,Network Traffic
2026-05-17 22:20:53,555.1394119258581,0,Backup/Snapshot Growth,1.0,Backup/Snapshot Growth
2026-05-17 23:20:53,700.2363814548621,1,Database Load,1.0,Database Load
2026-05-18 00:20:53,364.0288917492995,0,Normal,1.0,Normal
2026-05-18 01:20:53,400.5494546971865,0,Normal,1.0,Normal
2026-05-18 02:20:53,330.94736586101885,0,Normal,1.0,Normal
2026-05-18 03:20:53,332.20998729706344,0,Normal,1.0,Normal
2026-05-18 04:20:53,442.9766847426804,0,Normal,0.95,Normal
2026-05-18 05:20:53,392.53732015418217,0,Normal,1.0,Normal
2026-05-18 06:20:53,303.3036266103198,0,Network Traffic,0.98,Network Traffic
2026-05-18 07:20:53,385.4020561831915,0,Normal,0.98,Normal
2026-05-18 08:20:53,440.8197855528574,0,Idle Resources,1.0,Idle Resources
2026-05-18 09:20:53,443.9753100428014,0,Database Load,0.99,Database Load
2026-05-18 10:20:53,472.071760049482,0,Network Traffic,1.0,Network Traffic
2026-05-18 11:20:53,426.36356775248737,0,Network Traffic,1.0,Network Traffic
2026-05-18 12:20:53,468.20741617803833,0,Storage Growth,0.94,Storage Growth
2026-05-18 13:20:53,385.21366348538055,0,Network Traffic,1.0,Network Traffic
2026-05-18 14:20:53,422.2232106424707,0,Auto Scaling,1.0,Auto Scaling
2026-05-18 15:20:53,434.4428577758752,0,Database Load,1.0,Database Load
2026-05-18 16:20:53,411.2109184868313,0,Storage Growth,1.0,Storage Growth
2026-05-18 17:20:53,569.810948462194,0,Database Load,1.0,Database Load
2026-05-18 18:20:53,316.84933946563166,0,Normal,1.0,Normal
2026-05-18 19:20:53,311.6002761948771,0,Normal,1.0,Normal
2026-05-18 20:20:53,443.2781653497511,0,Auto Scaling,0.99,Auto Scaling
2026-05-18 21:20:53,373.0322549103055,0,Normal,1.0,Normal
2026-05-18 22:20:53,427.28897206947227,0,Auto Scaling,1.0,Auto Scaling
2026-05-18 23:20:53,325.7347686118212,0,Storage Growth,1.0,Storage Growth
2026-05-19 00:20:53,459.65802872684606,0,Auto Scaling,1.0,Auto Scaling
2026-05-19 01:20:53,262.6661899577314,0,Normal,1.0,Normal
2026-05-19 02:20:53,384.1131094200543,0,Normal,0.99,Normal
2026-05-19 03:20:53,368.1415558039674,0,Network Traffic,1.0,Network Traffic
2026-05-19 04:20:53,321.9909916089157,0,Normal,1.0,Normal
2026-05-19 05:20:53,458.1950997850244,0,Normal,0.94,Normal
2026-05-19 06:20:53,369.829469608061,0,Network Traffic,1.0,Network Traffic
2026-05-19 07:20:53,654.5325704587749,1,Database Load,1.0,Database Load
2026-05-19 08:20:53,329.04583703695835,0,Idle Resources,1.0,Idle Resources
2026-05-19 09:20:53,386.5139452910537,0,Normal,1.0,Normal
2026-05-19 10:20:53,286.8074825383825,0,Normal,1.0,Normal
2026-05-19 11:20:53,345.15521403561604,0,Normal,1.0,Normal
2026-05-19 12:20:53,339.36538409159425,0,Normal,0.99,Normal
2026-05-19 13:20:53,259.8557466930195,0,Normal,1.0,Normal
2026-05-19 14:20:53,392.7884712656394,0,Database Load,0.99,Database Load
2026-05-19 15:20:53,350.3313454017172,0,Idle Resources,1.0,Idle Resources
2026-05-19 16:20:53,549.3654812674629,0,Backup/Snapshot Growth,1.0,Backup/Snapshot Growth
2026-05-19 17:20:53,273.502518709301,0,Normal,1.0,Normal
2026-05-19 18:20:53,330.41246372620105,0,Normal,1.0,Normal
2026-05-19 19:20:53,341.0632567913334,0,Normal,1.0,Normal
2026-05-19 20:20:53,576.303459454063,0,Backup/Snapshot Growth,1.0,Backup/Snapshot Growth
2026-05-19 21:20:53,292.50499463166415,0,Idle Resources,1.0,Idle Resources
2026-05-19 22:20:53,260.1379435602684,0,Auto Scaling,1.0,Auto Scaling
2026-05-19 23:20:53,559.7987929886965,0,Database Load,1.0,Database Load
2026-05-20 00:20:53,440.83380002022005,0,Database Load,0.98,Database Load
2026-05-20 01:20:53,350.6384032754074,0,Normal,0.89,Normal
2026-05-20 02:20:53,318.74105557580464,0,Normal,1.0,Normal
2026-05-20 03:20:53,390.0044747181612,0,Idle Resources,1.0,Idle Resources
2026-05-20 04:20:53,515.364754577399,0,Database Load,1.0,Database Load
2026-05-20 05:20:53,408.1298519985744,0,Normal,1.0,Normal
2026-05-20 06:20:53,491.8871144030957,0,Database Load,1.0,Database Load
2026-05-20 07:20:53,291.5947046755627,0,Auto Scaling,1.0,Auto Scaling
2026-05-20 08:20:53,496.3865117334991,0,Backup/Snapshot Growth,1.0,Backup/Snapshot Growth
2026-05-20 09:20:53,433.3268858082124,0,Idle Resources,1.0,Idle Resources
2026-05-20 10:20:53,485.9219559988091,0,Database Load,1.0,Database Load
2026-05-20 11:20:53,257.2474191042608,0,Normal,1.0,Normal
2026-05-20 12:20:53,410.14873241210887,0,Storage Growth,1.0,Storage Growth
2026-05-20 13:20:53,509.0898289799157,0,Database Load,1.0,Database Load
2026-05-20 14:20:53,345.90053114980594,0,Normal,1.0,Normal
2026-05-20 15:20:53,542.8344741469356,0,Database Load,1.0,Database Load
2026-05-20 16:20:53,472.6726196105045,0,Database Load,1.0,Database Load
2026-05-20 17:20:53,425.6420884949854,0,Auto Scaling,1.0,Auto Scaling
2026-05-20 18:20:53,233.3818275421158,0,Normal,0.98,Normal
2026-05-20 19:20:53,515.3799316454555,0,Idle Resources,1.0,Idle Resources
2026-05-20 20:20:53,279.2895859174277,0,Normal,1.0,Normal
2026-05-20 21:20:53,371.2725805163192,0,Network Traffic,0.98,Network Traffic
2026-05-20 22:20:53,405.8446071910214,0,Normal,0.99,Normal
2026-05-20 23:20:53,363.9993365304389,0,Normal,0.99,Normal
2026-05-21 00:20:53,344.1445028892167,0,Normal,1.0,Normal
2026-05-21 01:20:53,375.3389518277768,0,Normal,1.0,Normal
2026-05-21 02:20:53,344.0015972550829,0,Normal,1.0,Normal
2026-05-21 03:20:53,380.9987342124296,0,Auto Scaling,0.99,Auto Scaling
2026-05-21 04:20:53,272.5871674136093,0,Normal,1.0,Normal
2026-05-21 05:20:53,333.624076289114,0,Auto Scaling,1.0,Auto Scaling
2026-05-21 06:20:53,315.9610431799951,0,Normal,1.0,Normal
2026-05-21 07:20:53,403.2321264642373,0,Auto Scaling,1.0,Auto Scaling
2026-05-21 08:20:53,353.27971711735483,0,Normal,1.0,Normal
2026-05-21 09:20:53,422.29186737502937,0,Normal,1.0,Normal
2026-05-21 10:20:53,439.7984496302617,0,Auto Scaling,0.99,Auto Scaling
2026-05-21 11:20:53,301.83108953384425,0,Storage Growth,1.0,Storage Growth
2026-05-21 12:20:53,539.6211946790236,0,Backup/Snapshot Growth,1.0,Backup/Snapshot Growth
2026-05-21 13:20:53,499.3985029982312,0,Auto Scaling,1.0,Auto Scaling
2026-05-21 14:20:53,332.16085255589013,0,Normal,1.0,Normal
2026-05-21 15:20:53,386.153323651341,0,Normal,1.0,Normal
2026-05-21 16:20:53,374.1132628104877,0,Auto Scaling,1.0,Auto Scaling
2026-05-21 17:20:53,403.4235464908946,0,Normal,1.0,Normal
2026-05-21 18:20:53,273.35297594718566,0,Normal,1.0,Normal
2026-05-21 19:20:53,319.2806683670498,0,Network Traffic,1.0,Network Traffic
2026-05-21 20:20:53,443.3380103083384,0,Normal,0.98,Normal
2026-05-21 21:20:53,384.1698788499295,0,Normal,1.0,Normal
2026-05-21 22:20:53,442.66214670485874,0,Storage Growth,0.65,Storage Growth
2026-05-21 23:20:53,401.2066376655112,0,Normal,0.91,Normal
2026-05-22 00:20:53,454.7808546196193,0,Idle Resources,1.0,Idle Resources
2026-05-22 01:20:53,319.03735714822733,0,Normal,1.0,Normal
2026-05-22 02:20:53,503.7803633119073,0,Idle Resources,1.0,Idle Resources
2026-05-22 03:20:53,332.7110020948964,0,Normal,1.0,Normal
2026-05-22 04:20:53,530.4501608807262,0,Database Load,1.0,Database Load
2026-05-22 05:20:53,390.3273035922307,0,Normal,1.0,Normal
2026-05-22 06:20:53,437.5594419464768,0,Network Traffic,0.94,Network Traffic
2026-05-22 07:20:53,309.93648288241064,0,Normal,0.92,Normal
2026-05-22 08:20:53,411.6039109965686,0,Normal,1.0,Normal
2026-05-22 09:20:53,375.1442978071676,0,Normal,1.0,Normal
2026-05-22 10:20:53,386.7850050020143,0,Auto Scaling,1.0,Auto Scaling
2026-05-22 11:20:53,356.1904295057726,0,Normal,1.0,Normal
2026-05-22 12:20:53,530.3135968340584,0,Database Load,1.0,Database Load
2026-05-22 13:20:53,382.6791186846369,0,Network Traffic,1.0,Network Traffic
2026-05-22 14:20:53,326.1574491722831,0,Storage Growth,1.0,Storage Growth
2026-05-22 15:20:53,308.107265294159,0,Normal,1.0,Normal
2026-05-22 16:20:53,543.1871199253411,0,Backup/Snapshot Growth,1.0,Backup/Snapshot Growth
2026-05-22 17:20:53,393.8750256482337,0,Idle Resources,1.0,Idle Resources
2026-05-22 18:20:53,332.2587339348197,0,Normal,1.0,Normal
2026-05-22 19:20:53,428.3682615458374,0,Storage Growth,0.96,Storage Growth
2026-05-22 20:20:53,337.13819128684906,0,Normal,1.0,Normal
2026-05-22 21:20:53,352.2758899465728,0,Normal,1.0,Normal
2026-05-22 22:20:53,219.08458695296065,0,Normal,1.0,Normal
2026-05-22 23:20:53,523.8570207455955,0,Database Load,1.0,Database Load
2026-05-23 00:20:53,370.1422347243316,0,Normal,0.99,Normal
2026-05-23 01:20:53,408.3191777192119,0,Network Traffic,1.0,Network Traffic
2026-05-23 02:20:53,460.61085830156094,0,Idle Resources,1.0,Idle Resources
2026-05-23 03:20:53,414.9022258920208,0,Normal,1.0,Normal
2026-05-23 04:20:53,316.82247571537926,0,Normal,1.0,Normal
2026-05-23 05:20:53,348.935078162812,0,Normal,1.0,Normal
2026-05-23 06:20:53,293.0479149058379,0,Normal,1.0,Normal
2026-05-23 07:20:53,465.905834451408,0,Idle Resources,1.0,Idle Resources
2026-05-23 08:20:53,303.3057476172488,0,Normal,0.99,Normal
2026-05-23 09:20:53,328.5270762729499,0,Normal,1.0,Normal
2026-05-23 10:20:53,274.79339497272264,0,Normal,1.0,Normal
2026-05-23 11:20:53,332.862147897151,0,Normal,1.0,Normal
2026-05-23 12:20:53,408.7809036733367,0,Normal,1.0,Normal
2026-05-23 13:20:53,345.78418099241014,0,Normal,1.0,Normal
2026-05-23 14:20:53,283.7114608198632,0,Normal,1.0,Normal
2026-05-23 15:20:53,445.9231630009385,0,Database Load,1.0,Database Load
2026-05-23 16:20:53,376.8162690007188,0,Auto Scaling,0.99,Auto Scaling
2026-05-23 17:20:53,433.5335729612365,0,Storage Growth,0.99,Storage Growth
2026-05-23 18:20:53,335.9698013969371,0,Normal,1.0,Normal
2026-05-23 19:20:53,329.44162857123854,0,Normal,1.0,Normal
2026-05-23 20:20:53,276.5700763655266,0,Normal,1.0,Normal
2026-05-23 21:20:53,334.2342877312885,0,Normal,1.0,Normal
2026-05-23 22:20:53,625.361613657079,0,Backup/Snapshot Growth,1.0,Backup/Snapshot Growth
2026-05-23 23:20:53,376.645980099692,0,Normal,0.98,Normal
2026-05-24 00:20:53,412.0581984101699,0,Network Traffic,1.0,Network Traffic
2026-05-24 01:20:53,458.096869559779,1,Idle Resources,1.0,Idle Resources
2026-05-24 02:20:53,249.69532051329708,0,Normal,1.0,Normal
2026-05-24 03:20:53,419.86460929782817,0,Network Traffic,1.0,Network Traffic
2026-05-24 04:20:53,395.34504914281257,0,Network Traffic,1.0,Network Traffic
2026-05-24 05:20:53,300.2407051871862,0,Normal,1.0,Normal
2026-05-24 06:20:53,415.6792584590986,0,Normal,1.0,Normal
2026-05-24 07:20:53,344.3463780268938,0,Normal,1.0,Normal
2026-05-24 08:20:53,445.0100321211883,0,Normal,0.93,Normal
2026-05-24 09:20:53,420.8844457587614,0,Database Load,1.0,Database Load
2026-05-24 10:20:53,298.68020438361134,0,Network Traffic,1.0,Network Traffic
2026-05-24 11:20:53,347.6358430201077,0,Normal,1.0,Normal
2026-05-24 12:20:53,337.52319667327475,0,Normal,1.0,Normal
2026-05-24 13:20:53,478.002764279348,0,Database Load,1.0,Database Load
2026-05-24 14:20:53,369.3252854898633,0,Storage Growth,1.0,Storage Growth
2026-05-24 15:20:53,349.22010732927845,0,Normal,1.0,Normal
2026-05-24 16:20:53,363.0532066106334,0,Normal,1.0,Normal
2026-05-24 17:20:53,383.851303938876,0,Auto Scaling,1.0,Auto Scaling
2026-05-24 18:20:53,279.228877905732,0,Normal,1.0,Normal
2026-05-24 19:20:53,504.91940753097776,0,Backup/Snapshot Growth,1.0,Backup/Snapshot Growth
2026-05-24 20:20:53,379.9434768082192,0,Normal,1.0,Normal
2026-05-24 21:20:53,282.2014431686199,0,Normal,1.0,Normal
2026-05-24 22:20:53,389.70337209362737,0,Normal,1.0,Normal
2026-05-24 23:20:53,420.8306294732996,0,Idle Resources,1.0,Idle Resources
2026-05-25 00:20:53,570.7268450535973,0,Database Load,1.0,Database Load
2026-05-25 01:20:53,368.3990756701649,0,Network Traffic,1.0,Network Traffic
2026-05-25 02:20:53,367.9321454968847,0,Network Traffic,1.0,Network Traffic
2026-05-25 03:20:53,546.0334398692776,0,Database Load,1.0,Database Load
2026-05-25 04:20:53,446.3181097843757,0,Normal,0.98,Normal
2026-05-25 05:20:53,322.57255063350703,0,Normal,1.0,Normal
2026-05-25 06:20:53,373.3712051491707,0,Normal,1.0,Normal
2026-05-25 07:20:53,356.7126506870665,0,Auto Scaling,1.0,Auto Scaling
2026-05-25 08:20:53,277.59418951281,0,Normal,1.0,Normal
2026-05-25 09:20:53,321.8107592852432,0,Normal,1.0,Normal
2026-05-25 10:20:53,506.672793030318,0,Backup/Snapshot Growth,1.0,Backup/Snapshot Growth
2026-05-25 11:20:53,301.55160897855046,0,Normal,1.0,Normal
2026-05-25 12:20:53,350.0730273359384,0,Normal,0.87,Normal
2026-05-25 13:20:53,479.758293760959,0,Idle Resources,0.98,Idle Resources
2026-05-25 14:20:53,462.0834450712286,0,Database Load,1.0,Database Load
2026-05-25 15:20:53,393.3158877889078,0,Network Traffic,1.0,Network Traffic
2026-05-25 16:20:53,428.6163385654797,0,Normal,1.0,Normal
2026-05-25 17:20:53,336.9410473840905,0,Normal,1.0,Normal
2026-05-25 18:20:53,393.9230558234556,0,Idle Resources,1.0,Idle Resources
2026-05-25 19:20:53,323.9346455583644,0,Storage Growth,0.99,Storage Growth
2026-05-25 20:20:53,526.6693395917808,0,Database Load,1.0,Database Load
2026-05-25 21:20:53,359.42319610493485,0,Idle Resources,1.0,Idle Resources
2026-05-25 22:20:53,328.32277405996865,0,Network Traffic,0.99,Network Traffic
2026-05-25 23:20:53,286.10485433016714,0,Network Traffic,1.0,Network Traffic
2026-05-26 00:20:53,316.5702887071312,0,Normal,1.0,Normal
2026-05-26 01:20:53,337.7873149391464,0,Normal,0.98,Normal
2026-05-26 02:20:53,444.2950823199933,0,Idle Resources,1.0,Idle Resources
2026-05-26 03:20:53,620.1091839035406,1,Database Load,1.0,Database Load
2026-05-26 04:20:53,440.6025496109327,0,Network Traffic,0.99,Network Traffic
2026-05-26 05:20:53,362.4953323827047,0,Auto Scaling,1.0,Auto Scaling
2026-05-26 06:20:53,392.1606001894157,0,Normal,1.0,Normal
2026-05-26 07:20:53,480.285566351332,0,Idle Resources,1.0,Idle Resources
2026-05-26 08:20:53,315.5981850899876,0,Normal,1.0,Normal
2026-05-26 09:20:53,536.5943916488665,1,Idle Resources,0.99,Idle Resources
2026-05-26 10:20:53,438.1541505182957,0,Auto Scaling,1.0,Auto Scaling
2026-05-26 11:20:53,238.78251523395343,0,Normal,1.0,Normal
2026-05-26 12:20:53,441.8503775232596,0,Auto Scaling,1.0,Auto Scaling
2026-05-26 13:20:53,368.5638275008191,0,Normal,0.99,Normal
2026-05-26 14:20:53,427.0335851074283,0,Auto Scaling,1.0,Auto Scaling
2026-05-26 15:20:53,284.14634716766074,0,Normal,1.0,Normal
2026-05-26 16:20:53,301.51911078187413,0,Normal,1.0,Normal
2026-05-26 17:20:53,411.213642742134,0,Normal,1.0,Normal
2026-05-26 18:20:53,437.64463265251766,0,Network Traffic,1.0,Network Traffic
2026-05-26 19:20:53,454.5682420696536,0,Database Load,0.98,Database Load
2026-05-26 20:20:53,284.04626769268526,0,Normal,1.0,Normal
2026-05-26 21:20:53,292.7697644347355,0,Normal,1.0,Normal
2026-05-26 22:20:53,574.5913311704628,0,Database Load,1.0,Database Load
2026-05-26 23:20:53,265.8294737430632,0,Normal,1.0,Normal
2026-05-27 00:20:53,353.48748479399546,0,Normal,1.0,Normal
2026-05-27 01:20:53,363.3619505515879,0,Normal,1.0,Normal
2026-05-27 02:20:53,412.5003155986818,0,Idle Resources,0.99,Idle Resources
2026-05-27 03:20:53,319.0093811716357,0,Normal,1.0,Normal
2026-05-27 04:20:53,272.565306839012,0,Normal,1.0,Normal
2026-05-27 05:20:53,393.7519363641487,0,Auto Scaling,0.99,Auto Scaling
2026-05-27 06:20:53,359.41692316626046,0,Normal,1.0,Normal
2026-05-27 07:20:53,606.2798372365772,0,Database Load,1.0,Database Load
2026-05-27 08:20:53,556.339070002362,0,Database Load,1.0,Database Load
2026-05-27 09:20:53,336.12080777546146,0,Normal,1.0,Normal
2026-05-27 10:20:53,461.734323531604,0,Idle Resources,1.0,Idle Resources
2026-05-27 11:20:53,313.993886774672,0,Normal,1.0,Normal
2026-05-27 12:20:53,560.9621683598141,0,Database Load,1.0,Database Load
2026-05-27 13:20:53,280.7022442483599,0,Normal,1.0,Normal
2026-05-27 14:20:53,485.834535544558,0,Database Load,0.99,Database Load
2026-05-27 15:20:53,366.4023630270608,0,Idle Resources,1.0,Idle Resources
2026-05-27 16:20:53,278.50732559937825,0,Normal,1.0,Normal
2026-05-27 17:20:53,357.90352959011057,0,Normal,1.0,Normal
2026-05-27 18:20:53,365.4854620918633,0,Normal,1.0,Normal
2026-05-27 19:20:53,347.7164497129792,0,Normal,1.0,Normal
2026-05-27 20:20:53,323.2793076262945,0,Idle Resources,0.98,Idle Resources
2026-05-27 21:20:53,296.3831576908356,0,Auto Scaling,1.0,Auto Scaling
2026-05-27 22:20:53,241.1090103623271,0,Normal,1.0,Normal
2026-05-27 23:20:53,348.10129038624353,0,Normal,0.99,Normal
2026-05-28 00:20:53,285.170698833418,0,Normal,1.0,Normal
2026-05-28 01:20:53,522.631625487208,0,Backup/Snapshot Growth,1.0,Backup/Snapshot Growth
2026-05-28 02:20:53,508.5512558962889,0,Database Load,1.0,Database Load
2026-05-28 03:20:53,316.5259427401075,0,Normal,1.0,Normal
2026-05-28 04:20:53,391.3814097295,0,Idle Resources,1.0,Idle Resources
2026-05-28 05:20:53,491.5833357894267,0,Backup/Snapshot Growth,1.0,Backup/Snapshot Growth
2026-05-28 06:20:53,312.10948883088,0,Normal,1.0,Normal
2026-05-28 07:20:53,236.89068931789663,0,Normal,1.0,Normal
2026-05-28 08:20:53,358.352183964961,0,Normal,1.0,Normal
2026-05-28 09:20:53,276.60352564451995,0,Normal,1.0,Normal
2026-05-28 10:20:53,251.59534933687783,0,Normal,1.0,Normal
2026-05-28 11:20:53,480.3400983828554,0,Idle Resources,0.91,Idle Resources
2026-05-28 12:20:53,344.2464033259439,0,Storage Growth,0.92,Storage Growth
2026-05-28 13:20:53,549.333236549444,0,Database Load,1.0,Database Load
2026-05-28 14:20:53,268.5485055267632,0,Normal,1.0,Normal
2026-05-28 15:20:53,541.7778754810199,0,Database Load,1.0,Database Load
2026-05-28 16:20:53,374.4967875788015,0,Auto Scaling,1.0,Auto Scaling
2026-05-28 17:20:53,290.0732250395694,0,Normal,1.0,Normal
2026-05-28 18:20:53,320.38264809696034,0,Normal,1.0,Normal
2026-05-28 19:20:53,361.2855615386383,0,Normal,1.0,Normal
2026-05-28 20:20:53,348.178741497631,0,Normal,1.0,Normal
2026-05-28 21:20:53,358.50827834080565,0,Idle Resources,1.0,Idle Resources
2026-05-28 22:20:53,277.7656476131416,0,Normal,1.0,Normal
2026-05-28 23:20:53,598.2241689975704,0,Database Load,1.0,Database Load
2026-05-29 00:20:53,413.7873245187189,0,Network Traffic,0.99,Network Traffic
2026-05-29 01:20:53,432.6040033385016,0,Idle Resources,1.0,Idle Resources
2026-05-29 02:20:53,394.6185818221229,0,Auto Scaling,1.0,Auto Scaling
2026-05-29 03:20:53,472.1870871330548,0,Auto Scaling,1.0,Auto Scaling
2026-05-29 04:20:53,325.9458503982515,0,Normal,1.0,Normal
2026-05-29 05:20:53,374.837000429634,0,Normal,1.0,Normal
2026-05-29 06:20:53,370.4838793129008,0,Network Traffic,1.0,Network Traffic
2026-05-29 07:20:53,382.9968589145667,0,Auto Scaling,1.0,Auto Scaling
2026-05-29 08:20:53,402.8950936259864,0,Auto Scaling,1.0,Auto Scaling
2026-05-29 09:20:53,390.6702947214672,0,Storage Growth,0.99,Storage Growth
2026-05-29 10:20:53,303.5013639357348,0,Normal,1.0,Normal
2026-05-29 11:20:53,405.820711350728,0,Storage Growth,1.0,Storage Growth
2026-05-29 12:20:53,355.10171976153055,0,Normal,1.0,Normal
2026-05-29 13:20:53,301.7678495104948,0,Auto Scaling,0.98,Auto Scaling
2026-05-29 14:20:53,412.9264172686471,0,Normal,0.99,Normal
2026-05-29 15:20:53,392.3478022373831,0,Normal,1.0,Normal
2026-05-29 16:20:53,411.16627926220497,0,Idle Resources,0.99,Idle Resources
2026-05-29 17:20:53,420.5941240513631,0,Normal,1.0,Normal
2026-05-29 18:20:53,648.9377527615002,1,Database Load,1.0,Database Load
2026-05-29 19:20:53,385.8895484006866,0,Normal,0.99,Normal
2026-05-29 20:20:53,291.25194647497324,0,Normal,1.0,Normal
2026-05-29 21:20:53,277.56167152548903,0,Normal,1.0,Normal
2026-05-29 22:20:53,416.1301334612796,0,Normal,1.0,Normal
2026-05-29 23:20:53,316.26406090496897,0,Normal,0.99,Normal
2026-05-30 00:20:53,434.0059269378801,0,Normal,1.0,Normal
2026-05-30 01:20:53,349.2454419789279,0,Normal,0.88,Normal
2026-05-30 02:20:53,454.7960629590767,0,Backup/Snapshot Growth,1.0,Backup/Snapshot Growth
2026-05-30 03:20:53,365.37248910693785,0,Network Traffic,1.0,Network Traffic
2026-05-30 04:20:53,494.17858631395984,0,Database Load,1.0,Database Load
2026-05-30 05:20:53,435.56475343944425,0,Network Traffic,0.99,Network Traffic
2026-05-30 06:20:53,375.31516275022966,0,Normal,1.0,Normal
2026-05-30 07:20:53,285.1194567552972,0,Normal,1.0,Normal
2026-05-30 08:20:53,476.6983927695899,0,Normal,0.96,Normal
2026-05-30 09:20:53,344.4870106546613,0,Network Traffic,1.0,Network Traffic
2026-05-30 10:20:53,482.2800640526861,0,Idle Resources,1.0,Idle Resources
2026-05-30 11:20:53,280.4332814294183,0,Storage Growth,0.99,Storage Growth
2026-05-30 12:20:53,432.6564143005594,0,Network Traffic,1.0,Network Traffic
2026-05-30 13:20:53,333.80432751440867,0,Network Traffic,1.0,Network Traffic
2026-05-30 14:20:53,348.95698635932,0,Network Traffic,1.0,Network Traffic
2026-05-30 15:20:53,426.9072117638667,0,Idle Resources,1.0,Idle Resources
2026-05-30 16:20:53,544.9511111581973,0,Backup/Snapshot Growth,1.0,Backup/Snapshot Growth
2026-05-30 17:20:53,317.78388858437586,0,Normal,1.0,Normal
2026-05-30 18:20:53,259.65916700433047,0,Normal,1.0,Normal
2026-05-30 19:20:53,430.6997046766159,0,Storage Growth,0.99,Storage Growth
2026-05-30 20:20:53,374.1437491701688,0,Normal,1.0,Normal
2026-05-30 21:20:53,396.2143319916187,0,Normal,1.0,Normal
2026-05-30 22:20:53,451.4992731779493,0,Database Load,1.0,Database Load
2026-05-30 23:20:53,652.6305179035081,0,Database Load,1.0,Database Load
2026-05-31 00:20:53,447.70606206792576,0,Auto Scaling,1.0,Auto Scaling
2026-05-31 01:20:53,348.86337483639574,0,Idle Resources,1.0,Idle Resources
2026-05-31 02:20:53,288.6352296268887,0,Normal,1.0,Normal
2026-05-31 03:20:53,618.5468140613164,0,Backup/Snapshot Growth,1.0,Backup/Snapshot Growth
2026-05-31 04:20:53,578.6654537194001,0,Database Load,1.0,Database Load
2026-05-31 05:20:53,367.4457819769168,0,Normal,1.0,Normal
2026-05-31 06:20:53,249.0215674362508,0,Normal,1.0,Normal
2026-05-31 07:20:53,312.5529200178777,0,Network Traffic,1.0,Network Traffic
2026-05-31 08:20:53,422.05181847985136,0,Normal,1.0,Normal
2026-05-31 09:20:53,360.4342737427398,0,Network Traffic,1.0,Network Traffic
2026-05-31 10:20:53,552.9184252463845,0,Backup/Snapshot Growth,1.0,Backup/Snapshot Growth
2026-05-31 11:20:53,308.9408888681292,0,Storage Growth,1.0,Storage Growth
2026-05-31 12:20:53,385.45594047009126,0,Normal,1.0,Normal
2026-05-31 13:20:53,382.2910985603803,0,Normal,1.0,Normal
2026-05-31 14:20:53,342.0027176466009,0,Normal,0.99,Normal
2026-05-31 15:20:53,326.32234986331576,0,Idle Resources,0.98,Idle Resources
2026-05-31 16:20:53,374.99716275016726,0,Normal,1.0,Normal
2026-05-31 17:20:53,345.89317556952057,0,Network Traffic,1.0,Network Traffic
2026-05-31 18:20:53,524.7475364900749,0,Backup/Snapshot Growth,1.0,Backup/Snapshot Growth
2026-05-31 19:20:53,567.0022755163317,0,Database Load,1.0,Database Load
2026-05-31 20:20:53,294.73629394405475,0,Normal,1.0,Normal
2026-05-31 21:20:53,319.719809081558,0,Normal,1.0,Normal
2026-05-31 22:20:53,397.6899032286468,0,Normal,0.99,Normal
2026-05-31 23:20:53,383.6978045344173,0,Network Traffic,1.0,Network Traffic
2026-06-01 00:20:53,424.8540894914952,0,Normal,1.0,Normal
2026-06-01 01:20:53,303.20191302068366,0,Normal,1.0,Normal
2026-06-01 02:20:53,398.1301306537428,0,Normal,1.0,Normal
2026-06-01 03:20:53,257.59362654212003,0,Normal,0.94,Normal
2026-06-01 04:20:53,520.1495446516165,0,Auto Scaling,1.0,Auto Scaling
2026-06-01 05:20:53,352.87728297299924,0,Normal,1.0,Normal
2026-06-01 06:20:53,495.69396824716017,0,Backup/Snapshot Growth,1.0,Backup/Snapshot Growth
2026-06-01 07:20:53,304.9139003273808,0,Network Traffic,1.0,Network Traffic
2026-06-01 08:20:53,436.90345419088754,0,Normal,0.99,Normal
2026-06-01 09:20:53,383.3147297425088,0,Idle Resources,0.74,Idle Resources
2026-06-01 10:20:53,338.8880653027674,0,Normal,1.0,Normal
2026-06-01 11:20:53,334.8291353092592,0,Idle Resources,0.99,Idle Resources
2026-06-01 12:20:53,378.1585203317391,0,Normal,1.0,Normal
2026-06-01 13:20:53,300.3262194979976,0,Normal,1.0,Normal
2026-06-01 14:20:53,303.2204761276005,0,Normal,1.0,Normal
2026-06-01 15:20:53,411.783937753194,0,Normal,1.0,Normal
2026-06-01 16:20:53,349.40701755767583,0,Auto Scaling,1.0,Auto Scaling
2026-06-01 17:20:53,349.75562967642634,0,Auto Scaling,1.0,Auto Scaling
2026-06-01 18:20:53,470.0503566940465,0,Network Traffic,0.99,Network Traffic
2026-06-01 19:20:53,404.27008268884185,0,Auto Scaling,1.0,Auto Scaling
2026-06-01 20:20:53,346.1175648525608,0,Storage Growth,1.0,Storage Growth
2026-06-01 21:20:53,615.7820442188214,1,Database Load,1.0,Database Load
2026-06-01 22:20:53,351.6902693416215,0,Idle Resources,1.0,Idle Resources
2026-06-01 23:20:53,307.0331512223584,0,Normal,1.0,Normal
2026-06-02 00:20:53,632.5918550718385,1,Database Load,1.0,Database Load
2026-06-02 01:20:53,343.484040926028,0,Idle Resources,0.98,Idle Resources
2026-06-02 02:20:53,466.9187653172096,0,Idle Resources,1.0,Idle Resources
2026-06-02 03:20:53,278.6695340154667,0,Normal,1.0,Normal
2026-06-02 04:20:53,317.3046425872937,0,Normal,1.0,Normal
2026-06-02 05:20:53,305.4568709767996,0,Normal,1.0,Normal
2026-06-02 06:20:53,475.66268860707,0,Storage Growth,0.99,Storage Growth
2026-06-02 07:20:53,366.7846396948312,0,Normal,0.98,Normal
2026-06-02 08:20:53,351.4665280775376,0,Normal,1.0,Normal
2026-06-02 09:20:53,355.2475735404621,0,Auto Scaling,1.0,Auto Scaling
2026-06-02 10:20:53,388.317281324184,0,Normal,1.0,Normal
2026-06-02 11:20:53,278.2826772511072,0,Normal,1.0,Normal
2026-06-02 12:20:53,415.6737547747033,0,Normal,1.0,Normal
2026-06-02 13:20:53,456.01288153538894,0,Idle Resources,1.0,Idle Resources
2026-06-02 14:20:53,518.9519638587417,1,Idle Resources,1.0,Idle Resources
2026-06-02 15:20:53,324.1719444961768,0,Normal,1.0,Normal
2026-06-02 16:20:53,354.95519525275495,0,Normal,1.0,Normal
2026-06-02 17:20:53,377.878820311492,0,Idle Resources,0.99,Idle Resources
2026-06-02 18:20:53,275.55509286434614,0,Normal,1.0,Normal
2026-06-02 19:20:53,368.36042649682594,0,Database Load,0.94,Database Load
2026-06-02 20:20:53,331.35633544015275,0,Network Traffic,1.0,Network Traffic
2026-06-02 21:20:53,297.8996210089667,0,Network Traffic,1.0,Network Traffic
2026-06-02 22:20:53,354.4792876853361,0,Normal,0.97,Normal
2026-06-02 23:20:53,263.66482441685224,0,Normal,1.0,Normal
2026-06-03 00:20:53,394.0503667564051,0,Normal,1.0,Normal
2026-06-03 01:20:53,490.6252988054947,0,Idle Resources,1.0,Idle Resources
2026-06-03 02:20:53,451.4828248785621,0,Idle Resources,1.0,Idle Resources
2026-06-03 03:20:53,361.0430962985266,0,Auto Scaling,1.0,Auto Scaling
2026-06-03 04:20:53,430.6442866799852,0,Normal,1.0,Normal
2026-06-03 05:20:53,345.5983540722456,0,Auto Scaling,1.0,Auto Scaling
2026-06-03 06:20:53,338.0352279155753,0,Normal,1.0,Normal
2026-06-03 07:20:53,324.7797501398916,0,Normal,1.0,Normal
2026-06-03 08:20:53,347.3311727361526,0,Normal,1.0,Normal
2026-06-03 09:20:53,499.3497338064233,0,Idle Resources,1.0,Idle Resources
2026-06-03 10:20:53,630.9498534330356,0,Database Load,1.0,Database Load
2026-06-03 11:20:53,430.0429027284157,0,Network Traffic,1.0,Network Traffic
2026-06-03 12:20:53,313.3570193661065,0,Normal,1.0,Normal
2026-06-03 13:20:53,429.4575987291437,0,Normal,0.99,Normal
2026-06-03 14:20:53,393.44815807306,0,Normal,1.0,Normal
2026-06-03 15:20:53,395.209886238243,0,Storage Growth,1.0,Storage Growth
2026-06-03 16:20:53,330.1162396309636,0,Auto Scaling,1.0,Auto Scaling
2026-06-03 17:20:53,441.5873924107803,0,Idle Resources,1.0,Idle Resources
2026-06-03 18:20:53,380.1129032944767,0,Normal,1.0,Normal
2026-06-03 19:20:53,312.8477421052531,0,Normal,1.0,Normal
2026-06-03 20:20:53,581.1320159779123,1,Backup/Snapshot Growth,1.0,Backup/Snapshot Growth
2026-06-03 21:20:53,486.1884036633292,0,Backup/Snapshot Growth,0.99,Backup/Snapshot Growth
2026-06-03 22:20:53,377.9459321557252,0,Normal,0.99,Normal
2026-06-03 23:20:53,333.1315305360701,0,Normal,1.0,Normal
2026-06-04 00:20:53,418.7151150831305,0,Idle Resources,1.0,Idle Resources
2026-06-04 01:20:53,449.47369864472944,0,Normal,0.93,Normal
2026-06-04 02:20:53,292.7664131082417,0,Normal,1.0,Normal
2026-06-04 03:20:53,245.70681581428784,0,Normal,0.99,Normal
2026-06-04 04:20:53,267.74816684475024,0,Normal,1.0,Normal
2026-06-04 05:20:53,229.68864213831287,0,Normal,1.0,Normal
2026-06-04 06:20:53,281.18821838327,0,Auto Scaling,1.0,Auto Scaling
2026-06-04 07:20:53,336.31125600087904,0,Normal,1.0,Normal
2026-06-04 08:20:53,446.7548790164215,0,Database Load,1.0,Database Load
2026-06-04 09:20:53,362.5418874785597,0,Normal,1.0,Normal
2026-06-04 10:20:53,547.3855087648578,0,Database Load,1.0,Database Load
2026-06-04 11:20:53,354.9848682259608,0,Network Traffic,1.0,Network Traffic
2026-06-04 12:20:53,440.4820900580603,0,Database Load,1.0,Database Load
2026-06-04 13:20:53,366.3896074727247,0,Normal,1.0,Normal
2026-06-04 14:20:53,305.37801230575565,0,Normal,1.0,Normal
2026-06-04 15:20:53,468.5690645792937,0,Auto Scaling,1.0,Auto Scaling
2026-06-04 16:20:53,328.5683068558975,0,Normal,1.0,Normal
2026-06-04 17:20:53,344.71215769515135,0,Normal,1.0,Normal
2026-06-04 18:20:53,315.9608961039201,0,Normal,1.0,Normal
2026-06-04 19:20:53,376.7053834733685,0,Idle Resources,1.0,Idle Resources
2026-06-04 20:20:53,309.53799151500266,0,Normal,1.0,Normal
2026-06-04 21:20:53,475.33726529553695,0,Idle Resources,1.0,Idle Resources
2026-06-04 22:20:53,257.2635519213572,0,Normal,1.0,Normal
2026-06-04 23:20:53,523.1293625586165,0,Backup/Snapshot Growth,1.0,Backup/Snapshot Growth
2026-06-05 00:20:53,388.46219272585694,0,Normal,1.0,Normal
2026-06-05 01:20:53,363.3401423376315,0,Normal,1.0,Normal
2026-06-05 02:20:53,337.7881474767362,0,Normal,0.95,Normal
2026-06-05 03:20:53,507.2378416361792,1,Idle Resources,1.0,Idle Resources
2026-06-05 04:20:53,311.787511958049,0,Normal,0.98,Normal
2026-06-05 05:20:53,286.88999572221354,0,Normal,1.0,Normal
2026-06-05 06:20:53,391.80548886834606,0,Normal,1.0,Normal
2026-06-05 07:20:53,285.25517700114625,0,Network Traffic,1.0,Network Traffic
2026-06-05 08:20:53,360.18743312851336,0,Normal,1.0,Normal
2026-06-05 09:20:53,343.6784059814084,0,Normal,1.0,Normal
2026-06-05 10:20:53,389.2948333272778,0,Normal,1.0,Normal
2026-06-05 11:20:53,331.57069475568767,0,Normal,1.0,Normal
2026-06-05 12:20:53,412.3710118955876,0,Normal,1.0,Normal
2026-06-05 13:20:53,616.4164749684275,1,Database Load,1.0,Database Load
2026-06-05 14:20:53,346.140671110702,0,Normal,1.0,Normal
2026-06-05 15:20:53,398.2692670328077,0,Auto Scaling,1.0,Auto Scaling
2026-06-05 16:20:53,345.8123636516403,0,Normal,1.0,Normal
2026-06-05 17:20:53,432.9639084406576,0,Normal,0.99,Normal
2026-06-05 18:20:53,383.9582886741737,0,Normal,1.0,Normal
2026-06-05 19:20:53,348.1304185472178,0,Network Traffic,1.0,Network Traffic
2026-06-05 20:20:53,447.8929882164011,0,Auto Scaling,1.0,Auto Scaling
2026-06-05 21:20:53,309.2046163363201,0,Normal,1.0,Normal
2026-06-05 22:20:53,490.89432353489474,0,Backup/Snapshot Growth,1.0,Backup/Snapshot Growth
2026-06-05 23:20:53,435.20778164651705,0,Idle Resources,1.0,Idle Resources
2026-06-06 00:20:53,415.2301086655912,0,Auto Scaling,0.99,Auto Scaling
2026-06-06 01:20:53,281.19681077902777,0,Normal,1.0,Normal
2026-06-06 02:20:53,426.5899709714858,0,Normal,0.81,Normal
2026-06-06 03:20:53,419.6423385892104,0,Auto Scaling,1.0,Auto Scaling
2026-06-06 04:20:53,368.0374517739977,0,Normal,1.0,Normal
2026-06-06 05:20:53,387.58968968756034,0,Auto Scaling,1.0,Auto Scaling
2026-06-06 06:20:53,430.1023606575697,0,Network Traffic,0.99,Network Traffic
2026-06-06 07:20:53,198.3757050939358,0,Normal,1.0,Normal
2026-06-06 08:20:53,450.3156953326412,0,Backup/Snapshot Growth,0.98,Backup/Snapshot Growth
2026-06-06 09:20:53,286.772819623924,0,Normal,1.0,Normal
2026-06-06 10:20:53,384.522702463875,0,Normal,1.0,Normal
2026-06-06 11:20:53,384.12771730760153,0,Normal,1.0,Normal
2026-06-06 12:20:53,433.9321009749239,0,Normal,0.99,Normal
2026-06-06 13:20:53,345.21357033096854,0,Normal,1.0,Normal
2026-06-06 14:20:53,239.16223276581863,0,Normal,1.0,Normal
2026-06-06 15:20:53,261.3143932874725,0,Normal,1.0,Normal
2026-06-06 16:20:53,369.13333384279815,0,Storage Growth,1.0,Storage Growth
2026-06-06 17:20:53,368.4883163364717,0,Idle Resources,1.0,Idle Resources
2026-06-06 18:20:53,318.56520620464926,0,Idle Resources,0.99,Idle Resources
2026-06-06 19:20:53,329.8476931810574,0,Network Traffic,1.0,Network Traffic
2026-06-06 20:20:53,449.2638653299789,0,Normal,0.99,Normal
2026-06-06 21:20:53,446.7903604301951,0,Database Load,1.0,Database Load
2026-06-06 22:20:53,496.85711743116303,0,Idle Resources,1.0,Idle Resources
2026-06-06 23:20:53,335.2283696024376,0,Normal,1.0,Normal
2026-06-07 00:20:53,328.4357037802493,0,Normal,1.0,Normal
2026-06-07 01:20:53,419.9397470010806,0,Idle Resources,1.0,Idle Resources
2026-06-07 02:20:53,349.88777369521864,0,Normal,1.0,Normal
2026-06-07 03:20:53,410.9685252868896,0,Normal,1.0,Normal
2026-06-07 04:20:53,324.8318998806674,0,Normal,1.0,Normal
2026-06-07 05:20:53,469.89047391344,0,Idle Resources,1.0,Idle Resources
2026-06-07 06:20:53,291.47574365635955,0,Normal,1.0,Normal
2026-06-07 07:20:53,449.63343967501294,0,Idle Resources,1.0,Idle Resources
2026-06-07 08:20:53,459.0357879866568,0,Auto Scaling,0.99,Auto Scaling
2026-06-07 09:20:53,398.5515431554355,0,Network Traffic,1.0,Network Traffic
2026-06-07 10:20:53,349.2898385269981,0,Normal,1.0,Normal
2026-06-07 11:20:53,464.92430476670745,0,Database Load,1.0,Database Load
2026-06-07 12:20:53,496.57129802873175,0,Idle Resources,1.0,Idle Resources
2026-06-07 13:20:53,509.013601687336,0,Database Load,1.0,Database Load
2026-06-07 14:20:53,397.0937431112899,0,Network Traffic,1.0,Network Traffic
2026-06-07 15:20:53,270.0303382144349,0,Normal,0.99,Normal
2026-06-07 16:20:53,316.50778233314725,0,Idle Resources,1.0,Idle Resources
2026-06-07 17:20:53,324.4030099405432,0,Auto Scaling,1.0,Auto Scaling
2026-06-07 18:20:53,424.36387237430085,0,Network Traffic,1.0,Network Traffic
2026-06-07 19:20:53,518.2194599939844,0,Backup/Snapshot Growth,1.0,Backup/Snapshot Growth
2026-06-07 20:20:53,383.6784797325201,0,Normal,0.99,Normal
2026-06-07 21:20:53,507.1143498760874,0,Database Load,1.0,Database Load
2026-06-07 22:20:53,597.8047140635132,0,Database Load,1.0,Database Load
2026-06-07 23:20:53,311.9444265978445,0,Normal,0.99,Normal
2026-06-08 00:20:53,333.7963937247184,0,Network Traffic,0.99,Network Traffic
2026-06-08 01:20:53,407.30962334231606,0,Normal,1.0,Normal
2026-06-08 02:20:53,334.8570526338591,0,Normal,1.0,Normal
2026-06-08 03:20:53,523.288882713384,0,Database Load,1.0,Database Load
2026-06-08 04:20:53,320.405312794683,0,Normal,0.99,Normal
2026-06-08 05:20:53,366.9317380624322,0,Normal,1.0,Normal
2026-06-08 06:20:53,453.62144533672,0,Normal,0.81,Normal
2026-06-08 07:20:53,303.7368691500776,0,Network Traffic,1.0,Network Traffic
2026-06-08 08:20:53,303.0898721164439,0,Network Traffic,1.0,Network Traffic
2026-06-08 09:20:53,432.5824826987673,0,Normal,1.0,Normal
2026-06-08 10:20:53,317.4061546170757,0,Normal,1.0,Normal
2026-06-08 11:20:53,288.4403328767128,0,Normal,1.0,Normal
2026-06-08 12:20:53,372.7544134660732,0,Auto Scaling,1.0,Auto Scaling
2026-06-08 13:20:53,370.7649385959072,0,Auto Scaling,1.0,Auto Scaling
2026-06-08 14:20:53,389.2486199931693,0,Network Traffic,1.0,Network Traffic
2026-06-08 15:20:53,253.2627873282164,0,Normal,1.0,Normal
2026-06-08 16:20:53,267.6734044351824,0,Normal,1.0,Normal
2026-06-08 17:20:53,545.0888738415005,0,Database Load,1.0,Database Load
2026-06-08 18:20:53,446.1869723472384,0,Database Load,1.0,Database Load
2026-06-08 19:20:53,355.9462672933611,0,Normal,1.0,Normal
2026-06-08 20:20:53,300.75426630910306,0,Network Traffic,1.0,Network Traffic
2026-06-08 21:20:53,215.38381077203013,0,Normal,1.0,Normal
2026-06-08 22:20:53,299.7174203880832,0,Auto Scaling,1.0,Auto Scaling
2026-06-08 23:20:53,414.1333079092298,0,Normal,1.0,Normal
2026-06-09 00:20:53,355.2706748338252,0,Normal,1.0,Normal
2026-06-09 01:20:53,416.35715064401217,0,Network Traffic,1.0,Network Traffic
2026-06-09 02:20:53,291.6553524829422,0,Normal,0.99,Normal
2026-06-09 03:20:53,331.0531253785164,0,Normal,1.0,Normal
2026-06-09 04:20:53,330.56392622144057,0,Normal,1.0,Normal
2026-06-09 05:20:53,400.28705405267743,0,Idle Resources,0.92,Idle Resources
2026-06-09 06:20:53,638.8849256842979,1,Database Load,1.0,Database Load
2026-06-09 07:20:53,366.34430776170217,0,Network Traffic,1.0,Network Traffic
2026-06-09 08:20:53,418.0681421442076,0,Auto Scaling,1.0,Auto Scaling
2026-06-09 09:20:53,452.0949531586453,0,Auto Scaling,1.0,Auto Scaling
2026-06-09 10:20:53,542.7962860426488,0,Database Load,1.0,Database Load
2026-06-09 11:20:53,341.8903548962059,0,Network Traffic,1.0,Network Traffic
2026-06-09 12:20:53,404.8597429610031,0,Idle Resources,1.0,Idle Resources
2026-06-09 13:20:53,306.9869270488876,0,Normal,1.0,Normal
2026-06-09 14:20:53,378.2026868788471,0,Idle Resources,1.0,Idle Resources
2026-06-09 15:20:53,355.29533465928864,0,Storage Growth,0.99,Storage Growth
2026-06-09 16:20:53,304.20706849215424,0,Normal,1.0,Normal
2026-06-09 17:20:53,406.9007131131043,0,Idle Resources,1.0,Idle Resources
2026-06-09 18:20:53,402.8737324431816,0,Idle Resources,1.0,Idle Resources
2026-06-09 19:20:53,348.06148624322805,0,Normal,1.0,Normal
2026-06-09 20:20:53,407.3474309469923,0,Normal,1.0,Normal
2026-06-09 21:20:53,297.7897964793138,0,Normal,1.0,Normal
2026-06-09 22:20:53,364.5300842818285,0,Normal,1.0,Normal
2026-06-09 23:20:53,339.9767707215256,0,Normal,1.0,Normal
2026-06-10 00:20:53,429.6603188583037,0,Backup/Snapshot Growth,0.97,Backup/Snapshot Growth
2026-06-10 01:20:53,428.4568092539664,0,Normal,0.97,Normal
2026-06-10 02:20:53,354.0477406789128,0,Normal,1.0,Normal
2026-06-10 03:20:53,289.15397788184254,0,Normal,1.0,Normal
2026-06-10 04:20:53,336.5782448358581,0,Idle Resources,1.0,Idle Resources
2026-06-10 05:20:53,535.8600350919456,0,Backup/Snapshot Growth,1.0,Backup/Snapshot Growth
2026-06-10 06:20:53,300.79991210470223,0,Normal,1.0,Normal
2026-06-10 07:20:53,385.8305195583473,0,Normal,1.0,Normal
2026-06-10 08:20:53,485.9765056122328,0,Backup/Snapshot Growth,1.0,Backup/Snapshot Growth
2026-06-10 09:20:53,309.3239546091334,0,Network Traffic,1.0,Network Traffic
2026-06-10 10:20:53,271.0245075798186,0,Normal,1.0,Normal
2026-06-10 11:20:53,284.10350546387184,0,Normal,1.0,Normal
2026-06-10 12:20:53,385.3764432534528,0,Normal,1.0,Normal
2026-06-10 13:20:53,443.6920189211394,1,Network Traffic,1.0,Network Traffic
2026-06-10 14:20:53,359.92381407407123,0,Normal,1.0,Normal
2026-06-10 15:20:53,209.85958205392257,0,Normal,1.0,Normal
2026-06-10 16:20:53,364.0070285227769,0,Normal,1.0,Normal
2026-06-10 17:20:53,545.2064764868559,1,Idle Resources,1.0,Idle Resources
2026-06-10 18:20:53,372.7041422221152,0,Idle Resources,1.0,Idle Resources
2026-06-10 19:20:53,340.47019316026336,0,Auto Scaling,1.0,Auto Scaling
2026-06-10 20:20:53,257.0717373752765,0,Normal,1.0,Normal
2026-06-10 21:20:53,347.0207168043761,0,Storage Growth,1.0,Storage Growth
2026-06-10 22:20:53,351.7620232284971,0,Normal,1.0,Normal
2026-06-10 23:20:53,353.03123114917247,0,Normal,0.99,Normal
2026-06-11 00:20:53,328.047969343363,0,Normal,1.0,Normal
2026-06-11 01:20:53,399.046475018643,0,Network Traffic,1.0,Network Traffic
2026-06-11 02:20:53,336.7911257620391,0,Normal,1.0,Normal
2026-06-11 03:20:53,367.680688428907,0,Network Traffic,1.0,Network Traffic
2026-06-11 04:20:53,285.3202357015623,0,Normal,1.0,Normal
2026-06-11 05:20:53,397.83895335262974,0,Network Traffic,1.0,Network Traffic
2026-06-11 06:20:53,308.9182883772169,0,Normal,1.0,Normal
2026-06-11 07:20:53,281.0339514536334,0,Normal,1.0,Normal
2026-06-11 08:20:53,336.18158544370283,0,Database Load,0.84,Database Load
2026-06-11 09:20:53,441.4380884708813,0,Normal,0.99,Normal
2026-06-11 10:20:53,339.5181269822942,0,Auto Scaling,1.0,Auto Scaling
2026-06-11 11:20:53,308.41835945543613,0,Normal,1.0,Normal
2026-06-11 12:20:53,588.834710065817,1,Backup/Snapshot Growth,1.0,Backup/Snapshot Growth
2026-06-11 13:20:53,319.74086151230915,0,Normal,1.0,Normal
2026-06-11 14:20:53,275.955546951365,0,Normal,0.99,Normal
2026-06-11 15:20:53,519.6532063166227,0,Database Load,1.0,Database Load
2026-06-11 16:20:53,503.7849488270391,0,Database Load,1.0,Database Load
2026-06-11 17:20:53,301.30446157884194,0,Normal,0.97,Normal
2026-06-11 18:20:53,563.9155722006183,0,Database Load,0.97,Database Load
2026-06-11 19:20:53,297.12259925921643,0,Normal,1.0,Normal
2026-06-11 20:20:53,315.2504901301336,0,Auto Scaling,1.0,Auto Scaling
2026-06-11 21:20:53,365.0352086006359,0,Storage Growth,1.0,Storage Growth
2026-06-11 22:20:53,342.45734395800616,0,Storage Growth,0.99,Storage Growth
2026-06-11 23:20:53,316.12374874730614,0,Normal,0.99,Normal
2026-06-12 00:20:53,383.8286534717778,0,Network Traffic,1.0,Network Traffic
2026-06-12 01:20:53,348.73665850455774,0,Normal,1.0,Normal
2026-06-12 02:20:53,508.27566854698085,0,Database Load,1.0,Database Load
2026-06-12 03:20:53,386.3148649938119,0,Normal,1.0,Normal
2026-06-12 04:20:53,437.4822111557477,0,Idle Resources,1.0,Idle Resources
2026-06-12 05:20:53,295.4494814340482,0,Normal,1.0,Normal
2026-06-12 06:20:53,305.4933065617605,0,Normal,1.0,Normal
2026-06-12 07:20:53,376.4722003562316,0,Network Traffic,1.0,Network Traffic
2026-06-12 08:20:53,281.2335307969752,0,Normal,1.0,Normal
2026-06-12 09:20:53,392.71500958408575,0,Idle Resources,1.0,Idle Resources
2026-06-12 10:20:53,300.11332571664207,0,Normal,1.0,Normal
2026-06-12 11:20:53,519.1613006453517,0,Database Load,1.0,Database Load
2026-06-12 12:20:53,471.5833919141344,0,Database Load,1.0,Database Load
2026-06-12 13:20:53,407.51900560119736,0,Backup/Snapshot Growth,0.93,Backup/Snapshot Growth
2026-06-12 14:20:53,322.71999322170626,0,Normal,1.0,Normal
2026-06-12 15:20:53,586.1914256741867,0,Database Load,1.0,Database Load
2026-06-12 16:20:53,400.1233604598888,0,Normal,1.0,Normal
2026-06-12 17:20:53,444.4047485860923,0,Auto Scaling,1.0,Auto Scaling
2026-06-12 18:20:53,602.7604732839071,1,Backup/Snapshot Growth,1.0,Backup/Snapshot Growth
2026-06-12 19:20:53,393.5881451937242,0,Idle Resources,0.97,Idle Resources
2026-06-12 20:20:53,501.9954526354918,0,Database Load,1.0,Database Load
2026-06-12 21:20:53,364.7338195950464,0,Storage Growth,1.0,Storage Growth
2026-06-12 22:20:53,434.3362387361798,0,Idle Resources,1.0,Idle Resources
2026-06-12 23:20:53,404.1817266168943,0,Normal,1.0,Normal
2026-06-13 00:20:53,353.781835524346,0,Network Traffic,0.99,Network Traffic
2026-06-13 01:20:53,310.3670943152717,0,Normal,1.0,Normal
2026-06-13 02:20:53,403.184502613494,0,Idle Resources,1.0,Idle Resources
2026-06-13 03:20:53,408.0252446183495,0,Database Load,1.0,Database Load
2026-06-13 04:20:53,358.4847863390068,0,Storage Growth,0.91,Storage Growth
2026-06-13 05:20:53,415.50398744330585,0,Normal,1.0,Normal
2026-06-13 06:20:53,409.5111538635077,0,Normal,1.0,Normal
2026-06-13 07:20:53,284.597227043437,0,Normal,1.0,Normal
2026-06-13 08:20:53,367.3710108047712,0,Normal,1.0,Normal
2026-06-13 09:20:53,547.8499318850647,0,Database Load,1.0,Database Load
2026-06-13 10:20:53,313.109758470578,0,Normal,1.0,Normal
2026-06-13 11:20:53,375.75513581252665,0,Auto Scaling,1.0,Auto Scaling
2026-06-13 12:20:53,294.3516386216874,0,Storage Growth,1.0,Storage Growth
2026-06-13 13:20:53,437.9708190370353,0,Auto Scaling,1.0,Auto Scaling
2026-06-13 14:20:53,435.9196449390243,0,Network Traffic,0.99,Network Traffic
2026-06-13 15:20:53,279.24098096962746,0,Normal,1.0,Normal
2026-06-13 16:20:53,365.8820676968133,0,Network Traffic,0.99,Network Traffic
2026-06-13 17:20:53,300.0569308526401,0,Auto Scaling,1.0,Auto Scaling
2026-06-13 18:20:53,387.5884425718942,0,Auto Scaling,0.99,Auto Scaling
2026-06-13 19:20:53,362.78887825128953,0,Auto Scaling,1.0,Auto Scaling
2026-06-13 20:20:53,499.56343835144577,0,Database Load,1.0,Database Load
2026-06-13 21:20:53,307.45289479754234,0,Normal,1.0,Normal
2026-06-13 22:20:53,552.341553083769,1,Database Load,1.0,Database Load
2026-06-13 23:20:53,318.55052226979024,0,Normal,1.0,Normal
2026-06-14 00:20:53,371.5119537603781,0,Normal,1.0,Normal
2026-06-14 01:20:53,324.6378748297316,0,Normal,1.0,Normal
2026-06-14 02:20:53,521.3081215357159,0,Database Load,1.0,Database Load
2026-06-14 03:20:53,426.27761717374847,0,Idle Resources,0.96,Idle Resources
2026-06-14 04:20:53,324.9791513668387,0,Storage Growth,1.0,Storage Growth
2026-06-14 05:20:53,357.27526346884355,0,Normal,1.0,Normal
2026-06-14 06:20:53,361.3836561256068,0,Network Traffic,1.0,Network Traffic
2026-06-14 07:20:53,404.93396693259774,0,Normal,1.0,Normal
2026-06-14 08:20:53,331.35072251125587,0,Normal,1.0,Normal
2026-06-14 09:20:53,552.9543133231454,1,Backup/Snapshot Growth,1.0,Backup/Snapshot Growth
2026-06-14 10:20:53,284.67206727274424,0,Network Traffic,1.0,Network Traffic
2026-06-14 11:20:53,372.433311337909,0,Normal,1.0,Normal
2026-06-14 12:20:53,569.2915188931551,0,Database Load,1.0,Database Load
2026-06-14 13:20:53,434.7033085719155,0,Normal,1.0,Normal
2026-06-14 14:20:53,326.3305870038939,0,Normal,1.0,Normal
2026-06-14 15:20:53,393.0246658913528,0,Auto Scaling,1.0,Auto Scaling
2026-06-14 16:20:53,311.18605035365493,0,Normal,0.99,Normal
2026-06-14 17:20:53,513.9857196070942,0,Backup/Snapshot Growth,1.0,Backup/Snapshot Growth
2026-06-14 18:20:53,259.11714642521616,0,Normal,1.0,Normal
2026-06-14 19:20:53,329.68126642843504,0,Normal,1.0,Normal
2026-06-14 20:20:53,382.6231799293286,0,Normal,1.0,Normal
2026-06-14 21:20:53,286.90118594576825,0,Normal,1.0,Normal
2026-06-14 22:20:53,387.5188105434987,0,Normal,1.0,Normal
2026-06-14 23:20:53,360.01369627822726,0,Network Traffic,1.0,Network Traffic
2026-06-15 00:20:53,429.37926778719975,0,Storage Growth,0.99,Storage Growth
2026-06-15 01:20:53,322.93779060032386,0,Network Traffic,1.0,Network Traffic
2026-06-15 02:20:53,485.3297763001579,0,Auto Scaling,1.0,Auto Scaling
2026-06-15 03:20:53,385.34894629284736,0,Normal,1.0,Normal
2026-06-15 04:20:53,421.877370648485,0,Idle Resources,1.0,Idle Resources
2026-06-15 05:20:53,474.2874431493634,0,Database Load,0.99,Database Load
2026-06-15 06:20:53,429.26139316192575,0,Idle Resources,1.0,Idle Resources
2026-06-15 07:20:53,380.1732162978049,0,Database Load,1.0,Database Load
2026-06-15 08:20:53,443.97351775849154,0,Auto Scaling,0.99,Auto Scaling
2026-06-15 09:20:53,523.5056926913351,1,Auto Scaling,1.0,Auto Scaling
2026-06-15 10:20:53,444.5697436799653,0,Database Load,1.0,Database Load
2026-06-15 11:20:53,399.4941769644348,0,Normal,1.0,Normal
2026-06-15 12:20:53,556.7228126760921,1,Idle Resources,0.99,Idle Resources
2026-06-15 13:20:53,255.67005490359065,0,Normal,1.0,Normal
2026-06-15 14:20:53,406.97524457193816,0,Network Traffic,1.0,Network Traffic
2026-06-15 15:20:53,368.7422921184004,0,Idle Resources,1.0,Idle Resources
2026-06-15 16:20:53,453.925983895193,0,Idle Resources,1.0,Idle Resources
2026-06-15 17:20:53,312.50158401011674,0,Normal,1.0,Normal
2026-06-15 18:20:53,408.81628236749447,0,Idle Resources,0.99,Idle Resources
2026-06-15 19:20:53,266.50628148055995,0,Normal,1.0,Normal
2026-06-15 20:20:53,349.0404743882134,0,Network Traffic,1.0,Network Traffic
2026-06-15 21:20:53,381.7899910369144,0,Idle Resources,1.0,Idle Resources
2026-06-15 22:20:53,362.2805890564718,0,Normal,1.0,Normal
2026-06-15 23:20:53,471.9416306860021,0,Idle Resources,1.0,Idle Resources
2026-06-16 00:20:53,379.3679114640808,0,Normal,1.0,Normal
2026-06-16 01:20:53,323.18216936537243,0,Idle Resources,1.0,Idle Resources
2026-06-16 02:20:53,335.7697489462048,0,Normal,1.0,Normal
2026-06-16 03:20:53,324.1307251313757,0,Normal,0.99,Normal
2026-06-16 04:20:53,365.7657605566936,0,Normal,0.93,Normal
2026-06-16 05:20:53,361.8283384446713,0,Storage Growth,1.0,Storage Growth
2026-06-16 06:20:53,483.4596827795392,0,Network Traffic,0.98,Network Traffic
2026-06-16 07:20:53,421.1193443404144,0,Idle Resources,1.0,Idle Resources
2026-06-16 08:20:53,269.14309902618373,0,Normal,1.0,Normal
2026-06-16 09:20:53,425.9134994425653,0,Auto Scaling,1.0,Auto Scaling
2026-06-16 10:20:53,307.35625455518505,0,Network Traffic,0.98,Network Traffic
2026-06-16 11:20:53,219.20844964767835,0,Normal,1.0,Normal
2026-06-16 12:20:53,378.8864338714304,0,Network Traffic,1.0,Network Traffic
2026-06-16 13:20:53,387.9920458363072,0,Idle Resources,1.0,Idle Resources
2026-06-16 14:20:53,257.7896587658041,0,Normal,1.0,Normal
2026-06-16 15:20:53,470.2600894064178,0,Normal,0.93,Normal
2026-06-16 16:20:53,394.2594240455769,0,Normal,1.0,Normal
2026-06-16 17:20:53,334.7583591110787,0,Idle Resources,1.0,Idle Resources
2026-06-16 18:20:53,590.0579960177688,0,Database Load,1.0,Database Load
2026-06-16 19:20:53,395.8261932378485,0,Network Traffic,1.0,Network Traffic
2026-06-16 20:20:53,319.6002401597174,0,Normal,1.0,Normal
2026-06-16 21:20:53,391.3641647808977,0,Normal,1.0,Normal
2026-06-16 22:20:53,421.7084648885864,0,Normal,1.0,Normal
2026-06-16 23:20:53,492.5164328919323,1,Auto Scaling,1.0,Auto Scaling
2026-06-17 00:20:53,325.47270114468813,0,Normal,1.0,Normal
2026-06-17 01:20:53,318.57539685828414,0,Normal,0.95,Normal
2026-06-17 02:20:53,235.9133137612457,0,Normal,1.0,Normal
2026-06-17 03:20:53,477.5781741481633,0,Database Load,1.0,Database Load
2026-06-17 04:20:53,417.4883214369317,0,Network Traffic,1.0,Network Traffic
2026-06-17 05:20:53,373.7720377804468,0,Normal,0.99,Normal
2026-06-17 06:20:53,341.02692819011594,0,Storage Growth,1.0,Storage Growth
2026-06-17 07:20:53,415.6410158529994,0,Database Load,1.0,Database Load
2026-06-17 08:20:53,467.2213226152968,0,Normal,0.65,Idle Resources
2026-06-17 09:20:53,468.6559335227401,0,Backup/Snapshot Growth,1.0,Backup/Snapshot Growth
2026-06-17 10:20:53,314.8475261404778,0,Normal,1.0,Normal
2026-06-17 11:20:53,384.34757000974105,0,Network Traffic,1.0,Network Traffic
2026-06-17 12:20:53,465.320403243952,0,Auto Scaling,1.0,Auto Scaling
2026-06-17 13:20:53,316.53573964317684,0,Normal,1.0,Normal
2026-06-17 14:20:53,371.1605848754622,0,Normal,1.0,Normal
2026-06-17 15:20:53,435.7469557609793,0,Normal,0.99,Normal
2026-06-17 16:20:53,362.57090526557226,0,Auto Scaling,1.0,Auto Scaling
2026-06-17 17:20:53,311.66923373586434,0,Normal,1.0,Normal
2026-06-17 18:20:53,467.6886433582204,0,Idle Resources,1.0,Idle Resources
2026-06-17 19:20:53,356.7162767610184,0,Network Traffic,1.0,Network Traffic
2026-06-17 20:20:53,266.08243506722016,0,Normal,1.0,Normal
2026-06-17 21:20:53,347.40855432249907,0,Normal,1.0,Normal
2026-06-17 22:20:53,362.7937088934299,0,Database Load,0.98,Database Load
2026-06-17 23:20:53,274.8335066590771,0,Normal,0.96,Normal
2026-06-18 00:20:53,332.9125151958481,0,Normal,1.0,Normal
2026-06-18 01:20:53,244.1190288658868,0,Auto Scaling,1.0,Auto Scaling
2026-06-18 02:20:53,316.3853191798318,0,Normal,1.0,Normal
2026-06-18 03:20:53,360.6170402374232,0,Normal,1.0,Normal
2026-06-18 04:20:53,533.709815059168,0,Backup/Snapshot Growth,1.0,Backup/Snapshot Growth
2026-06-18 05:20:53,322.58122880862663,0,Normal,1.0,Normal
2026-06-18 06:20:53,363.4370303935526,0,Normal,1.0,Normal
2026-06-18 07:20:53,380.3144655503792,0,Normal,1.0,Normal
2026-06-18 08:20:53,430.1778783387044,0,Idle Resources,0.99,Idle Resources
2026-06-18 09:20:53,336.95594615500795,0,Network Traffic,1.0,Network Traffic
2026-06-18 10:20:53,374.5740331566079,0,Network Traffic,1.0,Network Traffic
2026-06-18 11:20:53,634.6201160624087,0,Database Load,1.0,Database Load
2026-06-18 12:20:53,404.49974491594605,0,Storage Growth,0.99,Storage Growth
2026-06-18 13:20:53,449.9833409156614,0,Network Traffic,1.0,Network Traffic
2026-06-18 14:20:53,315.0964321459612,0,Normal,0.96,Normal
2026-06-18 15:20:53,385.5426217363367,0,Auto Scaling,1.0,Auto Scaling
2026-06-18 16:20:53,346.1014171229079,0,Normal,1.0,Normal
2026-06-18 17:20:53,327.24250653592816,0,Normal,1.0,Normal
2026-06-18 18:20:53,259.4940465641077,0,Normal,1.0,Normal
2026-06-18 19:20:53,326.94105351796253,0,Normal,1.0,Normal
2026-06-18 20:20:53,305.7406824622966,0,Normal,1.0,Normal
2026-06-18 21:20:53,447.4943367327642,0,Idle Resources,0.99,Idle Resources
2026-06-18 22:20:53,368.89614344242375,0,Auto Scaling,1.0,Auto Scaling
2026-06-18 23:20:53,363.2102102365022,0,Normal,1.0,Normal
2026-06-19 00:20:53,513.8277994358401,1,Database Load,1.0,Database Load
2026-06-19 01:20:53,341.8023434439878,0,Storage Growth,1.0,Storage Growth
2026-06-19 02:20:53,533.7773398700139,0,Database Load,1.0,Database Load
2026-06-19 03:20:53,384.96891062101065,0,Normal,1.0,Normal
2026-06-19 04:20:53,338.69431231676464,0,Normal,1.0,Normal
2026-06-19 05:20:53,514.355761376327,1,Idle Resources,1.0,Idle Resources
2026-06-19 06:20:53,332.41904264809426,0,Auto Scaling,1.0,Auto Scaling
2026-06-19 07:20:53,322.8278754354771,0,Normal,1.0,Normal
2026-06-19 08:20:53,350.9748643865795,0,Network Traffic,1.0,Network Traffic
2026-06-19 09:20:53,418.5794084991076,0,Idle Resources,1.0,Idle Resources
2026-06-19 10:20:53,346.21517231984865,0,Auto Scaling,1.0,Auto Scaling
2026-06-19 11:20:53,478.6059035298105,0,Database Load,1.0,Database Load
2026-06-19 12:20:53,430.6434436496994,0,Normal,1.0,Normal
2026-06-19 13:20:53,356.5720961200108,0,Normal,1.0,Normal
2026-06-19 14:20:53,415.87351828262,0,Auto Scaling,1.0,Auto Scaling
2026-06-19 15:20:53,454.27197879148616,0,Database Load,0.99,Database Load
2026-06-19 16:20:53,314.10502991062503,0,Normal,1.0,Normal
2026-06-19 17:20:53,348.866001633072,0,Normal,1.0,Normal
2026-06-19 18:20:53,447.9676403468618,0,Backup/Snapshot Growth,1.0,Backup/Snapshot Growth
2026-06-19 19:20:53,346.6419534493795,0,Normal,1.0,Normal
2026-06-19 20:20:53,647.006448652276,1,Backup/Snapshot Growth,1.0,Backup/Snapshot Growth
2026-06-19 21:20:53,416.747287038697,0,Normal,1.0,Normal
2026-06-19 22:20:53,286.28774742194906,0,Normal,1.0,Normal
2026-06-19 23:20:53,318.2535706729124,0,Normal,1.0,Normal
2026-06-20 00:20:53,375.980430609084,0,Normal,1.0,Normal
2026-06-20 01:20:53,347.5467295374102,0,Auto Scaling,1.0,Auto Scaling
2026-06-20 02:20:53,391.2592303822198,0,Normal,1.0,Normal
2026-06-20 03:20:53,276.8954668825131,1,Network Traffic,1.0,Network Traffic
2026-06-20 04:20:53,328.46153152082815,0,Normal,1.0,Normal
2026-06-20 05:20:53,462.08673588996425,1,Storage Growth,0.94,Storage Growth
2026-06-20 06:20:53,269.7925299244425,0,Normal,1.0,Normal
2026-06-20 07:20:53,361.2982406346047,0,Normal,1.0,Normal
2026-06-20 08:20:53,398.63449278487474,0,Normal,0.97,Normal
2026-06-20 09:20:53,419.1292833515574,0,Normal,0.99,Normal
2026-06-20 10:20:53,330.4152999543969,0,Normal,1.0,Normal
2026-06-20 11:20:53,329.7407220837478,0,Normal,1.0,Normal
2026-06-20 12:20:53,449.4822438499039,0,Normal,0.99,Normal
2026-06-20 13:20:53,269.92123663411803,0,Normal,1.0,Normal
2026-06-20 14:20:53,435.5931612643023,0,Auto Scaling,1.0,Auto Scaling
2026-06-20 15:20:53,277.4769883271488,0,Normal,1.0,Normal
2026-06-20 16:20:53,397.0180660580253,0,Network Traffic,1.0,Network Traffic
2026-06-20 17:20:53,472.81705110440646,0,Idle Resources,1.0,Idle Resources
2026-06-20 18:20:53,497.0538968635019,0,Idle Resources,1.0,Idle Resources
2026-06-20 19:20:53,393.1672228837686,0,Normal,1.0,Normal
2026-06-20 20:20:53,418.7803103285503,0,Normal,1.0,Normal
2026-06-20 21:20:53,380.4379749950608,0,Normal,0.99,Normal
2026-06-20 22:20:53,300.40123056512766,0,Normal,1.0,Normal
2026-06-20 23:20:53,427.308703603189,0,Network Traffic,1.0,Network Traffic
2026-06-21 00:20:53,524.9102529894873,0,Database Load,1.0,Database Load
2026-06-21 01:20:53,345.1020174193733,0,Storage Growth,1.0,Storage Growth
2026-06-21 02:20:53,505.2352744583464,0,Auto Scaling,1.0,Auto Scaling
2026-06-21 03:20:53,379.15374971079166,0,Network Traffic,1.0,Network Traffic
2026-06-21 04:20:53,407.1422013583447,0,Network Traffic,1.0,Network Traffic
2026-06-21 05:20:53,354.24069069270945,0,Storage Growth,1.0,Storage Growth
2026-06-21 06:20:53,404.4533761174228,0,Normal,0.99,Normal
2026-06-21 07:20:53,324.4351549208372,0,Normal,0.97,Normal
2026-06-21 08:20:53,576.2113430412925,0,Database Load,1.0,Database Load
2026-06-21 09:20:53,582.3595171547347,1,Database Load,1.0,Database Load
2026-06-21 10:20:53,242.2002884400748,0,Normal,1.0,Normal
2026-06-21 11:20:53,378.5523795181939,0,Normal,1.0,Normal
2026-06-21 12:20:53,313.6951794207055,0,Network Traffic,1.0,Network Traffic
2026-06-21 13:20:53,431.1734740783013,0,Normal,1.0,Normal
2026-06-21 14:20:53,604.1291039752534,0,Database Load,1.0,Database Load
2026-06-21 15:20:53,589.6325687904255,0,Backup/Snapshot Growth,1.0,Backup/Snapshot Growth
2026-06-21 16:20:53,452.4687896149495,0,Network Traffic,1.0,Network Traffic
2026-06-21 17:20:53,494.35577500837513,0,Backup/Snapshot Growth,1.0,Backup/Snapshot Growth
2026-06-21 18:20:53,317.6945295250765,0,Normal,1.0,Normal
2026-06-21 19:20:53,381.0357365191404,0,Auto Scaling,1.0,Auto Scaling
2026-06-21 20:20:53,471.7633380013352,0,Auto Scaling,1.0,Auto Scaling
2026-06-21 21:20:53,353.19980326924264,0,Normal,1.0,Normal
2026-06-21 22:20:53,345.5208734814486,0,Normal,1.0,Normal
2026-06-21 23:20:53,413.1797300803877,0,Auto Scaling,1.0,Auto Scaling
2026-06-22 00:20:53,329.9111449830678,0,Normal,1.0,Normal
2026-06-22 01:20:53,245.14779606690607,0,Normal,1.0,Normal
2026-06-22 02:20:53,352.52998772542566,0,Normal,1.0,Normal
2026-06-22 03:20:53,608.9871828873412,0,Backup/Snapshot Growth,1.0,Backup/Snapshot Growth
2026-06-22 04:20:53,332.9946440788373,0,Storage Growth,0.98,Storage Growth
2026-06-22 05:20:53,320.1860661727101,0,Network Traffic,1.0,Network Traffic
2026-06-22 06:20:53,304.4836645951611,0,Normal,1.0,Normal
2026-06-22 07:20:53,545.8040228723153,0,Database Load,1.0,Database Load
2026-06-22 08:20:53,599.0290912065129,0,Database Load,0.99,Database Load
2026-06-22 09:20:53,341.0267729401212,0,Normal,0.99,Normal
2026-06-22 10:20:53,283.9005488479269,0,Normal,1.0,Normal
2026-06-22 11:20:53,506.7427278548441,1,Idle Resources,1.0,Idle Resources
2026-06-22 12:20:53,270.84547164512287,0,Network Traffic,1.0,Network Traffic
2026-06-22 13:20:53,443.785115835806,0,Idle Resources,1.0,Idle Resources
2026-06-22 14:20:53,441.0449456008734,0,Auto Scaling,1.0,Auto Scaling
2026-06-22 15:20:53,390.516358810485,0,Network Traffic,1.0,Network Traffic
2026-06-22 16:20:53,447.29517633418766,1,Network Traffic,1.0,Network Traffic
2026-06-22 17:20:53,313.84153346159724,0,Normal,1.0,Normal
2026-06-22 18:20:53,276.9085093485032,0,Normal,1.0,Normal
2026-06-22 19:20:53,395.3285914172272,0,Network Traffic,1.0,Network Traffic
2026-06-22 20:20:53,399.19275182764,0,Idle Resources,1.0,Idle Resources
2026-06-22 21:20:53,266.25028810086826,0,Normal,0.99,Normal
2026-06-22 22:20:53,477.2182811008208,0,Backup/Snapshot Growth,1.0,Backup/Snapshot Growth
2026-06-22 23:20:53,536.4370424728158,1,Idle Resources,1.0,Idle Resources
2026-06-23 00:20:53,267.3637376422707,0,Normal,1.0,Normal
2026-06-23 01:20:53,283.294017106718,0,Normal,1.0,Normal
2026-06-23 02:20:53,317.5730381171528,0,Normal,1.0,Normal
2026-06-23 03:20:53,373.92887957932055,0,Idle Resources,1.0,Idle Resources
2026-06-23 04:20:53,404.691585438011,0,Normal,1.0,Normal
2026-06-23 05:20:53,556.8274759960963,0,Database Load,1.0,Database Load
2026-06-23 06:20:53,375.1733690104145,0,Normal,1.0,Normal
2026-06-23 07:20:53,422.64831096992594,0,Network Traffic,1.0,Network Traffic
2026-06-23 08:20:53,449.092887179729,0,Normal,0.96,Normal
2026-06-23 09:20:53,566.735487832492,0,Database Load,1.0,Database Load
2026-06-23 10:20:53,326.6262936268231,0,Auto Scaling,1.0,Auto Scaling
2026-06-23 11:20:53,583.7211341859488,0,Database Load,1.0,Database Load
2026-06-23 12:20:53,345.33067732099425,0,Normal,0.99,Normal
2026-06-23 13:20:53,358.84886181583374,0,Normal,1.0,Normal
2026-06-23 14:20:53,497.4318000411669,0,Database Load,1.0,Database Load
2026-06-23 15:20:53,415.58874666938107,0,Network Traffic,1.0,Network Traffic
2026-06-23 16:20:53,435.28350397238063,0,Auto Scaling,1.0,Auto Scaling
2026-06-23 17:20:53,416.6781832546486,1,Idle Resources,1.0,Idle Resources
2026-06-23 18:20:53,334.50892970966106,0,Normal,1.0,Normal
2026-06-23 19:20:53,349.3556888650401,0,Storage Growth,1.0,Storage Growth
2026-06-23 20:20:53,342.8269483174794,0,Normal,1.0,Normal
2026-06-23 21:20:53,341.2533212698411,0,Normal,1.0,Normal
2026-06-23 22:20:53,386.1256567244325,0,Normal,1.0,Normal
2026-06-23 23:20:53,247.1860932031408,0,Normal,1.0,Normal
2026-06-24 00:20:53,329.0354218317983,0,Normal,1.0,Normal
2026-06-24 01:20:53,430.6768943772078,0,Normal,1.0,Normal
2026-06-24 02:20:53,379.3922745438711,0,Normal,1.0,Normal
2026-06-24 03:20:53,326.41889243215155,0,Auto Scaling,1.0,Auto Scaling
2026-06-24 04:20:53,362.4267790112408,0,Normal,1.0,Normal
2026-06-24 05:20:53,442.7434949524346,0,Idle Resources,1.0,Idle Resources
2026-06-24 06:20:53,407.2853120607237,0,Database Load,1.0,Database Load
2026-06-24 07:20:53,364.1742096664586,0,Idle Resources,1.0,Idle Resources
2026-06-24 08:20:53,269.50209670354707,0,Normal,1.0,Normal
2026-06-24 09:20:53,328.7542195405088,0,Normal,1.0,Normal
2026-06-24 10:20:53,368.8450709708674,0,Normal,1.0,Normal
2026-06-24 11:20:53,405.25044070402566,0,Auto Scaling,1.0,Auto Scaling
2026-06-24 12:20:53,366.0731095403225,0,Network Traffic,1.0,Network Traffic
2026-06-24 13:20:53,298.25847361848685,0,Normal,1.0,Normal
2026-06-24 14:20:53,370.17501087086606,0,Network Traffic,1.0,Network Traffic
2026-06-24 15:20:53,461.8372016798877,0,Database Load,0.98,Database Load
2026-06-24 16:20:53,442.1993971775929,0,Normal,0.98,Normal
2026-06-24 17:20:53,338.7678464617794,0,Storage Growth,1.0,Storage Growth
2026-06-24 18:20:53,381.2640004636404,0,Network Traffic,1.0,Network Traffic
2026-06-24 19:20:53,445.1944963224935,0,Auto Scaling,1.0,Auto Scaling
2026-06-24 20:20:53,480.1608865100485,0,Backup/Snapshot Growth,1.0,Backup/Snapshot Growth
2026-06-24 21:20:53,455.57259345111817,1,Idle Resources,1.0,Idle Resources
2026-06-24 22:20:53,500.5246692558511,0,Database Load,1.0,Database Load
2026-06-24 23:20:53,423.6736688329334,0,Idle Resources,0.97,Idle Resources
2026-06-25 00:20:53,492.622974554024,0,Backup/Snapshot Growth,0.99,Backup/Snapshot Growth
2026-06-25 01:20:53,404.1486998603247,0,Network Traffic,1.0,Network Traffic
2026-06-25 02:20:53,324.9220643409972,0,Normal,1.0,Normal
2026-06-25 03:20:53,554.5933758540663,0,Database Load,1.0,Database Load
2026-06-25 04:20:53,438.16313142076615,0,Network Traffic,1.0,Network Traffic
2026-06-25 05:20:53,619.9638497795657,1,Database Load,1.0,Database Load
2026-06-25 06:20:53,583.4919243331575,0,Database Load,1.0,Database Load
2026-06-25 07:20:53,351.9650945873654,0,Normal,1.0,Normal
2026-06-25 08:20:53,435.2579066197684,0,Normal,1.0,Normal
2026-06-25 09:20:53,354.8440425820798,0,Network Traffic,1.0,Network Traffic
2026-06-25 10:20:53,403.6242536038966,0,Normal,1.0,Normal
2026-06-25 11:20:53,551.8073841857664,1,Backup/Snapshot Growth,1.0,Backup/Snapshot Growth
2026-06-25 12:20:53,329.03834242376473,0,Normal,0.99,Normal
2026-06-25 13:20:53,540.0495664629162,0,Database Load,1.0,Database Load
2026-06-25 14:20:53,368.810775912062,0,Auto Scaling,1.0,Auto Scaling
2026-06-25 15:20:53,478.2202152895913,0,Network Traffic,0.98,Network Traffic
2026-06-25 16:20:53,232.9762531205135,0,Normal,1.0,Normal
2026-06-25 17:20:53,315.5775265970604,0,Network Traffic,1.0,Network Traffic
2026-06-25 18:20:53,364.77750385604446,0,Normal,1.0,Normal
2026-06-25 19:20:53,352.9474742619079,0,Auto Scaling,0.99,Auto Scaling
2026-06-25 20:20:53,264.1981483434013,0,Network Traffic,1.0,Network Traffic
2026-06-25 21:20:53,420.4340443281092,0,Idle Resources,1.0,Idle Resources
2026-06-25 22:20:53,368.8341875896584,0,Idle Resources,1.0,Idle Resources
2026-06-25 23:20:53,483.6800935487813,0,Database Load,1.0,Database Load
2026-06-26 00:20:53,406.22365826388994,0,Auto Scaling,1.0,Auto Scaling
2026-06-26 01:20:53,476.1461754564632,0,Auto Scaling,1.0,Auto Scaling
2026-06-26 02:20:53,414.7839820250405,0,Network Traffic,1.0,Network Traffic
2026-06-26 03:20:53,343.09593125515744,0,Normal,1.0,Normal
2026-06-26 04:20:53,315.1297906151665,0,Normal,1.0,Normal
2026-06-26 05:20:53,459.21945065084566,0,Auto Scaling,1.0,Auto Scaling
2026-06-26 06:20:53,313.9300537902089,0,Normal,1.0,Normal
2026-06-26 07:20:53,457.5060479331384,0,Auto Scaling,0.98,Auto Scaling
2026-06-26 08:20:53,656.1935136613573,0,Database Load,0.99,Database Load
2026-06-26 09:20:53,655.3907178980601,1,Database Load,1.0,Database Load
2026-06-26 10:20:53,319.3862020443793,0,Normal,1.0,Normal
2026-06-26 11:20:53,391.50992154319215,0,Normal,1.0,Normal
2026-06-26 12:20:53,457.808239555039,0,Auto Scaling,1.0,Auto Scaling
2026-06-26 13:20:53,344.6593343225776,0,Normal,1.0,Normal
2026-06-26 14:20:53,320.8864148598838,0,Network Traffic,1.0,Network Traffic
2026-06-26 15:20:53,425.4969373024619,0,Network Traffic,1.0,Network Traffic
2026-06-26 16:20:53,322.7573172860148,0,Storage Growth,0.99,Storage Growth
2026-06-26 17:20:53,429.8480167010701,0,Normal,1.0,Normal
2026-06-26 18:20:53,331.1172706364252,0,Normal,1.0,Normal
2026-06-26 19:20:53,350.0169200346568,0,Normal,1.0,Normal
2026-06-26 20:20:53,398.3368547802738,0,Normal,1.0,Normal
2026-06-26 21:20:53,430.3947824002591,0,Auto Scaling,1.0,Auto Scaling
2026-06-26 22:20:53,412.3029333650919,0,Normal,1.0,Normal
2026-06-26 23:20:53,450.5034630158127,0,Auto Scaling,0.99,Auto Scaling
2026-06-27 00:20:53,349.62652880490765,0,Normal,0.99,Normal
2026-06-27 01:20:53,347.744322852312,0,Normal,1.0,Normal
2026-06-27 02:20:53,343.41355485972235,0,Normal,1.0,Normal
2026-06-27 03:20:53,576.6041168955774,0,Database Load,1.0,Database Load
2026-06-27 04:20:53,420.14502333250687,0,Idle Resources,1.0,Idle Resources
2026-06-27 05:20:53,551.8458493622998,1,Database Load,1.0,Database Load
2026-06-27 06:20:53,365.86792052233307,0,Normal,1.0,Normal
2026-06-27 07:20:53,411.0050889973952,0,Idle Resources,1.0,Idle Resources
2026-06-27 08:20:53,262.9931169126624,0,Normal,1.0,Normal
2026-06-27 09:20:53,335.34421455409745,0,Normal,1.0,Normal
2026-06-27 10:20:53,324.1538324818801,0,Storage Growth,0.99,Storage Growth
2026-06-27 11:20:53,456.8825952024316,0,Database Load,1.0,Database Load
2026-06-27 12:20:53,232.260398435608,0,Normal,1.0,Normal
2026-06-27 13:20:53,328.80224375089307,0,Normal,1.0,Normal
2026-06-27 14:20:53,316.6101011402095,0,Normal,1.0,Normal
2026-06-27 15:20:53,355.2098517466644,0,Database Load,0.89,Database Load
2026-06-27 16:20:53,362.5544199968307,0,Normal,1.0,Normal
2026-06-27 17:20:53,517.260021862536,0,Idle Resources,1.0,Idle Resources
2026-06-27 18:20:53,353.79497468597435,0,Idle Resources,0.99,Idle Resources
2026-06-27 19:20:53,303.49030845153493,0,Normal,1.0,Normal
2026-06-27 20:20:53,260.3867351819912,0,Normal,1.0,Normal
2026-06-27 21:20:53,431.9712889365272,0,Storage Growth,1.0,Storage Growth
2026-06-27 22:20:53,310.1042258251971,0,Normal,1.0,Normal
2026-06-27 23:20:53,294.0242972051337,0,Normal,1.0,Normal
2026-06-28 00:20:53,333.80247646361335,0,Normal,1.0,Normal
2026-06-28 01:20:53,380.7744271794064,0,Normal,1.0,Normal
2026-06-28 02:20:53,388.3241958304928,0,Storage Growth,1.0,Storage Growth
2026-06-28 03:20:53,375.12709944872034,0,Normal,0.98,Normal
2026-06-28 04:20:53,280.68687988332493,0,Normal,1.0,Normal
2026-06-28 05:20:53,308.74747896432314,0,Normal,1.0,Normal
2026-06-28 06:20:53,446.6057910038113,0,Auto Scaling,1.0,Auto Scaling
2026-06-28 07:20:53,392.73280959193136,0,Database Load,1.0,Database Load
2026-06-28 08:20:53,324.0785497632008,0,Normal,1.0,Normal
2026-06-28 09:20:53,386.7503028227464,0,Normal,1.0,Normal
2026-06-28 10:20:53,359.1972274304073,0,Normal,0.91,Normal
2026-06-28 11:20:53,300.5785451367314,0,Normal,1.0,Normal
2026-06-28 12:20:53,608.9931511007537,1,Database Load,1.0,Database Load
2026-06-28 13:20:53,556.359896026976,0,Backup/Snapshot Growth,1.0,Backup/Snapshot Growth
2026-06-28 14:20:53,669.1928819454511,1,Database Load,1.0,Database Load
2026-06-28 15:20:53,365.448479844862,0,Storage Growth,0.99,Storage Growth
2026-06-28 16:20:53,362.6892692676344,0,Idle Resources,1.0,Idle Resources
2026-06-28 17:20:53,331.50830935035043,0,Normal,1.0,Normal
2026-06-28 18:20:53,473.9992293078749,0,Network Traffic,1.0,Network Traffic
2026-06-28 19:20:53,682.2547187255661,1,Database Load,1.0,Database Load
2026-06-28 20:20:53,486.0857010895568,0,Auto Scaling,1.0,Auto Scaling
2026-06-28 21:20:53,303.2161312241617,0,Normal,1.0,Normal
2026-06-28 22:20:53,527.3422402047129,0,Database Load,1.0,Database Load
2026-06-28 23:20:53,435.9016963479331,0,Idle Resources,1.0,Idle Resources
2026-06-29 00:20:53,453.8120265158561,0,Network Traffic,0.99,Network Traffic
2026-06-29 01:20:53,362.277563335182,0,Normal,1.0,Normal
2026-06-29 02:20:53,282.1538701675666,0,Network Traffic,1.0,Network Traffic
2026-06-29 03:20:53,379.6870134839521,0,Idle Resources,1.0,Idle Resources
2026-06-29 04:20:53,378.1806111467676,0,Normal,1.0,Normal
2026-06-29 05:20:53,389.43615277610905,0,Normal,1.0,Normal
2026-06-29 06:20:53,347.034010516387,0,Network Traffic,0.99,Network Traffic
2026-06-29 07:20:53,428.8297789756121,0,Database Load,1.0,Database Load
2026-06-29 08:20:53,324.7988562452168,0,Normal,1.0,Normal
2026-06-29 09:20:53,534.2260856760561,0,Backup/Snapshot Growth,1.0,Backup/Snapshot Growth
2026-06-29 10:20:53,390.9077889941588,0,Idle Resources,1.0,Idle Resources
2026-06-29 11:20:53,301.2407296354209,0,Normal,1.0,Normal
2026-06-29 12:20:53,359.09467059880865,0,Normal,1.0,Normal
2026-06-29 13:20:53,584.5061603306715,0,Backup/Snapshot Growth,1.0,Backup/Snapshot Growth
2026-06-29 14:20:53,335.2113522609345,0,Normal,1.0,Normal
2026-06-29 15:20:53,401.8309299987116,0,Normal,1.0,Normal
2026-06-29 16:20:53,460.0908004582172,0,Auto Scaling,1.0,Auto Scaling
2026-06-29 17:20:53,282.94741446669974,0,Normal,1.0,Normal
2026-06-29 18:20:53,336.7042248023077,0,Normal,1.0,Normal
2026-06-29 19:20:53,359.58909485406593,0,Network Traffic,1.0,Network Traffic
2026-06-29 20:20:53,359.63149782214623,0,Normal,1.0,Normal
2026-06-29 21:20:53,342.438280710874,0,Normal,1.0,Normal
2026-06-29 22:20:53,458.1468944934172,0,Idle Resources,1.0,Idle Resources
2026-06-29 23:20:53,440.0731908408106,0,Idle Resources,1.0,Idle Resources
2026-06-30 00:20:53,378.6953953962847,0,Network Traffic,1.0,Network Traffic
2026-06-30 01:20:53,490.3781312476277,0,Database Load,1.0,Database Load
2026-06-30 02:20:53,302.2322214716537,0,Normal,1.0,Normal
2026-06-30 03:20:53,488.03882816427074,1,Backup/Snapshot Growth,0.98,Backup/Snapshot Growth
2026-06-30 04:20:53,295.85540734728147,0,Normal,1.0,Normal
2026-06-30 05:20:53,251.9055200488645,0,Normal,1.0,Normal
2026-06-30 06:20:53,386.4079731561664,0,Normal,1.0,Normal
2026-06-30 07:20:53,336.1169053631275,0,Normal,0.99,Normal
2026-06-30 08:20:53,378.8654481498129,0,Normal,1.0,Normal
2026-06-30 09:20:53,420.2178731331194,0,Auto Scaling,1.0,Auto Scaling
2026-06-30 10:20:53,292.991180222999,0,Normal,1.0,Normal
2026-06-30 11:20:53,396.1534661938768,0,Normal,1.0,Normal
2026-06-30 12:20:53,377.6617072886836,0,Normal,1.0,Normal
2026-06-30 13:20:53,324.7283427667424,0,Normal,1.0,Normal
2026-06-30 14:20:53,445.32144479897823,0,Idle Resources,1.0,Idle Resources
2026-06-30 15:20:53,382.1736378644266,0,Idle Resources,1.0,Idle Resources
2026-06-30 16:20:53,561.7936941283127,0,Database Load,1.0,Database Load
2026-06-30 17:20:53,411.95842502335984,0,Normal,0.99,Normal
2026-06-30 18:20:53,434.3506374456823,0,Network Traffic,1.0,Network Traffic
2026-06-30 19:20:53,391.780930951977,0,Idle Resources,1.0,Idle Resources
2026-06-30 20:20:53,564.9070087453346,0,Database Load,1.0,Database Load
2026-06-30 21:20:53,314.7498842485772,0,Network Traffic,1.0,Network Traffic
2026-06-30 22:20:53,385.0557488712532,0,Normal,1.0,Normal
2026-06-30 23:20:53,365.2699877873852,0,Normal,1.0,Normal
2026-07-01 00:20:53,353.8622152144916,0,Normal,1.0,Normal
2026-07-01 01:20:53,327.21681414891793,0,Normal,1.0,Normal
2026-07-01 02:20:53,432.49700084603353,1,Auto Scaling,1.0,Auto Scaling
2026-07-01 03:20:53,296.67179155784487,0,Normal,1.0,Normal
2026-07-01 04:20:53,346.1441772630377,0,Normal,1.0,Normal
2026-07-01 05:20:53,384.2083562490542,0,Auto Scaling,1.0,Auto Scaling
2026-07-01 06:20:53,336.93018407344675,0,Network Traffic,1.0,Network Traffic
2026-07-01 07:20:53,233.81341630086536,0,Network Traffic,1.0,Network Traffic
2026-07-01 08:20:53,295.64169093851467,0,Normal,1.0,Normal
2026-07-01 09:20:53,294.8825188239811,0,Storage Growth,1.0,Storage Growth
2026-07-01 10:20:53,275.1328717726261,0,Normal,1.0,Normal
2026-07-01 11:20:53,399.0371270637392,1,Idle Resources,1.0,Idle Resources
2026-07-01 12:20:53,444.3965827446144,0,Idle Resources,0.99,Idle Resources
2026-07-01 13:20:53,420.1413904128863,0,Network Traffic,0.99,Network Traffic
2026-07-01 14:20:53,284.747700158713,0,Normal,1.0,Normal
2026-07-01 15:20:53,456.2130865364578,0,Network Traffic,1.0,Network Traffic
2026-07-01 16:20:53,376.8212511717428,0,Normal,1.0,Normal
2026-07-01 17:20:53,258.7139002828055,0,Normal,1.0,Normal
2026-07-01 18:20:53,485.844043208212,0,Database Load,1.0,Database Load
2026-07-01 19:20:53,304.2215533156547,0,Normal,1.0,Normal
2026-07-01 20:20:53,271.40066057301834,0,Storage Growth,1.0,Storage Growth
2026-07-01 21:20:53,381.8159016855616,0,Normal,0.98,Normal
2026-07-01 22:20:53,386.2222416888488,0,Normal,1.0,Normal
2026-07-01 23:20:53,458.2202308621409,1,Auto Scaling,1.0,Auto Scaling
2026-07-02 00:20:53,378.6129464443316,0,Auto Scaling,1.0,Auto Scaling
2026-07-02 01:20:53,377.7573601265185,0,Network Traffic,1.0,Network Traffic
2026-07-02 02:20:53,309.8899551492669,0,Normal,1.0,Normal
2026-07-02 03:20:53,447.6783166621031,0,Network Traffic,0.99,Network Traffic
2026-07-02 04:20:53,431.7418200852945,0,Auto Scaling,1.0,Auto Scaling
2026-07-02 05:20:53,327.9455869707563,0,Normal,1.0,Normal
2026-07-02 06:20:53,568.4990756593137,0,Backup/Snapshot Growth,1.0,Backup/Snapshot Growth
2026-07-02 07:20:53,456.68890089000894,0,Idle Resources,1.0,Idle Resources
2026-07-02 08:20:53,610.9284821431808,1,Database Load,1.0,Database Load
2026-07-02 09:20:53,345.1615514988362,0,Normal,1.0,Normal
2026-07-02 10:20:53,271.8508860803525,0,Normal,1.0,Normal
2026-07-02 11:20:53,425.58602245983695,0,Network Traffic,0.99,Network Traffic
2026-07-02 12:20:53,285.4283429557452,0,Normal,1.0,Normal
2026-07-02 13:20:53,560.973139601815,1,Backup/Snapshot Growth,0.98,Backup/Snapshot Growth
2026-07-02 14:20:53,409.6239033210224,0,Storage Growth,0.97,Storage Growth
2026-07-02 15:20:53,611.1561174551769,1,Database Load,1.0,Database Load
2026-07-02 16:20:53,414.7223873926284,0,Normal,1.0,Normal
2026-07-02 17:20:53,319.7334590810546,0,Normal,1.0,Normal
2026-07-02 18:20:53,251.61354104004528,0,Normal,1.0,Normal
2026-07-02 19:20:53,476.9655428993499,0,Network Traffic,0.99,Network Traffic
2026-07-02 20:20:53,388.0138332527305,0,Normal,1.0,Normal
2026-07-02 21:20:53,273.93855880243177,0,Normal,1.0,Normal
2026-07-02 22:20:53,311.36722299020244,0,Normal,1.0,Normal
2026-07-02 23:20:53,281.9720148772236,0,Normal,1.0,Normal
2026-07-03 00:20:53,484.7517720092061,0,Auto Scaling,1.0,Auto Scaling
2026-07-03 01:20:53,329.75630176522964,0,Normal,1.0,Normal
2026-07-03 02:20:53,307.4166085446199,0,Normal,1.0,Normal
2026-07-03 03:20:53,380.8395059643406,0,Normal,1.0,Normal
2026-07-03 04:20:53,328.5922961198598,0,Auto Scaling,1.0,Auto Scaling
2026-07-03 05:20:53,355.8899930820585,0,Normal,1.0,Normal
2026-07-03 06:20:53,444.0355479391917,0,Backup/Snapshot Growth,1.0,Backup/Snapshot Growth
2026-07-03 07:20:53,310.4893192241247,0,Network Traffic,1.0,Network Traffic
2026-07-03 08:20:53,318.20622716991534,0,Normal,1.0,Normal
2026-07-03 09:20:53,416.8123948372898,0,Network Traffic,1.0,Network Traffic
2026-07-03 10:20:53,404.24117840018255,0,Auto Scaling,1.0,Auto Scaling
2026-07-03 11:20:53,360.9433631517359,0,Normal,1.0,Normal
2026-07-03 12:20:53,428.31637478708046,0,Auto Scaling,1.0,Auto Scaling
2026-07-03 13:20:53,359.4850253386047,0,Normal,1.0,Normal
2026-07-03 14:20:53,485.4298109432551,0,Auto Scaling,1.0,Auto Scaling
2026-07-03 15:20:53,487.0137219282418,0,Network Traffic,1.0,Network Traffic
2026-07-03 16:20:53,366.7666171959234,0,Network Traffic,1.0,Network Traffic
2026-07-03 17:20:53,339.47800185859154,0,Auto Scaling,1.0,Auto Scaling
2026-07-03 18:20:53,367.23874015976287,0,Normal,1.0,Normal
2026-07-03 19:20:53,402.6824460291495,0,Normal,1.0,Normal
2026-07-03 20:20:53,326.15215213133564,0,Normal,1.0,Normal
2026-07-03 21:20:53,395.0794678758512,0,Network Traffic,1.0,Network Traffic
2026-07-03 22:20:53,396.4638682461229,0,Network Traffic,1.0,Network Traffic
2026-07-03 23:20:53,431.9717082758946,0,Idle Resources,1.0,Idle Resources
2026-07-04 00:20:53,330.1703655922193,0,Normal,1.0,Normal
2026-07-04 01:20:53,342.2257772266014,0,Normal,1.0,Normal
2026-07-04 02:20:53,508.6066900197209,0,Idle Resources,0.91,Idle Resources
2026-07-04 03:20:53,321.5367610240296,0,Normal,1.0,Normal
2026-07-04 04:20:53,347.4957060290928,0,Normal,1.0,Normal
2026-07-04 05:20:53,483.81725203487616,0,Database Load,1.0,Database Load
2026-07-04 06:20:53,386.9342851372674,0,Normal,1.0,Normal
2026-07-04 07:20:53,351.8646747765836,0,Normal,0.99,Normal
2026-07-04 08:20:53,563.6274599879134,0,Backup/Snapshot Growth,1.0,Backup/Snapshot Growth
2026-07-04 09:20:53,208.5790904938096,0,Normal,1.0,Normal
2026-07-04 10:20:53,382.3684154204944,0,Auto Scaling,0.99,Auto Scaling
2026-07-04 11:20:53,561.4996840814701,1,Backup/Snapshot Growth,1.0,Backup/Snapshot Growth
2026-07-04 12:20:53,347.96586790532984,0,Network Traffic,1.0,Network Traffic
2026-07-04 13:20:53,360.6874853063848,0,Network Traffic,0.99,Network Traffic
2026-07-04 14:20:53,408.1406336531271,0,Normal,1.0,Normal
2026-07-04 15:20:53,464.24916210113184,0,Auto Scaling,1.0,Auto Scaling
2026-07-04 16:20:53,391.4634864996102,0,Network Traffic,0.99,Network Traffic
2026-07-04 17:20:53,526.9850947245818,0,Database Load,1.0,Database Load
2026-07-04 18:20:53,287.65358212933614,0,Normal,1.0,Normal
2026-07-04 19:20:53,350.40735235481543,0,Normal,1.0,Normal
2026-07-04 20:20:53,366.3521148411093,0,Idle Resources,1.0,Idle Resources
2026-07-04 21:20:53,374.13913833695335,0,Idle Resources,1.0,Idle Resources
2026-07-04 22:20:53,515.3612902576374,0,Backup/Snapshot Growth,1.0,Backup/Snapshot Growth
2026-07-04 23:20:53,324.4477971845132,0,Normal,1.0,Normal
2026-07-05 00:20:53,379.5982831594469,0,Normal,1.0,Normal
2026-07-05 01:20:53,553.3414372524629,1,Backup/Snapshot Growth,1.0,Backup/Snapshot Growth
2026-07-05 02:20:53,368.1274284355292,0,Normal,1.0,Normal
2026-07-05 03:20:53,434.6851008491072,0,Database Load,0.99,Database Load
2026-07-05 04:20:53,354.22996451607446,0,Normal,1.0,Normal
2026-07-05 05:20:53,306.41184637995343,0,Network Traffic,1.0,Network Traffic
2026-07-05 06:20:53,459.6925137877804,0,Database Load,1.0,Database Load
2026-07-05 07:20:53,286.2635830078643,0,Normal,1.0,Normal
2026-07-05 08:20:53,397.46443952483753,0,Network Traffic,1.0,Network Traffic
2026-07-05 09:20:53,418.65108471024166,0,Normal,0.99,Normal
2026-07-05 10:20:53,402.5956630965658,0,Normal,1.0,Normal
2026-07-05 11:20:53,286.56095645254806,0,Network Traffic,1.0,Network Traffic
2026-07-05 12:20:53,432.3986610193967,0,Network Traffic,1.0,Network Traffic
2026-07-05 13:20:53,540.5048225157979,0,Backup/Snapshot Growth,1.0,Backup/Snapshot Growth
2026-07-05 14:20:53,320.594062769289,0,Normal,1.0,Normal
2026-07-05 15:20:53,359.66666761595945,0,Normal,1.0,Normal
2026-07-05 16:20:53,280.2703377817489,0,Normal,0.99,Normal
2026-07-05 17:20:53,373.5464031765431,0,Normal,0.96,Normal
2026-07-05 18:20:53,577.3125120625702,0,Database Load,0.99,Database Load
2026-07-05 19:20:53,307.29963863608094,0,Normal,1.0,Normal
2026-07-05 20:20:53,240.79337739519195,0,Network Traffic,1.0,Network Traffic
2026-07-05 21:20:53,297.9902090957233,0,Storage Growth,0.99,Storage Growth
2026-07-05 22:20:53,515.6672514649196,0,Backup/Snapshot Growth,1.0,Backup/Snapshot Growth
2026-07-05 23:20:53,420.15057356203033,0,Network Traffic,1.0,Network Traffic
2026-07-06 00:20:53,439.78857701512624,0,Auto Scaling,0.99,Auto Scaling
2026-07-06 01:20:53,396.2095061166674,0,Database Load,1.0,Database Load
2026-07-06 02:20:53,381.4617837479032,0,Normal,1.0,Normal
2026-07-06 03:20:53,359.1919891730319,0,Normal,1.0,Normal
2026-07-06 04:20:53,258.2491315560771,0,Normal,1.0,Normal
2026-07-06 05:20:53,366.9479605063812,0,Network Traffic,1.0,Network Traffic
2026-07-06 06:20:53,553.9970256604843,0,Backup/Snapshot Growth,1.0,Backup/Snapshot Growth
2026-07-06 07:20:53,305.4369828394079,0,Normal,1.0,Normal
2026-07-06 08:20:53,456.74460526010455,0,Auto Scaling,1.0,Auto Scaling
2026-07-06 09:20:53,383.2955211681191,0,Normal,0.99,Normal
2026-07-06 10:20:53,337.8545720731032,0,Storage Growth,1.0,Storage Growth
2026-07-06 11:20:53,447.0708178540539,0,Auto Scaling,1.0,Auto Scaling
2026-07-06 12:20:53,609.9137799679854,0,Database Load,1.0,Database Load
2026-07-06 13:20:53,320.5529863941289,0,Network Traffic,1.0,Network Traffic
2026-07-06 14:20:53,324.17105682626527,0,Normal,1.0,Normal
2026-07-06 15:20:53,365.8613803868939,0,Network Traffic,1.0,Network Traffic
2026-07-06 16:20:53,329.8580230317198,0,Normal,1.0,Normal
2026-07-06 17:20:53,399.9124220289346,0,Auto Scaling,1.0,Auto Scaling
2026-07-06 18:20:53,734.8920730951548,1,Database Load,1.0,Database Load
2026-07-06 19:20:53,379.3375439582253,0,Idle Resources,1.0,Idle Resources
2026-07-06 20:20:53,304.18442235853234,0,Normal,1.0,Normal
2026-07-06 21:20:53,386.3601923726249,0,Normal,1.0,Normal
2026-07-06 22:20:53,337.0189998277172,0,Normal,0.99,Normal
2026-07-06 23:20:53,571.0497758336796,0,Database Load,1.0,Database Load
2026-07-07 00:20:53,660.9337435755026,1,Backup/Snapshot Growth,1.0,Backup/Snapshot Growth
2026-07-07 01:20:53,389.2844480004583,0,Idle Resources,0.99,Idle Resources
2026-07-07 02:20:53,319.43853401288334,0,Normal,0.95,Normal
2026-07-07 03:20:53,616.4750060897147,1,Backup/Snapshot Growth,1.0,Backup/Snapshot Growth
2026-07-07 04:20:53,461.5249029099713,0,Network Traffic,1.0,Network Traffic
2026-07-07 05:20:53,327.40948839999794,0,Normal,1.0,Normal
2026-07-07 06:20:53,385.57920985093375,0,Auto Scaling,1.0,Auto Scaling
2026-07-07 07:20:53,417.3652685730711,0,Network Traffic,1.0,Network Traffic
2026-07-07 08:20:53,484.45306669637785,0,Database Load,0.99,Database Load
2026-07-07 09:20:53,468.4311454121894,0,Idle Resources,1.0,Idle Resources
2026-07-07 10:20:53,347.09688711371905,0,Normal,1.0,Normal
2026-07-07 11:20:53,446.3670848759113,0,Idle Resources,1.0,Idle Resources
2026-07-07 12:20:53,295.5623077496658,0,Normal,1.0,Normal
2026-07-07 13:20:53,389.5682243107015,0,Normal,1.0,Normal
2026-07-07 14:20:53,404.4666570350091,0,Storage Growth,0.99,Storage Growth
2026-07-07 15:20:53,365.5722934960364,0,Database Load,0.74,Database Load
2026-07-07 16:20:53,344.252939636162,0,Normal,1.0,Normal
2026-07-07 17:20:53,370.50715756399336,0,Network Traffic,1.0,Network Traffic
2026-07-07 18:20:53,378.09824866018056,0,Idle Resources,1.0,Idle Resources
2026-07-07 19:20:53,312.90469057430414,0,Normal,1.0,Normal
2026-07-07 20:20:53,411.89645193536575,0,Auto Scaling,1.0,Auto Scaling
2026-07-07 21:20:53,336.91793709403834,0,Auto Scaling,1.0,Auto Scaling
2026-07-07 22:20:53,368.4970703033625,0,Normal,1.0,Normal
2026-07-07 23:20:53,298.1046255954653,0,Normal,1.0,Normal
2026-07-08 00:20:53,320.6579879782881,0,Normal,1.0,Normal
2026-07-08 01:20:53,312.4341924738422,0,Normal,1.0,Normal
2026-07-08 02:20:53,359.4413384134476,0,Normal,1.0,Normal
2026-07-08 03:20:53,442.5785227944139,0,Auto Scaling,1.0,Auto Scaling
2026-07-08 04:20:53,237.12209774835705,0,Normal,1.0,Normal
2026-07-08 05:20:53,444.3691127239732,0,Idle Resources,1.0,Idle Resources
2026-07-08 06:20:53,366.4733646332047,0,Normal,1.0,Normal
2026-07-08 07:20:53,408.9456867018085,0,Storage Growth,1.0,Storage Growth
2026-07-08 08:20:53,499.7337315839134,0,Database Load,0.99,Database Load
2026-07-08 09:20:53,369.23918027486536,0,Normal,1.0,Normal
2026-07-08 10:20:53,365.20879031863495,0,Normal,1.0,Normal
2026-07-08 11:20:53,673.1393366084202,1,Database Load,1.0,Database Load
2026-07-08 12:20:53,396.4561228450284,0,Normal,1.0,Normal
2026-07-08 13:20:53,397.2178020604735,0,Network Traffic,1.0,Network Traffic
2026-07-08 14:20:53,540.4441831229686,1,Idle Resources,1.0,Idle Resources
2026-07-08 15:20:53,403.7892622932185,0,Idle Resources,1.0,Idle Resources
2026-07-08 16:20:53,408.5282234538858,0,Network Traffic,1.0,Network Traffic
2026-07-08 17:20:53,402.3569119327593,0,Database Load,0.99,Database Load
2026-07-08 18:20:53,369.27403930998025,0,Normal,1.0,Normal
2026-07-08 19:20:53,582.0470509910348,0,Database Load,1.0,Database Load
2026-07-08 20:20:53,333.8935464085415,0,Normal,1.0,Normal
2026-07-08 21:20:53,422.08817706904256,0,Network Traffic,1.0,Network Traffic
2026-07-08 22:20:53,352.500074358348,0,Normal,0.98,Normal
2026-07-08 23:20:53,588.1566994619648,0,Database Load,1.0,Database Load
2026-07-09 00:20:53,268.350982089794,0,Normal,1.0,Normal
2026-07-09 01:20:53,425.2406713035815,0,Idle Resources,1.0,Idle Resources
2026-07-09 02:20:53,487.2055617386736,0,Idle Resources,1.0,Idle Resources
2026-07-09 03:20:53,344.03588968776927,0,Normal,1.0,Normal
2026-07-09 04:20:53,323.3265000244168,0,Storage Growth,0.99,Storage Growth
2026-07-09 05:20:53,299.9963331990176,0,Normal,1.0,Normal
2026-07-09 06:20:53,385.1902538579489,0,Network Traffic,0.99,Network Traffic
2026-07-09 07:20:53,374.4080245901111,0,Normal,1.0,Normal
2026-07-09 08:20:53,345.60124522231786,0,Idle Resources,1.0,Idle Resources
2026-07-09 09:20:53,425.7933414589056,0,Network Traffic,1.0,Network Traffic
2026-07-09 10:20:53,339.51798305259905,0,Normal,1.0,Normal
2026-07-09 11:20:53,600.6869349811727,0,Backup/Snapshot Growth,1.0,Backup/Snapshot Growth
2026-07-09 12:20:53,449.1531905038448,0,Normal,0.99,Normal
2026-07-09 13:20:53,282.78766286257525,0,Network Traffic,1.0,Network Traffic
2026-07-09 14:20:53,414.9207556960439,0,Normal,1.0,Normal
2026-07-09 15:20:53,430.7463038699761,0,Idle Resources,0.96,Idle Resources
2026-07-09 16:20:53,283.96806283933785,0,Normal,1.0,Normal
2026-07-09 17:20:53,547.8217783656426,1,Backup/Snapshot Growth,1.0,Backup/Snapshot Growth
2026-07-09 18:20:53,356.4612379347234,0,Idle Resources,1.0,Idle Resources
2026-07-09 19:20:53,473.4799232482251,0,Idle Resources,1.0,Idle Resources
2026-07-09 20:20:53,308.2785307959187,0,Normal,0.98,Normal
2026-07-09 21:20:53,336.2723837237114,0,Normal,1.0,Normal
2026-07-09 22:20:53,407.3405552406267,0,Normal,1.0,Normal
2026-07-09 23:20:53,501.9278240812822,0,Database Load,1.0,Database Load
2026-07-10 00:20:53,300.29354167889653,0,Normal,1.0,Normal
2026-07-10 01:20:53,340.7214468762403,0,Network Traffic,1.0,Network Traffic
2026-07-10 02:20:53,435.8128734440169,0,Normal,1.0,Normal
2026-07-10 03:20:53,404.8307461849601,0,Auto Scaling,1.0,Auto Scaling
2026-07-10 04:20:53,375.2701953760379,0,Storage Growth,0.99,Storage Growth
2026-07-10 05:20:53,368.7896249889061,0,Network Traffic,1.0,Network Traffic
2026-07-10 06:20:53,521.0520765006005,0,Idle Resources,1.0,Idle Resources
2026-07-10 07:20:53,574.6911443136939,0,Backup/Snapshot Growth,1.0,Backup/Snapshot Growth
2026-07-10 08:20:53,250.91030092666065,0,Normal,1.0,Normal
2026-07-10 09:20:53,385.0250397735044,0,Idle Resources,1.0,Idle Resources
2026-07-10 10:20:53,435.3777749875252,0,Idle Resources,1.0,Idle Resources
2026-07-10 11:20:53,428.0870009995813,1,Idle Resources,1.0,Idle Resources
2026-07-10 12:20:53,335.9691689197889,0,Auto Scaling,1.0,Auto Scaling
2026-07-10 13:20:53,368.64484687346834,0,Normal,1.0,Normal
2026-07-10 14:20:53,290.8979342087191,0,Normal,0.97,Normal
2026-07-10 15:20:53,354.77929040480456,0,Network Traffic,0.99,Network Traffic
2026-07-10 16:20:53,392.3728813131795,0,Network Traffic,1.0,Network Traffic
2026-07-10 17:20:53,344.3828835784737,0,Normal,1.0,Normal
2026-07-10 18:20:53,413.8310306541024,0,Database Load,0.75,Normal
2026-07-10 19:20:53,324.528079327832,0,Auto Scaling,0.97,Auto Scaling
2026-07-10 20:20:53,383.2489527440631,0,Normal,0.99,Normal
2026-07-10 21:20:53,245.235473802166,0,Normal,1.0,Normal
2026-07-10 22:20:53,343.21807782577895,0,Normal,1.0,Normal
2026-07-10 23:20:53,489.52287865620673,0,Auto Scaling,1.0,Auto Scaling
2026-07-11 00:20:53,381.55196621058417,0,Network Traffic,1.0,Network Traffic
2026-07-11 01:20:53,364.60711712791584,0,Auto Scaling,1.0,Auto Scaling
2026-07-11 02:20:53,316.13870303821284,0,Normal,1.0,Normal
2026-07-11 03:20:53,371.4714439171732,0,Network Traffic,1.0,Network Traffic
2026-07-11 04:20:53,545.1335293466474,0,Backup/Snapshot Growth,1.0,Backup/Snapshot Growth
2026-07-11 05:20:53,250.20802916451328,0,Normal,1.0,Normal
2026-07-11 06:20:53,404.6894510370452,0,Auto Scaling,1.0,Auto Scaling
2026-07-11 07:20:53,433.3951160684476,0,Auto Scaling,0.99,Auto Scaling
2026-07-11 08:20:53,285.84865685150805,0,Normal,1.0,Normal
2026-07-11 09:20:53,356.12800508902404,0,Normal,1.0,Normal
2026-07-11 10:20:53,378.8685411315514,0,Normal,1.0,Normal
2026-07-11 11:20:53,370.891205660976,0,Normal,1.0,Normal
2026-07-11 12:20:53,399.62667140648784,0,Database Load,1.0,Database Load
2026-07-11 13:20:53,493.2145862670678,0,Database Load,1.0,Database Load
2026-07-11 14:20:53,320.9666665975162,0,Network Traffic,1.0,Network Traffic
2026-07-11 15:20:53,319.66444468033103,0,Normal,0.99,Normal
2026-07-11 16:20:53,373.0847757646829,0,Normal,1.0,Normal
2026-07-11 17:20:53,503.5431001382522,0,Backup/Snapshot Growth,1.0,Backup/Snapshot Growth
2026-07-11 18:20:53,311.7799688610719,0,Normal,1.0,Normal
2026-07-11 19:20:53,418.54342783310136,0,Normal,0.82,Normal
2026-07-11 20:20:53,436.15624968749023,0,Normal,0.95,Normal
2026-07-11 21:20:53,375.591984572627,0,Normal,1.0,Normal
2026-07-11 22:20:53,228.03754085558984,0,Normal,1.0,Normal
2026-07-11 23:20:53,354.40437436727314,0,Auto Scaling,1.0,Auto Scaling
2026-07-12 00:20:53,339.3379508292175,0,Auto Scaling,1.0,Auto Scaling
2026-07-12 01:20:53,452.86355394177207,1,Idle Resources,1.0,Idle Resources
2026-07-12 02:20:53,382.3762408682425,0,Network Traffic,0.97,Network Traffic
2026-07-12 03:20:53,459.4616735659886,0,Database Load,1.0,Database Load
2026-07-12 04:20:53,347.2313453608361,0,Normal,1.0,Normal
2026-07-12 05:20:53,328.40611149152335,0,Network Traffic,1.0,Network Traffic
2026-07-12 06:20:53,274.9549707206646,0,Auto Scaling,1.0,Auto Scaling
2026-07-12 07:20:53,607.3763524315453,0,Backup/Snapshot Growth,0.95,Backup/Snapshot Growth
2026-07-12 08:20:53,347.08460637471643,0,Normal,1.0,Normal
2026-07-12 09:20:53,364.19429658540537,0,Normal,1.0,Normal
2026-07-12 10:20:53,360.7461627428896,0,Normal,1.0,Normal
2026-07-12 11:20:53,434.5321912372472,0,Idle Resources,1.0,Idle Resources
2026-07-12 12:20:53,326.06293749928744,0,Normal,1.0,Normal
2026-07-12 13:20:53,399.9234233669145,0,Normal,1.0,Normal
2026-07-12 14:20:53,286.5537114352186,0,Normal,1.0,Normal
2026-07-12 15:20:53,309.2219676046023,0,Normal,1.0,Normal
2026-07-12 16:20:53,303.56872817141306,0,Normal,1.0,Normal
2026-07-12 17:20:53,453.82319161604215,0,Normal,0.96,Normal
2026-07-12 18:20:53,444.3347094093593,0,Network Traffic,1.0,Network Traffic
2026-07-12 19:20:53,364.8597213815151,0,Auto Scaling,1.0,Auto Scaling
2026-07-12 20:20:53,431.3718668226999,0,Network Traffic,1.0,Network Traffic
2026-07-12 21:20:53,305.6507396119624,0,Normal,1.0,Normal
2026-07-12 22:20:53,347.0730439814004,0,Normal,0.99,Normal
2026-07-12 23:20:53,322.9406691892653,0,Normal,0.95,Normal
2026-07-13 00:20:53,272.82043996681875,0,Normal,1.0,Normal
2026-07-13 01:20:53,381.29782633426,0,Normal,1.0,Normal
2026-07-13 02:20:53,319.0424008079049,0,Normal,1.0,Normal
2026-07-13 03:20:53,291.4493599232367,0,Normal,1.0,Normal
2026-07-13 04:20:53,368.4620496268652,0,Auto Scaling,1.0,Auto Scaling
2026-07-13 05:20:53,354.4271252388795,0,Normal,1.0,Normal
2026-07-13 06:20:53,338.8675727936967,0,Normal,1.0,Normal
2026-07-13 07:20:53,390.41562998034414,0,Normal,1.0,Normal
2026-07-13 08:20:53,542.2875721308761,0,Backup/Snapshot Growth,1.0,Backup/Snapshot Growth
2026-07-13 09:20:53,267.49676990045015,0,Normal,1.0,Normal
2026-07-13 10:20:53,353.47497912967776,0,Normal,1.0,Normal
2026-07-13 11:20:53,230.85656120739503,0,Normal,1.0,Normal
2026-07-13 12:20:53,308.73303600940073,0,Auto Scaling,1.0,Auto Scaling
2026-07-13 13:20:53,641.4547419797013,1,Database Load,1.0,Database Load
2026-07-13 14:20:53,258.89602738837385,0,Network Traffic,1.0,Network Traffic
2026-07-13 15:20:53,468.3969994279295,0,Idle Resources,1.0,Idle Resources
2026-07-13 16:20:53,266.4756254611851,0,Normal,1.0,Normal
2026-07-13 17:20:53,673.3666036774246,1,Database Load,1.0,Database Load
2026-07-13 18:20:53,405.4209393446104,0,Normal,1.0,Normal
2026-07-13 19:20:53,344.7634693155963,0,Normal,1.0,Normal
2026-07-13 20:20:53,461.5574592098832,0,Normal,0.85,Normal
2026-07-13 21:20:53,303.8888760670187,0,Normal,1.0,Normal
2026-07-13 22:20:53,309.74571009538886,0,Normal,0.97,Normal
2026-07-13 23:20:53,286.7356130259472,0,Normal,1.0,Normal
2026-07-14 00:20:53,644.2327177092992,1,Backup/Snapshot Growth,1.0,Backup/Snapshot Growth
2026-07-14 01:20:53,417.5579083121566,0,Normal,1.0,Normal
2026-07-14 02:20:53,283.6986522375209,0,Normal,1.0,Normal
2026-07-14 03:20:53,381.5507370239583,0,Normal,1.0,Normal
2026-07-14 04:20:53,376.3261232848028,0,Auto Scaling,1.0,Auto Scaling
2026-07-14 05:20:53,290.70629413563483,0,Normal,1.0,Normal
2026-07-14 06:20:53,318.8002470144304,0,Storage Growth,1.0,Storage Growth
2026-07-14 07:20:53,406.6278656605489,1,Auto Scaling,1.0,Auto Scaling
2026-07-14 08:20:53,294.1548355442397,0,Normal,1.0,Normal
2026-07-14 09:20:53,370.7332709510167,0,Normal,1.0,Normal
2026-07-14 10:20:53,427.6271423114179,0,Auto Scaling,0.99,Auto Scaling
2026-07-14 11:20:53,243.15644387968027,0,Normal,0.97,Normal
2026-07-14 12:20:53,404.84333834251214,0,Auto Scaling,1.0,Auto Scaling
2026-07-14 13:20:53,405.6506357417471,0,Normal,1.0,Normal
2026-07-14 14:20:53,444.8392509029482,0,Storage Growth,0.99,Storage Growth
2026-07-14 15:20:53,661.5550838319314,1,Database Load,1.0,Database Load
2026-07-14 16:20:53,518.5334932783835,0,Backup/Snapshot Growth,1.0,Backup/Snapshot Growth
2026-07-14 17:20:53,326.03689899597686,0,Normal,1.0,Normal
2026-07-14 18:20:53,375.4186843985521,0,Network Traffic,1.0,Network Traffic
2026-07-14 19:20:53,338.2095685240314,0,Normal,1.0,Normal
2026-07-14 20:20:53,331.47156542671104,0,Normal,1.0,Normal
2026-07-14 21:20:53,285.83568070173044,0,Normal,0.97,Normal
2026-07-14 22:20:53,342.1731391516963,0,Normal,1.0,Normal
2026-07-14 23:20:53,426.9757550486215,0,Idle Resources,1.0,Idle Resources
2026-07-15 00:20:53,312.1746537784974,0,Normal,1.0,Normal
2026-07-15 01:20:53,282.3612348252745,0,Normal,1.0,Normal
2026-07-15 02:20:53,367.4948062081196,0,Normal,1.0,Normal
2026-07-15 03:20:53,541.4636398755227,0,Database Load,1.0,Database Load
2026-07-15 04:20:53,389.8369143980593,0,Idle Resources,0.99,Idle Resources
2026-07-15 05:20:53,414.0757786853291,0,Network Traffic,1.0,Network Traffic
2026-07-15 06:20:53,320.3836601008027,0,Normal,1.0,Normal
2026-07-15 07:20:53,383.64408147739306,0,Normal,1.0,Normal
2026-07-15 08:20:53,351.95607071673527,0,Normal,0.99,Normal
2026-07-15 09:20:53,400.9002730166131,0,Normal,1.0,Normal
2026-07-15 10:20:53,261.60213323009475,0,Normal,1.0,Normal
2026-07-15 11:20:53,369.922414835596,0,Normal,1.0,Normal
2026-07-15 12:20:53,317.6563588693374,0,Normal,1.0,Normal
2026-07-15 13:20:53,382.0850919302807,0,Normal,1.0,Normal
2026-07-15 14:20:53,267.50580449545924,0,Normal,1.0,Normal
2026-07-15 15:20:53,306.331833201625,0,Normal,1.0,Normal
2026-07-15 16:20:53,469.7038981108804,0,Database Load,0.98,Database Load
2026-07-15 17:20:53,491.4965856056555,0,Database Load,1.0,Database Load
2026-07-15 18:20:53,346.40172843531167,0,Network Traffic,1.0,Network Traffic
2026-07-15 19:20:53,310.1969033610617,0,Normal,1.0,Normal
2026-07-15 20:20:53,321.8739400039351,0,Network Traffic,1.0,Network Traffic
2026-07-15 21:20:53,423.7676114615519,0,Normal,1.0,Normal
2026-07-15 22:20:53,330.1883764041963,0,Network Traffic,1.0,Network Traffic
2026-07-15 23:20:53,683.0039373092962,1,Database Load,1.0,Database Load
2026-07-16 00:20:53,340.54225559072256,0,Normal,1.0,Normal
2026-07-16 01:20:53,435.56442836206327,0,Normal,1.0,Normal
2026-07-16 02:20:53,207.95181949776943,0,Normal,1.0,Normal
2026-07-16 03:20:53,205.6842574037217,0,Normal,1.0,Normal
2026-07-16 04:20:53,285.17537603950984,0,Normal,1.0,Normal
2026-07-16 05:20:53,319.4750595256236,0,Storage Growth,1.0,Storage Growth
2026-07-16 06:20:53,379.061998029411,0,Normal,1.0,Normal
2026-07-16 07:20:53,369.5106737752037,0,Normal,1.0,Normal
2026-07-16 08:20:53,380.4281743401481,0,Idle Resources,1.0,Idle Resources
2026-07-16 09:20:53,440.3387423573676,0,Normal,0.99,Normal
2026-07-16 10:20:53,348.374754386502,0,Normal,1.0,Normal
2026-07-16 11:20:53,367.3233000154607,0,Storage Growth,1.0,Storage Growth
2026-07-16 12:20:53,394.672938541587,0,Normal,1.0,Normal
2026-07-16 13:20:53,483.4858830839247,0,Backup/Snapshot Growth,1.0,Backup/Snapshot Growth
2026-07-16 14:20:53,337.80026044237013,0,Normal,1.0,Normal
2026-07-16 15:20:53,296.65390984955,0,Normal,1.0,Normal
2026-07-16 16:20:53,391.24665381855937,0,Storage Growth,1.0,Storage Growth
2026-07-16 17:20:53,350.9964508833915,0,Normal,1.0,Normal
2026-07-16 18:20:53,520.0792237142911,0,Database Load,1.0,Database Load
2026-07-16 19:20:53,421.2072878768484,0,Auto Scaling,1.0,Auto Scaling
2026-07-16 20:20:53,380.2526533350897,0,Normal,1.0,Normal
2026-07-16 21:20:53,410.1065679442708,0,Auto Scaling,0.99,Auto Scaling
2026-07-16 22:20:53,270.2791076682576,0,Normal,1.0,Normal
2026-07-16 23:20:53,319.98267497045055,0,Idle Resources,1.0,Idle Resources
2026-07-17 00:20:53,342.02756613887675,0,Normal,1.0,Normal
2026-07-17 01:20:53,327.2010194573415,0,Auto Scaling,1.0,Auto Scaling
2026-07-17 02:20:53,281.91427809801195,0,Normal,0.98,Normal
2026-07-17 03:20:53,520.551954750485,0,Database Load,1.0,Database Load
2026-07-17 04:20:53,472.2341557658183,0,Auto Scaling,1.0,Auto Scaling
2026-07-17 05:20:53,422.9389404979601,0,Normal,1.0,Normal
2026-07-17 06:20:53,354.13361464835833,0,Network Traffic,1.0,Network Traffic
2026-07-17 07:20:53,290.1087911192945,0,Normal,1.0,Normal
2026-07-17 08:20:53,554.7709780919696,0,Database Load,1.0,Database Load
2026-07-17 09:20:53,594.1680058311811,0,Database Load,1.0,Database Load
2026-07-17 10:20:53,272.30829775052,0,Normal,1.0,Normal
2026-07-17 11:20:53,305.07435484848736,0,Normal,1.0,Normal
2026-07-17 12:20:53,310.71809941732533,0,Normal,1.0,Normal
2026-07-17 13:20:53,537.4113579894043,0,Idle Resources,1.0,Idle Resources
2026-07-17 14:20:53,355.3301808133776,0,Normal,1.0,Normal
2026-07-17 15:20:53,610.1771166251277,1,Database Load,1.0,Database Load
2026-07-17 16:20:53,315.630623041292,0,Network Traffic,1.0,Network Traffic
2026-07-17 17:20:53,375.1521927138508,0,Normal,1.0,Normal
2026-07-17 18:20:53,328.8711057282017,0,Normal,0.99,Normal
2026-07-17 19:20:53,446.8782798136605,0,Database Load,1.0,Database Load
2026-07-17 20:20:53,336.54068809851674,0,Normal,1.0,Normal
2026-07-17 21:20:53,375.05814777940896,0,Auto Scaling,1.0,Auto Scaling
2026-07-17 22:20:53,371.950050538576,0,Auto Scaling,0.99,Auto Scaling
2026-07-17 23:20:53,378.8418221890116,0,Normal,1.0,Normal
2026-07-18 00:20:53,460.6079799274914,0,Idle Resources,1.0,Idle Resources
2026-07-18 01:20:53,214.6737476308924,0,Normal,1.0,Normal
2026-07-18 02:20:53,435.6708320770171,0,Network Traffic,1.0,Network Traffic
2026-07-18 03:20:53,387.4631103961052,0,Auto Scaling,1.0,Auto Scaling
2026-07-18 04:20:53,374.4318145607698,0,Normal,1.0,Normal
2026-07-18 05:20:53,406.6804326811301,0,Normal,1.0,Normal
2026-07-18 06:20:53,359.54008256270413,0,Network Traffic,0.99,Network Traffic
2026-07-18 07:20:53,425.70561302037737,0,Normal,1.0,Normal
2026-07-18 08:20:53,312.93328238732863,0,Network Traffic,1.0,Network Traffic
2026-07-18 09:20:53,282.0451620550712,0,Auto Scaling,1.0,Auto Scaling
2026-07-18 10:20:53,444.2581090519736,0,Normal,0.96,Normal
2026-07-18 11:20:53,322.32602549124044,0,Network Traffic,1.0,Network Traffic
2026-07-18 12:20:53,302.6491364685861,0,Normal,1.0,Normal
2026-07-18 13:20:53,361.4545647868848,0,Normal,1.0,Normal
2026-07-18 14:20:53,428.0474175348354,0,Idle Resources,1.0,Idle Resources
2026-07-18 15:20:53,307.44456506884245,0,Normal,1.0,Normal
2026-07-18 16:20:53,354.6883122223149,0,Normal,1.0,Normal
2026-07-18 17:20:53,571.9951251275508,0,Database Load,1.0,Database Load
2026-07-18 18:20:53,330.5181713782003,0,Normal,1.0,Normal
2026-07-18 19:20:53,343.1442089897425,0,Normal,1.0,Normal
2026-07-18 20:20:53,335.96742033638446,0,Normal,1.0,Normal
2026-07-18 21:20:53,349.9906184479762,0,Normal,1.0,Normal
2026-07-18 22:20:53,314.2732488438974,0,Auto Scaling,1.0,Auto Scaling
2026-07-18 23:20:53,322.48979791901286,0,Normal,1.0,Normal
2026-07-19 00:20:53,468.4862341531546,0,Auto Scaling,0.98,Auto Scaling
2026-07-19 01:20:53,498.0270316024858,0,Database Load,1.0,Database Load
2026-07-19 02:20:53,320.93206861558303,0,Normal,1.0,Normal
2026-07-19 03:20:53,379.8508556234296,0,Idle Resources,1.0,Idle Resources
2026-07-19 04:20:53,309.8062313840833,0,Normal,1.0,Normal
2026-07-19 05:20:53,388.44547480375695,0,Network Traffic,1.0,Network Traffic
2026-07-19 06:20:53,378.2556666330688,0,Database Load,1.0,Database Load
2026-07-19 07:20:53,388.18191793886217,0,Idle Resources,0.99,Idle Resources
2026-07-19 08:20:53,445.564911185759,0,Idle Resources,1.0,Idle Resources
2026-07-19 09:20:53,354.48586953442384,0,Normal,1.0,Normal
2026-07-19 10:20:53,396.10313360241344,1,Network Traffic,1.0,Network Traffic
2026-07-19 11:20:53,322.608860226896,0,Normal,0.98,Normal
2026-07-19 12:20:53,459.03587040704525,0,Normal,1.0,Normal
2026-07-19 13:20:53,329.3740751757989,0,Normal,1.0,Normal
2026-07-19 14:20:53,371.5567831890898,0,Network Traffic,1.0,Network Traffic
2026-07-19 15:20:53,402.05861267709696,0,Normal,1.0,Normal
2026-07-19 16:20:53,372.09817229846857,0,Normal,1.0,Normal
2026-07-19 17:20:53,318.9531384669867,0,Normal,0.98,Normal
2026-07-19 18:20:53,497.0470334158863,1,Idle Resources,1.0,Idle Resources
2026-07-19 19:20:53,305.7144145629365,0,Normal,1.0,Normal
2026-07-19 20:20:53,343.95340382365947,0,Auto Scaling,1.0,Auto Scaling
2026-07-19 21:20:53,378.359040322173,0,Storage Growth,0.99,Storage Growth
2026-07-19 22:20:53,442.0311207198944,0,Normal,0.89,Normal
2026-07-19 23:20:53,346.2755182839488,0,Storage Growth,0.99,Storage Growth
2026-07-20 00:20:53,367.7131642531495,0,Normal,1.0,Normal
2026-07-20 01:20:53,376.7826119313413,0,Auto Scaling,1.0,Auto Scaling
2026-07-20 02:20:53,315.9391783843824,0,Normal,1.0,Normal
2026-07-20 03:20:53,450.5877090515446,0,Idle Resources,1.0,Idle Resources
2026-07-20 04:20:53,392.0698921220292,0,Storage Growth,1.0,Storage Growth
2026-07-20 05:20:53,386.1016637842269,0,Normal,1.0,Normal
2026-07-20 06:20:53,637.5105244881844,1,Backup/Snapshot Growth,1.0,Backup/Snapshot Growth
2026-07-20 07:20:53,383.1224587562568,0,Auto Scaling,1.0,Auto Scaling
2026-07-20 08:20:53,476.3553278830938,0,Backup/Snapshot Growth,1.0,Backup/Snapshot Growth
2026-07-20 09:20:53,448.16263721095913,0,Network Traffic,0.99,Network Traffic
2026-07-20 10:20:53,470.41355297966544,0,Backup/Snapshot Growth,1.0,Backup/Snapshot Growth
2026-07-20 11:20:53,329.0662259799112,0,Auto Scaling,1.0,Auto Scaling
2026-07-20 12:20:53,360.5879239023754,0,Normal,1.0,Normal
2026-07-20 13:20:53,425.2135152151408,0,Backup/Snapshot Growth,0.96,Backup/Snapshot Growth
2026-07-20 14:20:53,275.6362252802659,0,Network Traffic,1.0,Network Traffic
2026-07-20 15:20:53,285.224257085139,0,Network Traffic,1.0,Network Traffic
2026-07-20 16:20:53,464.36626033874194,0,Database Load,0.99,Database Load
2026-07-20 17:20:53,403.8015412338427,0,Normal,0.97,Normal
2026-07-20 18:20:53,369.006323695325,0,Normal,1.0,Normal
2026-07-20 19:20:53,381.2270686820145,0,Normal,1.0,Normal
2026-07-20 20:20:53,560.326472994137,0,Database Load,1.0,Database Load
2026-07-20 21:20:53,417.0551819280193,0,Auto Scaling,1.0,Auto Scaling
2026-07-20 22:20:53,325.5289051633602,0,Normal,1.0,Normal
2026-07-20 23:20:53,301.0815260623666,0,Network Traffic,1.0,Network Traffic
2026-07-21 00:20:53,382.0450853549222,0,Network Traffic,1.0,Network Traffic
2026-07-21 01:20:53,332.68709469547895,0,Normal,1.0,Normal
2026-07-21 02:20:53,289.6349282052918,0,Normal,1.0,Normal
2026-07-21 03:20:53,370.7588775585696,0,Normal,1.0,Normal
2026-07-21 04:20:53,371.1067443079893,0,Normal,0.9,Normal
2026-07-21 05:20:53,547.5396647877016,0,Database Load,1.0,Database Load
2026-07-21 06:20:53,276.0289892825193,0,Normal,1.0,Normal
2026-07-21 07:20:53,401.354006109999,0,Auto Scaling,1.0,Auto Scaling
2026-07-21 08:20:53,663.9032316059916,1,Database Load,1.0,Database Load
2026-07-21 09:20:53,398.73168523226326,0,Normal,1.0,Normal
2026-07-21 10:20:53,345.73660871208773,0,Normal,1.0,Normal
2026-07-21 11:20:53,223.36280590239227,0,Normal,1.0,Normal
2026-07-21 12:20:53,439.549338383598,0,Storage Growth,1.0,Storage Growth
2026-07-21 13:20:53,448.1799741171676,0,Idle Resources,1.0,Idle Resources
2026-07-21 14:20:53,253.61646064638504,0,Normal,1.0,Normal
2026-07-21 15:20:53,365.7266285011743,0,Auto Scaling,1.0,Auto Scaling
2026-07-21 16:20:53,239.50089816759413,0,Normal,1.0,Normal
2026-07-21 17:20:53,397.1437490928952,0,Database Load,1.0,Database Load
2026-07-21 18:20:53,395.6881803614917,0,Auto Scaling,0.99,Auto Scaling
2026-07-21 19:20:53,313.320511273905,0,Normal,0.74,Normal
2026-07-21 20:20:53,382.525034705216,0,Idle Resources,1.0,Idle Resources
2026-07-21 21:20:53,280.8389195500612,0,Normal,1.0,Normal
2026-07-21 22:20:53,292.0032619206784,0,Normal,1.0,Normal
2026-07-21 23:20:53,593.3324686321498,0,Database Load,1.0,Database Load
2026-07-22 00:20:53,388.4842438491357,0,Normal,1.0,Normal
2026-07-22 01:20:53,444.3388770632436,0,Idle Resources,1.0,Idle Resources
2026-07-22 02:20:53,364.1458508048498,0,Storage Growth,0.99,Storage Growth
2026-07-22 03:20:53,538.6423644175613,0,Database Load,1.0,Database Load
2026-07-22 04:20:53,335.9224687878316,0,Normal,1.0,Normal
2026-07-22 05:20:53,349.54195719554525,0,Normal,1.0,Normal
2026-07-22 06:20:53,312.59657564225176,0,Normal,1.0,Normal
2026-07-22 07:20:53,365.55937572638487,0,Auto Scaling,1.0,Auto Scaling
2026-07-22 08:20:53,387.3238383835094,0,Idle Resources,1.0,Idle Resources
2026-07-22 09:20:53,328.8697139226576,0,Auto Scaling,0.99,Auto Scaling
2026-07-22 10:20:53,324.1077431889084,0,Normal,1.0,Normal
2026-07-22 11:20:53,356.9016249171997,0,Normal,1.0,Normal
2026-07-22 12:20:53,424.938941228276,0,Idle Resources,1.0,Idle Resources
2026-07-22 13:20:53,407.0188854133369,0,Network Traffic,1.0,Network Traffic
2026-07-22 14:20:53,405.6361971617385,0,Storage Growth,1.0,Storage Growth
2026-07-22 15:20:53,420.2099170276622,0,Storage Growth,0.96,Storage Growth
2026-07-22 16:20:53,414.2101548134759,0,Auto Scaling,1.0,Auto Scaling
2026-07-22 17:20:53,292.0443128225725,0,Normal,1.0,Normal
2026-07-22 18:20:53,570.7686160765492,0,Database Load,1.0,Database Load
2026-07-22 19:20:53,406.8906604617012,0,Idle Resources,1.0,Idle Resources
2026-07-22 20:20:53,302.4644243778988,0,Normal,0.98,Normal
2026-07-22 21:20:53,347.3774393130654,0,Normal,1.0,Normal
2026-07-22 22:20:53,277.77990422688384,0,Normal,1.0,Normal
2026-07-22 23:20:53,405.9885920696209,0,Network Traffic,1.0,Network Traffic
2026-07-23 00:20:53,332.0032356136347,0,Auto Scaling,1.0,Auto Scaling
2026-07-23 01:20:53,371.9408834073764,0,Normal,1.0,Normal
2026-07-23 02:20:53,346.76896431189834,0,Normal,1.0,Normal
2026-07-23 03:20:53,360.3621937641966,0,Normal,0.99,Normal
2026-07-23 04:20:53,323.19060331336914,0,Normal,1.0,Normal
2026-07-23 05:20:53,351.64873273612807,0,Normal,1.0,Normal
2026-07-23 06:20:53,354.34073720013544,0,Normal,0.98,Normal
2026-07-23 07:20:53,336.67025352770395,0,Storage Growth,1.0,Storage Growth
2026-07-23 08:20:53,420.8850054437791,1,Auto Scaling,1.0,Auto Scaling
2026-07-23 09:20:53,421.9648091025487,0,Auto Scaling,1.0,Auto Scaling
2026-07-23 10:20:53,416.0334796200506,0,Normal,1.0,Normal
2026-07-23 11:20:53,398.2467587129016,0,Normal,1.0,Normal
2026-07-23 12:20:53,369.5318632839168,0,Idle Resources,1.0,Idle Resources
2026-07-23 13:20:53,345.39400746377794,0,Normal,1.0,Normal
2026-07-23 14:20:53,514.666638810468,1,Auto Scaling,1.0,Auto Scaling
2026-07-23 15:20:53,314.1251443968819,0,Storage Growth,1.0,Storage Growth
2026-07-23 16:20:53,289.4405747386311,0,Normal,1.0,Normal
2026-07-23 17:20:53,425.8994375564933,0,Network Traffic,1.0,Network Traffic
2026-07-23 18:20:53,425.3271440180893,0,Normal,0.98,Normal
2026-07-23 19:20:53,504.9102522972825,0,Database Load,1.0,Database Load
2026-07-23 20:20:53,299.1103381133047,0,Normal,1.0,Normal
2026-07-23 21:20:53,474.08983213054233,0,Backup/Snapshot Growth,0.99,Backup/Snapshot Growth
2026-07-23 22:20:53,388.7899047918603,0,Idle Resources,1.0,Idle Resources
2026-07-23 23:20:53,249.8125129532004,0,Normal,1.0,Normal
2026-07-24 00:20:53,275.8882243114772,0,Normal,1.0,Normal
2026-07-24 01:20:53,261.7360213523273,0,Normal,1.0,Normal
2026-07-24 02:20:53,513.1105020313793,1,Idle Resources,1.0,Idle Resources
2026-07-24 03:20:53,288.81251109649355,0,Normal,0.99,Normal
2026-07-24 04:20:53,497.45718468053394,0,Idle Resources,1.0,Idle Resources
2026-07-24 05:20:53,410.9482487496337,0,Auto Scaling,1.0,Auto Scaling
2026-07-24 06:20:53,354.52654410659363,0,Normal,1.0,Normal
2026-07-24 07:20:53,420.6940372170691,0,Normal,1.0,Normal
2026-07-24 08:20:53,417.2649681894047,0,Network Traffic,0.99,Network Traffic
2026-07-24 09:20:53,401.06838433460473,0,Network Traffic,1.0,Network Traffic
2026-07-24 10:20:53,444.5299330054426,0,Idle Resources,1.0,Idle Resources
2026-07-24 11:20:53,643.7087219320666,1,Backup/Snapshot Growth,1.0,Backup/Snapshot Growth
2026-07-24 12:20:53,448.170839987697,0,Idle Resources,1.0,Idle Resources
2026-07-24 13:20:53,221.0635525155297,0,Normal,1.0,Normal
2026-07-24 14:20:53,343.8176556991391,0,Normal,1.0,Normal
2026-07-24 15:20:53,293.5199853743757,0,Normal,1.0,Normal
2026-07-24 16:20:53,328.4578386489702,0,Normal,1.0,Normal
2026-07-24 17:20:53,360.4614697940373,0,Normal,0.97,Normal
2026-07-24 18:20:53,406.6449394313902,0,Auto Scaling,1.0,Auto Scaling
2026-07-24 19:20:53,308.9854556788325,0,Normal,1.0,Normal
2026-07-24 20:20:53,425.69938956857953,0,Storage Growth,1.0,Storage Growth
2026-07-24 21:20:53,424.8492699335576,0,Idle Resources,1.0,Idle Resources
2026-07-24 22:20:53,354.432310843734,0,Normal,1.0,Normal
2026-07-24 23:20:53,359.90614325271633,0,Normal,0.99,Normal
2026-07-25 00:20:53,293.1419262571117,0,Normal,1.0,Normal
2026-07-25 01:20:53,312.9777886781975,0,Normal,1.0,Normal
2026-07-25 02:20:53,297.5522913458906,0,Network Traffic,1.0,Network Traffic
2026-07-25 03:20:53,352.8004989649813,0,Normal,1.0,Normal
2026-07-25 04:20:53,332.5074355186387,0,Normal,1.0,Normal
2026-07-25 05:20:53,377.5268591565862,0,Idle Resources,1.0,Idle Resources
2026-07-25 06:20:53,347.5226112864223,0,Normal,1.0,Normal
2026-07-25 07:20:53,283.2744244653801,0,Normal,1.0,Normal
2026-07-25 08:20:53,393.0247000946901,0,Normal,0.98,Normal
2026-07-25 09:20:53,319.71876012261623,0,Auto Scaling,1.0,Auto Scaling
2026-07-25 10:20:53,365.7686103953659,0,Network Traffic,1.0,Network Traffic
2026-07-25 11:20:53,380.65621164546815,0,Normal,1.0,Normal
2026-07-25 12:20:53,461.538415433147,0,Idle Resources,1.0,Idle Resources
2026-07-25 13:20:53,375.5752408053,0,Normal,1.0,Normal
2026-07-25 14:20:53,276.9623372495807,0,Normal,1.0,Normal
2026-07-25 15:20:53,313.71380920109976,0,Normal,1.0,Normal
2026-07-25 16:20:53,478.2761009466077,0,Auto Scaling,1.0,Auto Scaling
2026-07-25 17:20:53,354.00206072289694,0,Network Traffic,1.0,Network Traffic
2026-07-25 18:20:53,313.1002620617926,0,Normal,1.0,Normal
2026-07-25 19:20:53,385.1326605391844,0,Network Traffic,1.0,Network Traffic
2026-07-25 20:20:53,381.05934145950863,0,Idle Resources,1.0,Idle Resources
2026-07-25 21:20:53,438.2051062889485,0,Normal,1.0,Normal
2026-07-25 22:20:53,347.47664187800103,0,Network Traffic,1.0,Network Traffic
2026-07-25 23:20:53,267.6637616688744,0,Normal,1.0,Normal
2026-07-26 00:20:53,329.76376748823094,0,Network Traffic,1.0,Network Traffic
2026-07-26 01:20:53,325.9516912369862,0,Normal,1.0,Normal
2026-07-26 02:20:53,524.3573773600507,0,Backup/Snapshot Growth,1.0,Backup/Snapshot Growth
2026-07-26 03:20:53,424.4289058173599,0,Database Load,1.0,Database Load
2026-07-26 04:20:53,390.0440545039697,0,Auto Scaling,1.0,Auto Scaling
2026-07-26 05:20:53,301.4015524748052,0,Normal,1.0,Normal
2026-07-26 06:20:53,298.01656021244867,0,Storage Growth,1.0,Storage Growth
2026-07-26 07:20:53,448.5927036092509,0,Database Load,1.0,Database Load
2026-07-26 08:20:53,460.4038399985554,0,Idle Resources,1.0,Idle Resources
2026-07-26 09:20:53,417.67140311329695,0,Network Traffic,1.0,Network Traffic
2026-07-26 10:20:53,252.8293826429563,0,Normal,1.0,Normal
2026-07-26 11:20:53,383.5475866072434,0,Normal,1.0,Normal
2026-07-26 12:20:53,388.1128417173313,0,Normal,1.0,Normal
2026-07-26 13:20:53,352.7609012012556,0,Normal,0.9,Normal
2026-07-26 14:20:53,376.619456400316,0,Network Traffic,1.0,Network Traffic
2026-07-26 15:20:53,484.0847502439032,0,Auto Scaling,1.0,Auto Scaling
2026-07-26 16:20:53,291.103522365025,0,Normal,0.95,Normal
2026-07-26 17:20:53,383.99896028011193,0,Normal,1.0,Normal
2026-07-26 18:20:53,593.2368340602815,1,Backup/Snapshot Growth,1.0,Backup/Snapshot Growth
2026-07-26 19:20:53,605.6416555242175,0,Database Load,0.99,Database Load
2026-07-26 20:20:53,517.876928281596,1,Idle Resources,1.0,Idle Resources
2026-07-26 21:20:53,429.3341825580085,0,Auto Scaling,1.0,Auto Scaling
2026-07-26 22:20:53,361.3767105044424,0,Normal,1.0,Normal
2026-07-26 23:20:53,389.5587220731092,0,Normal,1.0,Normal
2026-07-27 00:20:53,257.2052853752499,0,Normal,1.0,Normal
2026-07-27 01:20:53,431.9978065622416,0,Idle Resources,1.0,Idle Resources
2026-07-27 02:20:53,355.70772888457327,0,Network Traffic,1.0,Network Traffic
2026-07-27 03:20:53,371.46158673169447,0,Normal,1.0,Normal
2026-07-27 04:20:53,290.5026100009734,0,Normal,1.0,Normal
2026-07-27 05:20:53,594.5207996771334,0,Database Load,0.98,Database Load
2026-07-27 06:20:53,265.1624466389149,0,Normal,1.0,Normal
2026-07-27 07:20:53,381.7310713900514,0,Normal,1.0,Normal
2026-07-27 08:20:53,362.42311393071975,0,Normal,1.0,Normal
2026-07-27 09:20:53,336.75234398311767,0,Normal,1.0,Normal
2026-07-27 10:20:53,494.2121798156787,1,Idle Resources,1.0,Idle Resources
2026-07-27 11:20:53,260.30887089537435,0,Normal,1.0,Normal
2026-07-27 12:20:53,436.7566972443338,0,Backup/Snapshot Growth,0.99,Backup/Snapshot Growth
2026-07-27 13:20:53,383.5861225312395,0,Storage Growth,0.98,Storage Growth
2026-07-27 14:20:53,396.1672334915274,0,Idle Resources,1.0,Idle Resources
2026-07-27 15:20:53,321.2598105544523,0,Auto Scaling,1.0,Auto Scaling
2026-07-27 16:20:53,427.2354264993523,0,Storage Growth,1.0,Storage Growth
2026-07-27 17:20:53,360.33725731918366,0,Normal,1.0,Normal
2026-07-27 18:20:53,388.61439463368777,0,Normal,1.0,Normal
2026-07-27 19:20:53,277.9819943316156,0,Normal,1.0,Normal
2026-07-27 20:20:53,416.7550734473536,0,Normal,1.0,Normal
2026-07-27 21:20:53,458.4454338662005,0,Backup/Snapshot Growth,0.99,Backup/Snapshot Growth
2026-07-27 22:20:53,335.9816706009872,0,Normal,1.0,Normal
2026-07-27 23:20:53,318.95853265825184,0,Normal,1.0,Normal
2026-07-28 00:20:53,398.3896419823949,0,Normal,1.0,Normal
2026-07-28 01:20:53,387.3219870613066,0,Idle Resources,1.0,Idle Resources
2026-07-28 02:20:53,476.95000025540776,0,Backup/Snapshot Growth,0.97,Backup/Snapshot Growth
2026-07-28 03:20:53,240.2210727489676,0,Normal,1.0,Normal
2026-07-28 04:20:53,515.9203532483873,0,Database Load,1.0,Database Load
2026-07-28 05:20:53,538.5890014888591,0,Backup/Snapshot Growth,1.0,Backup/Snapshot Growth
2026-07-28 06:20:53,259.47551183363737,0,Network Traffic,1.0,Network Traffic
2026-07-28 07:20:53,574.5804089262554,1,Backup/Snapshot Growth,1.0,Backup/Snapshot Growth
2026-07-28 08:20:53,441.9919890191214,0,Normal,0.99,Normal
2026-07-28 09:20:53,232.78594680946264,0,Normal,1.0,Normal
2026-07-28 10:20:53,344.184934932699,0,Idle Resources,1.0,Idle Resources
2026-07-28 11:20:53,367.8428289851773,0,Auto Scaling,1.0,Auto Scaling
2026-07-28 12:20:53,325.8791220651753,0,Normal,1.0,Normal
2026-07-28 13:20:53,348.71990819647,0,Network Traffic,0.98,Network Traffic
2026-07-28 14:20:53,313.6165646442919,0,Network Traffic,1.0,Network Traffic
2026-07-28 15:20:53,356.60192578511203,0,Normal,1.0,Normal
2026-07-28 16:20:53,319.4248724387234,0,Auto Scaling,1.0,Auto Scaling
2026-07-28 17:20:53,310.4621144834847,0,Network Traffic,1.0,Network Traffic
2026-07-28 18:20:53,429.7955796530209,0,Idle Resources,1.0,Idle Resources
2026-07-28 19:20:53,313.8182993925413,1,Network Traffic,1.0,Network Traffic
2026-07-28 20:20:53,441.8009806631128,0,Idle Resources,1.0,Idle Resources
2026-07-28 21:20:53,325.3282649573292,0,Normal,1.0,Normal
2026-07-28 22:20:53,356.51589990247265,0,Normal,1.0,Normal
2026-07-28 23:20:53,423.5906856755501,0,Idle Resources,1.0,Idle Resources
2026-07-29 00:20:53,379.7408812666527,0,Normal,0.99,Normal
2026-07-29 01:20:53,208.9926432902256,0,Normal,1.0,Normal
2026-07-29 02:20:53,307.1755896880682,0,Normal,1.0,Normal
2026-07-29 03:20:53,308.18224746912216,0,Normal,1.0,Normal
2026-07-29 04:20:53,256.6381728910574,0,Storage Growth,1.0,Storage Growth
2026-07-29 05:20:53,343.79055080649846,0,Normal,1.0,Normal
2026-07-29 06:20:53,346.53622245401914,0,Normal,0.97,Normal
2026-07-29 07:20:53,379.35163092308153,0,Normal,1.0,Normal
2026-07-29 08:20:53,356.84496315183054,0,Idle Resources,1.0,Idle Resources
2026-07-29 09:20:53,381.50531448705976,0,Normal,0.99,Normal
2026-07-29 10:20:53,642.9542395127941,1,Database Load,1.0,Database Load
2026-07-29 11:20:53,411.0448443091967,0,Normal,1.0,Normal
2026-07-29 12:20:53,401.3758103594981,0,Normal,1.0,Normal
2026-07-29 13:20:53,436.4711713190846,0,Network Traffic,1.0,Network Traffic
2026-07-29 14:20:53,298.38827924621256,0,Normal,1.0,Normal
2026-07-29 15:20:53,349.3635532268891,0,Auto Scaling,1.0,Auto Scaling
2026-07-29 16:20:53,302.0300518535963,0,Normal,1.0,Normal
2026-07-29 17:20:53,409.8180447233361,0,Storage Growth,0.94,Storage Growth
2026-07-29 18:20:53,295.1679928210046,0,Idle Resources,0.99,Idle Resources
2026-07-29 19:20:53,703.1459735964476,1,Database Load,1.0,Database Load
2026-07-29 20:20:53,317.5739158096838,0,Normal,1.0,Normal
2026-07-29 21:20:53,399.38537413835047,0,Network Traffic,0.99,Network Traffic
2026-07-29 22:20:53,345.76409140334584,0,Normal,1.0,Normal
2026-07-29 23:20:53,284.924318565164,0,Normal,1.0,Normal
2026-07-30 00:20:53,371.8554706050697,0,Idle Resources,1.0,Idle Resources
2026-07-30 01:20:53,389.96419990990233,0,Normal,1.0,Normal
2026-07-30 02:20:53,386.4927786437543,0,Normal,1.0,Normal
2026-07-30 03:20:53,285.4270357112379,0,Normal,1.0,Normal
2026-07-30 04:20:53,409.427289438303,0,Idle Resources,1.0,Idle Resources
2026-07-30 05:20:53,438.6048356028828,0,Normal,0.98,Normal
2026-07-30 06:20:53,360.9219883850425,0,Normal,1.0,Normal
2026-07-30 07:20:53,271.5628804205289,0,Normal,1.0,Normal
2026-07-30 08:20:53,343.15820181870373,0,Auto Scaling,1.0,Auto Scaling
2026-07-30 09:20:53,308.17096884385273,0,Auto Scaling,1.0,Auto Scaling
2026-07-30 10:20:53,335.0730395652864,0,Normal,1.0,Normal
2026-07-30 11:20:53,377.580620997456,0,Normal,1.0,Normal
2026-07-30 12:20:53,513.6983904595701,1,Auto Scaling,1.0,Auto Scaling
2026-07-30 13:20:53,313.38711574375293,0,Idle Resources,0.97,Idle Resources
2026-07-30 14:20:53,446.8954165356502,0,Storage Growth,0.99,Storage Growth
2026-07-30 15:20:53,314.78326502804464,0,Normal,1.0,Normal
2026-07-30 16:20:53,253.8507417626335,0,Network Traffic,1.0,Network Traffic
2026-07-30 17:20:53,405.7201483481373,0,Network Traffic,0.98,Network Traffic
2026-07-30 18:20:53,345.1813354708198,0,Idle Resources,1.0,Idle Resources
2026-07-30 19:20:53,326.64972965164094,0,Normal,1.0,Normal
2026-07-30 20:20:53,353.41295598494656,0,Auto Scaling,0.99,Auto Scaling
2026-07-30 21:20:53,316.1340500719858,0,Normal,1.0,Normal
2026-07-30 22:20:53,237.21276059785936,0,Normal,1.0,Normal
2026-07-30 23:20:53,392.6292482868088,0,Normal,1.0,Normal
2026-07-31 00:20:53,507.4278378757555,0,Idle Resources,1.0,Idle Resources
2026-07-31 01:20:53,369.6724845401075,0,Normal,1.0,Normal
2026-07-31 02:20:53,531.0634373162703,0,Backup/Snapshot Growth,1.0,Backup/Snapshot Growth
2026-07-31 03:20:53,457.0434465948707,0,Auto Scaling,1.0,Auto Scaling
2026-07-31 04:20:53,297.04701021965354,0,Normal,1.0,Normal
2026-07-31 05:20:53,448.43339107529584,0,Idle Resources,1.0,Idle Resources
2026-07-31 06:20:53,276.92850760359363,0,Normal,1.0,Normal
2026-07-31 07:20:53,368.9214033845951,0,Idle Resources,0.98,Idle Resources
2026-07-31 08:20:53,400.23964110457,0,Network Traffic,1.0,Network Traffic
2026-07-31 09:20:53,366.5615835597232,0,Idle Resources,1.0,Idle Resources
2026-07-31 10:20:53,342.0868300387226,0,Normal,1.0,Normal
2026-07-31 11:20:53,286.9373805279945,0,Normal,1.0,Normal
2026-07-31 12:20:53,419.5285494441305,0,Normal,1.0,Normal
2026-07-31 13:20:53,431.4062707410637,0,Normal,1.0,Normal
2026-07-31 14:20:53,547.952569883197,0,Database Load,1.0,Database Load
2026-07-31 15:20:53,271.4210215341056,0,Normal,0.99,Normal
2026-07-31 16:20:53,310.29160400501337,0,Network Traffic,1.0,Network Traffic
2026-07-31 17:20:53,251.29430676052857,0,Normal,1.0,Normal
2026-07-31 18:20:53,658.4180459799276,1,Database Load,1.0,Database Load
2026-07-31 19:20:53,595.5845161346447,0,Backup/Snapshot Growth,1.0,Backup/Snapshot Growth
2026-07-31 20:20:53,340.6841653780166,0,Normal,1.0,Normal
2026-07-31 21:20:53,244.1631100291082,0,Normal,1.0,Normal
2026-07-31 22:20:53,396.87557001736775,0,Auto Scaling,1.0,Auto Scaling
2026-07-31 23:20:53,368.1472814369844,0,Auto Scaling,1.0,Auto Scaling
2026-08-01 00:20:53,364.9219196917952,0,Normal,1.0,Normal
2026-08-01 01:20:53,608.1488687390664,0,Database Load,1.0,Database Load
2026-08-01 02:20:53,304.02728225980667,0,Normal,1.0,Normal
2026-08-01 03:20:53,370.16859042598367,0,Normal,0.99,Normal
2026-08-01 04:20:53,509.851668974145,0,Database Load,1.0,Database Load
2026-08-01 05:20:53,623.9858981369842,1,Database Load,1.0,Database Load
2026-08-01 06:20:53,351.8012391232608,0,Normal,1.0,Normal
2026-08-01 07:20:53,440.767875712947,0,Idle Resources,1.0,Idle Resources
2026-08-01 08:20:53,465.627986018648,0,Auto Scaling,1.0,Auto Scaling
2026-08-01 09:20:53,534.7737699127505,0,Backup/Snapshot Growth,1.0,Backup/Snapshot Growth
2026-08-01 10:20:53,319.60496189224574,0,Normal,1.0,Normal
2026-08-01 11:20:53,280.32677572061226,0,Normal,1.0,Normal
2026-08-01 12:20:53,453.48017916351006,0,Idle Resources,1.0,Idle Resources
2026-08-01 13:20:53,332.3732904513466,0,Normal,1.0,Normal
2026-08-01 14:20:53,318.34439019445244,0,Normal,1.0,Normal
2026-08-01 15:20:53,393.9822741898715,0,Normal,1.0,Normal
2026-08-01 16:20:53,370.00004528142506,0,Auto Scaling,1.0,Auto Scaling
2026-08-01 17:20:53,308.98435005051766,0,Normal,1.0,Normal
2026-08-01 18:20:53,301.7350041926551,0,Normal,0.91,Normal
2026-08-01 19:20:53,436.0550368701173,0,Idle Resources,1.0,Idle Resources
2026-08-01 20:20:53,493.8886916681525,0,Normal,0.96,Normal
2026-08-01 21:20:53,471.12397820709486,0,Backup/Snapshot Growth,1.0,Backup/Snapshot Growth
2026-08-01 22:20:53,415.40998834388,0,Idle Resources,0.9,Idle Resources
2026-08-01 23:20:53,363.9207106944234,0,Network Traffic,1.0,Network Traffic
2026-08-02 00:20:53,362.9680934470612,0,Network Traffic,1.0,Network Traffic
2026-08-02 01:20:53,370.9479829278858,1,Idle Resources,1.0,Idle Resources
2026-08-02 02:20:53,249.8435389668771,0,Normal,1.0,Normal
2026-08-02 03:20:53,331.227519308106,0,Normal,1.0,Normal
2026-08-02 04:20:53,471.76684113192334,0,Database Load,1.0,Database Load
2026-08-02 05:20:53,322.57669701743606,0,Normal,1.0,Normal
2026-08-02 06:20:53,306.4417702405386,0,Normal,0.56,Database Load
2026-08-02 07:20:53,347.89647951783064,0,Normal,1.0,Normal
2026-08-02 08:20:53,432.3590990643797,0,Idle Resources,1.0,Idle Resources
2026-08-02 09:20:53,312.4392022555891,0,Normal,1.0,Normal
2026-08-02 10:20:53,330.2807179286889,0,Network Traffic,0.99,Network Traffic
2026-08-02 11:20:53,344.8478436104875,0,Auto Scaling,1.0,Auto Scaling
2026-08-02 12:20:53,348.11033030221904,0,Storage Growth,0.99,Storage Growth
2026-08-02 13:20:53,274.34637552886954,0,Normal,1.0,Normal
2026-08-02 14:20:53,355.1943324680062,0,Normal,1.0,Normal
2026-08-02 15:20:53,310.8833098755511,0,Normal,1.0,Normal
2026-08-02 16:20:53,399.0653885018941,0,Normal,1.0,Normal
2026-08-02 17:20:53,402.418807896247,0,Idle Resources,1.0,Idle Resources
2026-08-02 18:20:53,426.5859851491122,0,Normal,1.0,Normal
2026-08-02 19:20:53,313.48291589727785,0,Storage Growth,0.98,Storage Growth
2026-08-02 20:20:53,414.375489658433,0,Database Load,0.99,Database Load
2026-08-02 21:20:53,419.898410885231,0,Idle Resources,1.0,Idle Resources
2026-08-02 22:20:53,454.0490023529274,0,Normal,0.99,Normal
2026-08-02 23:20:53,377.34498976614304,0,Auto Scaling,1.0,Auto Scaling
2026-08-03 00:20:53,481.1132747859431,0,Auto Scaling,1.0,Auto Scaling
2026-08-03 01:20:53,357.3891965422519,0,Normal,1.0,Normal
2026-08-03 02:20:53,389.5937923268212,0,Network Traffic,1.0,Network Traffic
2026-08-03 03:20:53,348.9978929699648,0,Normal,1.0,Normal
2026-08-03 04:20:53,278.87965204235235,0,Auto Scaling,1.0,Auto Scaling
2026-08-03 05:20:53,397.19820404902646,0,Normal,1.0,Normal
2026-08-03 06:20:53,401.26614368376295,0,Normal,1.0,Normal
2026-08-03 07:20:53,235.87502185466988,0,Normal,0.96,Normal
2026-08-03 08:20:53,457.2667052173979,0,Normal,0.99,Normal
2026-08-03 09:20:53,472.1830771473952,0,Database Load,0.83,Database Load
2026-08-03 10:20:53,462.078319150944,0,Idle Resources,1.0,Idle Resources
2026-08-03 11:20:53,403.069480881217,0,Backup/Snapshot Growth,1.0,Backup/Snapshot Growth
2026-08-03 12:20:53,406.7432708772294,0,Normal,1.0,Normal
2026-08-03 13:20:53,534.6699843968008,0,Database Load,1.0,Database Load
2026-08-03 14:20:53,286.25763295298486,0,Normal,1.0,Normal
2026-08-03 15:20:53,295.8154729060228,0,Normal,1.0,Normal
2026-08-03 16:20:53,359.96723128830087,0,Normal,1.0,Normal
2026-08-03 17:20:53,283.7557164957794,0,Normal,1.0,Normal
2026-08-03 18:20:53,292.5957704639591,0,Normal,1.0,Normal
2026-08-03 19:20:53,360.0088690583102,0,Normal,0.9,Normal
2026-08-03 20:20:53,302.63947594825135,0,Normal,1.0,Normal
2026-08-03 21:20:53,287.58658188963653,0,Normal,1.0,Normal
2026-08-03 22:20:53,427.2944911362232,0,Normal,1.0,Normal
2026-08-03 23:20:53,521.1652842480819,0,Idle Resources,1.0,Idle Resources
2026-08-04 00:20:53,361.52853363652525,0,Network Traffic,1.0,Network Traffic
2026-08-04 01:20:53,272.3383417187192,0,Normal,1.0,Normal
2026-08-04 02:20:53,475.4974227035525,0,Idle Resources,1.0,Idle Resources
2026-08-04 03:20:53,260.9424302244817,0,Normal,1.0,Normal
2026-08-04 04:20:53,398.3403021528289,0,Storage Growth,1.0,Storage Growth
2026-08-04 05:20:53,314.6070650822664,0,Normal,1.0,Normal
2026-08-04 06:20:53,432.728136423112,0,Auto Scaling,1.0,Auto Scaling
2026-08-04 07:20:53,476.9961923667991,0,Normal,0.86,Normal
2026-08-04 08:20:53,535.6797740613081,0,Database Load,1.0,Database Load
2026-08-04 09:20:53,328.1206749739935,0,Normal,1.0,Normal
2026-08-04 10:20:53,636.2592556630884,1,Database Load,1.0,Database Load
2026-08-04 11:20:53,381.6650659761718,0,Normal,1.0,Normal
2026-08-04 12:20:53,364.6700191765973,0,Normal,1.0,Normal
2026-08-04 13:20:53,360.1162814531211,0,Normal,1.0,Normal
2026-08-04 14:20:53,358.13598460829144,0,Storage Growth,0.98,Storage Growth
2026-08-04 15:20:53,292.66098560003985,0,Normal,1.0,Normal
2026-08-04 16:20:53,387.8635180700917,0,Storage Growth,1.0,Storage Growth
2026-08-04 17:20:53,370.5151342971459,0,Normal,0.95,Normal
2026-08-04 18:20:53,342.2473169045731,0,Normal,1.0,Normal
2026-08-04 19:20:53,347.2391078648724,0,Normal,0.99,Normal
2026-08-04 20:20:53,397.5420740777214,0,Database Load,1.0,Database Load
2026-08-04 21:20:53,362.32349125274686,0,Normal,0.99,Normal
2026-08-04 22:20:53,312.2124970045436,0,Normal,1.0,Normal
2026-08-04 23:20:53,284.7111025401472,0,Normal,1.0,Normal
2026-08-05 00:20:53,409.0111606835416,0,Normal,1.0,Normal
2026-08-05 01:20:53,305.9134299927837,0,Normal,1.0,Normal
2026-08-05 02:20:53,356.03481639045,0,Normal,0.97,Normal
2026-08-05 03:20:53,417.9300218813819,0,Normal,0.96,Normal
2026-08-05 04:20:53,325.9596791601373,0,Normal,1.0,Normal
2026-08-05 05:20:53,411.890594467928,0,Normal,1.0,Normal
2026-08-05 06:20:53,359.5847477414635,0,Normal,1.0,Normal
2026-08-05 07:20:53,389.6227007451211,0,Storage Growth,1.0,Storage Growth
2026-08-05 08:20:53,461.8547556393722,0,Idle Resources,1.0,Idle Resources
2026-08-05 09:20:53,447.9363345262436,0,Idle Resources,1.0,Idle Resources
2026-08-05 10:20:53,304.8727053886064,0,Normal,1.0,Normal
2026-08-05 11:20:53,347.48207164621783,0,Normal,1.0,Normal
2026-08-05 12:20:53,325.4283313126777,0,Normal,0.97,Normal
2026-08-05 13:20:53,265.4561857691162,0,Auto Scaling,0.99,Auto Scaling
2026-08-05 14:20:53,400.862105917642,0,Normal,0.96,Normal
2026-08-05 15:20:53,459.757529386128,0,Auto Scaling,0.97,Auto Scaling
2026-08-05 16:20:53,459.7782560078034,0,Auto Scaling,0.99,Auto Scaling
2026-08-05 17:20:53,393.7560192452796,0,Auto Scaling,1.0,Auto Scaling
2026-08-05 18:20:53,380.7680302011481,0,Normal,1.0,Normal
2026-08-05 19:20:53,398.90139616165743,0,Normal,1.0,Normal
2026-08-05 20:20:53,402.5860902849457,0,Auto Scaling,1.0,Auto Scaling
2026-08-05 21:20:53,375.663108141057,0,Normal,1.0,Normal
2026-08-05 22:20:53,421.8070545196152,0,Idle Resources,1.0,Idle Resources
2026-08-05 23:20:53,375.17544392707214,0,Normal,1.0,Normal
2026-08-06 00:20:53,340.2277799510491,0,Normal,1.0,Normal
2026-08-06 01:20:53,333.560624517002,0,Normal,1.0,Normal
2026-08-06 02:20:53,389.6876853321121,0,Idle Resources,1.0,Idle Resources
2026-08-06 03:20:53,379.0102985993125,0,Normal,1.0,Normal
2026-08-06 04:20:53,559.8392733893533,0,Backup/Snapshot Growth,1.0,Backup/Snapshot Growth
2026-08-06 05:20:53,426.0911835889133,0,Storage Growth,1.0,Storage Growth
2026-08-06 06:20:53,406.1356856689293,0,Normal,1.0,Normal
2026-08-06 07:20:53,450.10295944445454,0,Idle Resources,0.99,Idle Resources
2026-08-06 08:20:53,594.4267408387701,1,Database Load,1.0,Database Load
2026-08-06 09:20:53,323.8011427746113,0,Normal,1.0,Normal
2026-08-06 10:20:53,337.8684768355359,0,Storage Growth,0.99,Storage Growth
2026-08-06 11:20:53,640.618301809958,1,Database Load,1.0,Database Load
2026-08-06 12:20:53,402.3528849711513,0,Idle Resources,1.0,Idle Resources
2026-08-06 13:20:53,369.06491983618827,0,Normal,1.0,Normal
2026-08-06 14:20:53,370.4848967397626,0,Normal,1.0,Normal
2026-08-06 15:20:53,592.7869794371775,1,Backup/Snapshot Growth,1.0,Backup/Snapshot Growth
2026-08-06 16:20:53,549.817165082857,0,Backup/Snapshot Growth,1.0,Backup/Snapshot Growth
2026-08-06 17:20:53,340.12140221254543,0,Normal,1.0,Normal
2026-08-06 18:20:53,362.8975853465085,0,Normal,1.0,Normal
2026-08-06 19:20:53,377.6300867293184,0,Storage Growth,0.99,Storage Growth
2026-08-06 20:20:53,287.75095187055496,0,Idle Resources,0.97,Idle Resources
2026-08-06 21:20:53,423.7918793830797,0,Idle Resources,1.0,Idle Resources
2026-08-06 22:20:53,463.1266570696832,1,Database Load,0.99,Database Load
2026-08-06 23:20:53,281.3711114219746,0,Normal,1.0,Normal
2026-08-07 00:20:53,383.24936039498414,0,Normal,1.0,Normal
2026-08-07 01:20:53,264.82245308287634,0,Normal,1.0,Normal
2026-08-07 02:20:53,469.5322995906359,0,Backup/Snapshot Growth,0.92,Backup/Snapshot Growth
2026-08-07 03:20:53,412.3943144533498,0,Normal,0.81,Normal
2026-08-07 04:20:53,341.2389427996897,0,Normal,1.0,Normal
2026-08-07 05:20:53,379.7261166990846,0,Normal,1.0,Normal
2026-08-07 06:20:53,372.19539989552607,0,Normal,1.0,Normal
2026-08-07 07:20:53,410.3954349441456,0,Normal,0.97,Normal
2026-08-07 08:20:53,663.0481060572677,1,Database Load,1.0,Database Load
2026-08-07 09:20:53,381.3917762346236,0,Normal,1.0,Normal
2026-08-07 10:20:53,296.93580939348925,0,Network Traffic,1.0,Network Traffic
2026-08-07 11:20:53,351.7041128174164,0,Auto Scaling,1.0,Auto Scaling
2026-08-07 12:20:53,369.45974367628617,0,Idle Resources,1.0,Idle Resources
2026-08-07 13:20:53,569.7092196517975,0,Database Load,1.0,Database Load
2026-08-07 14:20:53,246.82242149711803,0,Normal,1.0,Normal
2026-08-07 15:20:53,608.3108368363183,1,Backup/Snapshot Growth,0.99,Backup/Snapshot Growth
2026-08-07 16:20:53,457.5790387142119,0,Database Load,1.0,Database Load
2026-08-07 17:20:53,421.5617762912727,0,Network Traffic,1.0,Network Traffic
2026-08-07 18:20:53,303.6698762140652,0,Normal,1.0,Normal
2026-08-07 19:20:53,304.3669093424152,0,Auto Scaling,1.0,Auto Scaling
2026-08-07 20:20:53,436.50911241582907,0,Normal,1.0,Normal
2026-08-07 21:20:53,355.259564680924,0,Normal,1.0,Normal
2026-08-07 22:20:53,387.1675594886709,0,Auto Scaling,1.0,Auto Scaling
2026-08-07 23:20:53,338.7313903632572,0,Auto Scaling,1.0,Auto Scaling
2026-08-08 00:20:53,442.6878644074655,0,Auto Scaling,1.0,Auto Scaling
2026-08-08 01:20:53,386.8059798186397,0,Idle Resources,1.0,Idle Resources
2026-08-08 02:20:53,300.6699499734436,0,Network Traffic,1.0,Network Traffic
2026-08-08 03:20:53,262.4489340819848,0,Normal,1.0,Normal
2026-08-08 04:20:53,440.280133501439,0,Auto Scaling,1.0,Auto Scaling
2026-08-08 05:20:53,426.3770142082666,0,Auto Scaling,0.99,Auto Scaling
2026-08-08 06:20:53,429.56910958126014,0,Auto Scaling,1.0,Auto Scaling
2026-08-08 07:20:53,326.5611796263336,0,Normal,1.0,Normal
2026-08-08 08:20:53,500.0590593552696,1,Backup/Snapshot Growth,0.99,Backup/Snapshot Growth
2026-08-08 09:20:53,369.6303194886168,0,Storage Growth,0.98,Storage Growth
2026-08-08 10:20:53,396.99518152984376,0,Auto Scaling,1.0,Auto Scaling
2026-08-08 11:20:53,384.4667181952242,1,Auto Scaling,1.0,Auto Scaling
2026-08-08 12:20:53,457.1334709464087,0,Database Load,1.0,Database Load
2026-08-08 13:20:53,315.5540849395921,0,Normal,1.0,Normal
2026-08-08 14:20:53,412.8108290191383,0,Normal,0.99,Normal
2026-08-08 15:20:53,407.3354420165952,0,Normal,1.0,Normal
2026-08-08 16:20:53,479.4798889688892,0,Storage Growth,0.99,Storage Growth
2026-08-08 17:20:53,323.30700020279664,0,Normal,1.0,Normal
2026-08-08 18:20:53,373.9028090979809,0,Normal,1.0,Normal
2026-08-08 19:20:53,429.5280791351889,0,Normal,1.0,Normal
2026-08-08 20:20:53,411.3071573760061,0,Normal,0.97,Normal
2026-08-08 21:20:53,487.8361649152701,0,Database Load,1.0,Database Load
2026-08-08 22:20:53,309.3003375852039,0,Storage Growth,0.96,Storage Growth
2026-08-08 23:20:53,609.8247342599262,1,Database Load,1.0,Database Load
2026-08-09 00:20:53,322.0826209781188,0,Normal,1.0,Normal
2026-08-09 01:20:53,440.01405797374986,0,Normal,0.99,Normal
2026-08-09 02:20:53,372.29585530643936,0,Normal,1.0,Normal
2026-08-09 03:20:53,392.72989100704456,0,Normal,1.0,Normal
2026-08-09 04:20:53,374.5642707511564,0,Auto Scaling,1.0,Auto Scaling
2026-08-09 05:20:53,433.882961159418,0,Normal,1.0,Normal
2026-08-09 06:20:53,295.96760078973034,0,Network Traffic,1.0,Network Traffic
2026-08-09 07:20:53,377.84027068984057,0,Auto Scaling,1.0,Auto Scaling
2026-08-09 08:20:53,323.69652471615854,0,Normal,1.0,Normal
2026-08-09 09:20:53,359.8634376079069,0,Normal,1.0,Normal
2026-08-09 10:20:53,333.2991251335015,0,Network Traffic,1.0,Network Traffic
2026-08-09 11:20:53,443.5619985659885,0,Network Traffic,1.0,Network Traffic
2026-08-09 12:20:53,313.87692649007187,0,Normal,1.0,Normal
2026-08-09 13:20:53,386.8934544530702,0,Normal,1.0,Normal
2026-08-09 14:20:53,257.07433659890035,0,Normal,0.99,Normal
2026-08-09 15:20:53,296.3611182516264,0,Normal,1.0,Normal
2026-08-09 16:20:53,443.4798213018428,0,Idle Resources,1.0,Idle Resources
2026-08-09 17:20:53,603.4306968648386,0,Database Load,1.0,Database Load
2026-08-09 18:20:53,356.94813373235775,0,Normal,1.0,Normal
2026-08-09 19:20:53,320.40862823518216,0,Normal,0.93,Normal
2026-08-09 20:20:53,384.1647636179051,0,Storage Growth,1.0,Storage Growth
2026-08-09 21:20:53,303.3025052766293,0,Normal,1.0,Normal
2026-08-09 22:20:53,329.34128253289845,0,Normal,1.0,Normal
2026-08-09 23:20:53,362.04691653544256,0,Normal,0.99,Normal
2026-08-10 00:20:53,504.5930571271349,1,Backup/Snapshot Growth,1.0,Backup/Snapshot Growth
2026-08-10 01:20:53,396.8140422598687,0,Database Load,1.0,Database Load
2026-08-10 02:20:53,428.678446509152,0,Network Traffic,1.0,Network Traffic
2026-08-10 03:20:53,419.312121671299,0,Normal,1.0,Normal
2026-08-10 04:20:53,343.4921823737326,0,Normal,1.0,Normal
2026-08-10 05:20:53,295.5604847591228,0,Normal,1.0,Normal
2026-08-10 06:20:53,416.4177702339019,0,Idle Resources,0.99,Idle Resources
2026-08-10 07:20:53,403.7180886831353,0,Normal,0.99,Normal
2026-08-10 08:20:53,355.8213133147583,0,Normal,1.0,Normal
2026-08-10 09:20:53,513.1444442298903,0,Database Load,1.0,Database Load
2026-08-10 10:20:53,575.7755399968963,0,Database Load,0.99,Database Load
2026-08-10 11:20:53,437.71842693080526,0,Auto Scaling,1.0,Auto Scaling
2026-08-10 12:20:53,416.500736647899,0,Normal,0.99,Normal
2026-08-10 13:20:53,291.23497726488733,0,Normal,1.0,Normal
2026-08-10 14:20:53,306.583285213823,0,Normal,1.0,Normal
2026-08-10 15:20:53,443.4704469836111,0,Idle Resources,1.0,Idle Resources
2026-08-10 16:20:53,354.2236768799764,0,Normal,1.0,Normal
2026-08-10 17:20:53,387.438147551868,0,Normal,1.0,Normal
2026-08-10 18:20:53,323.85431996402053,0,Normal,0.98,Normal
2026-08-10 19:20:53,299.6402360141759,0,Normal,1.0,Normal
2026-08-10 20:20:53,346.2429497454822,0,Network Traffic,1.0,Network Traffic
2026-08-10 21:20:53,335.9048240491597,0,Normal,1.0,Normal
2026-08-10 22:20:53,301.5783070395564,0,Normal,1.0,Normal
2026-08-10 23:20:53,484.27072759786176,0,Database Load,1.0,Database Load
2026-08-11 00:20:53,355.7491833394253,0,Normal,1.0,Normal
2026-08-11 01:20:53,321.82003818866554,0,Normal,0.99,Normal
2026-08-11 02:20:53,304.1970215026664,0,Normal,1.0,Normal
2026-08-11 03:20:53,355.57510779458016,0,Idle Resources,1.0,Idle Resources
2026-08-11 04:20:53,499.3145358530351,0,Storage Growth,0.89,Storage Growth
2026-08-11 05:20:53,339.7940697670257,0,Network Traffic,1.0,Network Traffic
2026-08-11 06:20:53,415.3105857135142,0,Normal,0.99,Normal
2026-08-11 07:20:53,439.9816599001013,0,Database Load,0.96,Database Load
2026-08-11 08:20:53,378.8675121410174,0,Normal,1.0,Normal
2026-08-11 09:20:53,392.9517813405103,0,Idle Resources,0.99,Idle Resources
2026-08-11 10:20:53,394.0757428694824,0,Idle Resources,1.0,Idle Resources
2026-08-11 11:20:53,335.084050619796,0,Normal,1.0,Normal
2026-08-11 12:20:53,346.7368202344681,0,Normal,1.0,Normal
2026-08-11 13:20:53,330.17914655991905,0,Network Traffic,1.0,Network Traffic
2026-08-11 14:20:53,423.8243362453465,0,Normal,0.93,Normal
2026-08-11 15:20:53,498.46771342573686,0,Database Load,1.0,Database Load
2026-08-11 16:20:53,382.6982014270215,0,Normal,1.0,Normal
2026-08-11 17:20:53,362.7926124142031,0,Normal,0.99,Normal
2026-08-11 18:20:53,306.007346053391,0,Normal,1.0,Normal
2026-08-11 19:20:53,258.52980226218875,0,Normal,1.0,Normal
2026-08-11 20:20:53,309.7301171194051,0,Normal,1.0,Normal
2026-08-11 21:20:53,289.5222511445785,0,Normal,0.99,Normal
2026-08-11 22:20:53,494.72840090310217,0,Idle Resources,1.0,Idle Resources
2026-08-11 23:20:53,611.5786405015069,1,Backup/Snapshot Growth,1.0,Backup/Snapshot Growth
2026-08-12 00:20:53,375.9261584745162,0,Normal,1.0,Normal
2026-08-12 01:20:53,464.43314623293367,0,Auto Scaling,1.0,Auto Scaling
2026-08-12 02:20:53,304.0129821003952,0,Normal,1.0,Normal
2026-08-12 03:20:53,399.168732049506,0,Storage Growth,1.0,Storage Growth
2026-08-12 04:20:53,548.1905112093881,1,Idle Resources,1.0,Idle Resources
2026-08-12 05:20:53,321.59063174779845,0,Normal,1.0,Normal
2026-08-12 06:20:53,391.4492293348979,0,Auto Scaling,1.0,Auto Scaling
2026-08-12 07:20:53,362.589946644638,0,Normal,0.97,Normal
2026-08-12 08:20:53,318.1290929190701,0,Normal,1.0,Normal
2026-08-12 09:20:53,376.5387988806736,0,Normal,1.0,Normal
2026-08-12 10:20:53,420.6589499885585,0,Auto Scaling,1.0,Auto Scaling
2026-08-12 11:20:53,286.7183213538271,0,Normal,1.0,Normal
2026-08-12 12:20:53,360.8487344099944,0,Auto Scaling,1.0,Auto Scaling
2026-08-12 13:20:53,288.9330993487817,0,Normal,1.0,Normal
2026-08-12 14:20:53,370.61468491254334,0,Normal,1.0,Normal
2026-08-12 15:20:53,303.0842710015642,0,Auto Scaling,1.0,Auto Scaling
2026-08-12 16:20:53,343.68957685715765,0,Normal,1.0,Normal
2026-08-12 17:20:53,519.2264849401755,0,Idle Resources,1.0,Idle Resources
2026-08-12 18:20:53,515.8642431393515,0,Database Load,1.0,Database Load
2026-08-12 19:20:53,333.2713078806572,0,Normal,1.0,Normal
2026-08-12 20:20:53,454.7401878950197,0,Idle Resources,1.0,Idle Resources
2026-08-12 21:20:53,420.3664814215805,0,Normal,1.0,Normal
2026-08-12 22:20:53,351.06902387672574,0,Normal,1.0,Normal
2026-08-12 23:20:53,402.0031584079799,0,Network Traffic,1.0,Network Traffic
2026-08-13 00:20:53,460.42166730278655,0,Normal,1.0,Normal
2026-08-13 01:20:53,460.5113157017674,0,Idle Resources,1.0,Idle Resources
2026-08-13 02:20:53,312.2087989211737,0,Normal,1.0,Normal
2026-08-13 03:20:53,608.4264901487787,0,Database Load,1.0,Database Load
2026-08-13 04:20:53,419.0883208635431,0,Idle Resources,1.0,Idle Resources
2026-08-13 05:20:53,267.0792990512759,0,Normal,0.99,Normal
2026-08-13 06:20:53,623.8568788081614,1,Database Load,1.0,Database Load
2026-08-13 07:20:53,496.6454978326602,0,Backup/Snapshot Growth,1.0,Backup/Snapshot Growth
2026-08-13 08:20:53,367.5991031790866,0,Normal,1.0,Normal
2026-08-13 09:20:53,698.4361812506071,1,Database Load,1.0,Database Load
2026-08-13 10:20:53,296.05257017577844,0,Normal,1.0,Normal
2026-08-13 11:20:53,399.7957168778903,0,Normal,1.0,Normal
2026-08-13 12:20:53,452.39758992234937,0,Network Traffic,1.0,Network Traffic
2026-08-13 13:20:53,304.6857307459396,0,Normal,1.0,Normal
2026-08-13 14:20:53,300.13404511137554,0,Normal,1.0,Normal
2026-08-13 15:20:53,356.78861909868624,0,Idle Resources,1.0,Idle Resources
2026-08-13 16:20:53,486.6887963691318,0,Auto Scaling,1.0,Auto Scaling
2026-08-13 17:20:53,442.56894592496457,0,Idle Resources,1.0,Idle Resources
2026-08-13 18:20:53,407.7697309845532,0,Storage Growth,0.99,Storage Growth
2026-08-13 19:20:53,550.0739620744777,1,Backup/Snapshot Growth,0.98,Backup/Snapshot Growth
2026-08-13 20:20:53,334.4772626425912,0,Normal,0.99,Normal
2026-08-13 21:20:53,518.6071670601715,0,Database Load,0.99,Database Load
2026-08-13 22:20:53,347.9477097622174,0,Normal,1.0,Normal
2026-08-13 23:20:53,350.0545545606072,0,Normal,1.0,Normal
2026-08-14 00:20:53,401.29062134141,0,Network Traffic,1.0,Network Traffic
2026-08-14 01:20:53,394.1633694916361,0,Normal,1.0,Normal
2026-08-14 02:20:53,415.6353747247096,0,Network Traffic,1.0,Network Traffic
2026-08-14 03:20:53,324.4897559062624,0,Normal,1.0,Normal
2026-08-14 04:20:53,337.9230187033612,0,Normal,1.0,Normal
2026-08-14 05:20:53,426.02570388241617,0,Auto Scaling,1.0,Auto Scaling
2026-08-14 06:20:53,453.6848864730675,0,Network Traffic,1.0,Network Traffic
2026-08-14 07:20:53,455.92361539291966,0,Backup/Snapshot Growth,0.99,Backup/Snapshot Growth
2026-08-14 08:20:53,332.521279830466,0,Normal,1.0,Normal
2026-08-14 09:20:53,280.5889781252069,0,Normal,1.0,Normal
2026-08-14 10:20:53,330.6657424246102,0,Normal,1.0,Normal
2026-08-14 11:20:53,251.16144798316185,0,Normal,1.0,Normal
2026-08-14 12:20:53,470.0178930825929,0,Network Traffic,0.99,Network Traffic
2026-08-14 13:20:53,318.58239514366795,0,Normal,1.0,Normal
2026-08-14 14:20:53,476.9557212653814,0,Storage Growth,0.9,Storage Growth
2026-08-14 15:20:53,257.4815958195948,0,Normal,1.0,Normal
2026-08-14 16:20:53,456.2237743133328,0,Database Load,0.95,Database Load
2026-08-14 17:20:53,311.7762101793691,0,Auto Scaling,1.0,Auto Scaling
2026-08-14 18:20:53,439.4562127155687,0,Idle Resources,1.0,Idle Resources
2026-08-14 19:20:53,402.2683998830915,0,Auto Scaling,1.0,Auto Scaling
2026-08-14 20:20:53,410.5357972622826,0,Network Traffic,1.0,Network Traffic
2026-08-14 21:20:53,339.2554212357543,0,Network Traffic,1.0,Network Traffic
2026-08-14 22:20:53,345.3447324087182,0,Normal,1.0,Normal
2026-08-14 23:20:53,300.4925051134095,0,Normal,1.0,Normal
2026-08-15 00:20:53,352.052993994853,0,Normal,1.0,Normal
2026-08-15 01:20:53,304.87984605322373,0,Normal,1.0,Normal
2026-08-15 02:20:53,566.5803428850943,0,Database Load,1.0,Database Load
2026-08-15 03:20:53,537.0534861042266,0,Backup/Snapshot Growth,1.0,Backup/Snapshot Growth
2026-08-15 04:20:53,398.5454792223789,0,Network Traffic,1.0,Network Traffic
2026-08-15 05:20:53,264.342698812089,0,Normal,0.99,Normal
2026-08-15 06:20:53,418.505810920238,0,Database Load,0.98,Database Load
2026-08-15 07:20:53,260.6620787500896,0,Normal,1.0,Normal
2026-08-15 08:20:53,305.824098923333,0,Network Traffic,1.0,Network Traffic
2026-08-15 09:20:53,504.3294140975472,0,Database Load,1.0,Database Load
2026-08-15 10:20:53,364.0147483774842,0,Normal,1.0,Normal
2026-08-15 11:20:53,408.7172026587128,0,Normal,1.0,Normal
2026-08-15 12:20:53,367.54585255886747,0,Network Traffic,1.0,Network Traffic
2026-08-15 13:20:53,366.5395790178229,0,Network Traffic,1.0,Network Traffic
2026-08-15 14:20:53,424.7136348852701,0,Auto Scaling,1.0,Auto Scaling
2026-08-15 15:20:53,332.9967873779996,0,Auto Scaling,1.0,Auto Scaling
2026-08-15 16:20:53,258.37713889122733,0,Idle Resources,0.97,Idle Resources
2026-08-15 17:20:53,423.3878925454885,0,Normal,1.0,Normal
2026-08-15 18:20:53,383.0214630180922,0,Normal,0.91,Normal
2026-08-15 19:20:53,695.7557868770417,1,Database Load,1.0,Database Load
2026-08-15 20:20:53,417.24112575235296,0,Network Traffic,1.0,Network Traffic
2026-08-15 21:20:53,281.80934964910654,0,Normal,1.0,Normal
2026-08-15 22:20:53,274.231157991822,0,Normal,1.0,Normal
2026-08-15 23:20:53,333.602672728364,0,Normal,1.0,Normal
2026-08-16 00:20:53,368.927193263521,1,Auto Scaling,1.0,Auto Scaling
2026-08-16 01:20:53,350.1323341175115,0,Auto Scaling,1.0,Auto Scaling
2026-08-16 02:20:53,348.0714627825752,0,Idle Resources,1.0,Idle Resources
2026-08-16 03:20:53,324.871309488025,0,Normal,1.0,Normal
2026-08-16 04:20:53,350.6740912006379,0,Auto Scaling,1.0,Auto Scaling
2026-08-16 05:20:53,304.93654189637505,0,Network Traffic,1.0,Network Traffic
2026-08-16 06:20:53,277.52650076109904,0,Normal,1.0,Normal
2026-08-16 07:20:53,352.71454075133687,0,Normal,1.0,Normal
2026-08-16 08:20:53,430.6057264463655,0,Database Load,1.0,Database Load
2026-08-16 09:20:53,266.9471356780832,0,Normal,1.0,Normal
2026-08-16 10:20:53,457.3309714173929,0,Network Traffic,0.99,Network Traffic
2026-08-16 11:20:53,342.81280020335066,0,Normal,0.95,Normal
2026-08-16 12:20:53,385.6114794006968,0,Network Traffic,1.0,Network Traffic
2026-08-16 13:20:53,419.0500298804848,0,Network Traffic,1.0,Network Traffic
2026-08-16 14:20:53,293.50698822034354,0,Normal,1.0,Normal
2026-08-16 15:20:53,354.31788461301585,0,Normal,1.0,Normal
2026-08-16 16:20:53,436.3908640229618,0,Storage Growth,1.0,Storage Growth
2026-08-16 17:20:53,384.45521947861096,0,Idle Resources,1.0,Idle Resources
2026-08-16 18:20:53,384.07954743087055,0,Idle Resources,1.0,Idle Resources
2026-08-16 19:20:53,373.6769026955215,0,Normal,1.0,Normal
2026-08-16 20:20:53,336.545441387423,0,Normal,1.0,Normal
2026-08-16 21:20:53,367.6709524120515,0,Normal,0.98,Normal
2026-08-16 22:20:53,264.03323038146567,0,Normal,1.0,Normal
2026-08-16 23:20:53,315.53348643812814,0,Storage Growth,0.95,Storage Growth
2026-08-17 00:20:53,659.9184309764722,1,Database Load,1.0,Database Load
2026-08-17 01:20:53,421.9279388148555,0,Normal,0.99,Normal
2026-08-17 02:20:53,349.5092461688004,0,Normal,1.0,Normal
2026-08-17 03:20:53,324.1734444731628,0,Auto Scaling,1.0,Auto Scaling
2026-08-17 04:20:53,236.940599650136,0,Network Traffic,1.0,Network Traffic
2026-08-17 05:20:53,306.38324374227125,0,Normal,1.0,Normal
2026-08-17 06:20:53,542.6002900241757,0,Database Load,1.0,Database Load
2026-08-17 07:20:53,336.0791570358614,0,Normal,1.0,Normal
2026-08-17 08:20:53,466.7322058316233,0,Normal,0.98,Normal
2026-08-17 09:20:53,267.7214372085941,0,Normal,1.0,Normal
2026-08-17 10:20:53,298.6385425426389,0,Normal,1.0,Normal
2026-08-17 11:20:53,387.0193296209521,0,Normal,0.99,Normal
2026-08-17 12:20:53,279.6761019313846,0,Network Traffic,1.0,Network Traffic
2026-08-17 13:20:53,592.9072654225271,0,Database Load,1.0,Database Load
2026-08-17 14:20:53,496.6036946488972,0,Database Load,1.0,Database Load
2026-08-17 15:20:53,297.96756937586804,0,Normal,1.0,Normal
2026-08-17 16:20:53,361.5490572460093,0,Auto Scaling,1.0,Auto Scaling
2026-08-17 17:20:53,272.7550733062849,0,Normal,1.0,Normal
2026-08-17 18:20:53,579.859060776989,0,Backup/Snapshot Growth,1.0,Backup/Snapshot Growth
2026-08-17 19:20:53,362.0427101476328,0,Network Traffic,1.0,Network Traffic
2026-08-17 20:20:53,376.53083679658215,0,Normal,1.0,Normal
2026-08-17 21:20:53,393.772968948203,0,Normal,1.0,Normal
2026-08-17 22:20:53,461.33366673537375,0,Normal,0.95,Normal
2026-08-17 23:20:53,335.8199927523811,0,Normal,1.0,Normal
2026-08-18 00:20:53,389.0041962438969,0,Normal,1.0,Normal
2026-08-18 01:20:53,350.0307172267247,0,Storage Growth,0.99,Storage Growth
2026-08-18 02:20:53,288.51235627759064,0,Normal,1.0,Normal
2026-08-18 03:20:53,302.2023667287212,0,Auto Scaling,1.0,Auto Scaling
2026-08-18 04:20:53,232.2834430362356,0,Normal,1.0,Normal
2026-08-18 05:20:53,513.6666315218993,0,Database Load,1.0,Database Load
2026-08-18 06:20:53,624.0368443684922,0,Database Load,1.0,Database Load
2026-08-18 07:20:53,329.73844200281553,0,Normal,1.0,Normal
2026-08-18 08:20:53,358.4998379130622,0,Idle Resources,1.0,Idle Resources
2026-08-18 09:20:53,371.4661622216488,0,Network Traffic,1.0,Network Traffic
2026-08-18 10:20:53,351.932563280462,0,Normal,1.0,Normal
2026-08-18 11:20:53,352.96486835998456,0,Normal,1.0,Normal
2026-08-18 12:20:53,441.3007709043171,0,Backup/Snapshot Growth,1.0,Backup/Snapshot Growth
2026-08-18 13:20:53,385.1188439004473,0,Normal,0.99,Normal
2026-08-18 14:20:53,421.2703240983282,1,Auto Scaling,1.0,Auto Scaling
2026-08-18 15:20:53,410.7127072278802,0,Network Traffic,1.0,Network Traffic
2026-08-18 16:20:53,336.4069053108184,0,Storage Growth,0.99,Storage Growth
2026-08-18 17:20:53,328.0269733156221,0,Storage Growth,1.0,Storage Growth
2026-08-18 18:20:53,399.9819339715186,0,Network Traffic,1.0,Network Traffic
2026-08-18 19:20:53,522.1511487163096,0,Database Load,1.0,Database Load
2026-08-18 20:20:53,315.6190457861346,0,Normal,1.0,Normal
2026-08-18 21:20:53,285.23278666960096,0,Normal,1.0,Normal
2026-08-18 22:20:53,363.1335909415981,0,Normal,1.0,Normal
2026-08-18 23:20:53,466.4440581308385,0,Auto Scaling,0.99,Auto Scaling
2026-08-19 00:20:53,387.3711390120984,0,Normal,1.0,Normal
2026-08-19 01:20:53,368.2391723303733,0,Normal,1.0,Normal
2026-08-19 02:20:53,258.79144391118,0,Normal,1.0,Normal
2026-08-19 03:20:53,512.2927452867898,0,Backup/Snapshot Growth,0.99,Backup/Snapshot Growth
2026-08-19 04:20:53,309.19380450681103,0,Auto Scaling,1.0,Auto Scaling
2026-08-19 05:20:53,376.5549107250623,0,Backup/Snapshot Growth,0.86,Backup/Snapshot Growth
2026-08-19 06:20:53,378.0900869452878,0,Normal,1.0,Normal
2026-08-19 07:20:53,307.72139547553127,0,Normal,0.96,Normal
2026-08-19 08:20:53,445.36293042058105,0,Normal,1.0,Normal
2026-08-19 09:20:53,348.0362007760989,0,Auto Scaling,1.0,Auto Scaling
2026-08-19 10:20:53,326.54429541225807,0,Normal,1.0,Normal
2026-08-19 11:20:53,588.9665491197885,0,Backup/Snapshot Growth,1.0,Backup/Snapshot Growth
2026-08-19 12:20:53,454.84967535590494,0,Idle Resources,1.0,Idle Resources
2026-08-19 13:20:53,422.1661859546076,0,Network Traffic,1.0,Network Traffic
2026-08-19 14:20:53,432.2638095770263,0,Normal,1.0,Normal
2026-08-19 15:20:53,387.8467091082262,0,Normal,1.0,Normal
2026-08-19 16:20:53,554.4067903825257,0,Database Load,1.0,Database Load
2026-08-19 17:20:53,362.2670964213404,0,Idle Resources,0.99,Idle Resources
2026-08-19 18:20:53,394.6189220107036,0,Idle Resources,0.99,Idle Resources
2026-08-19 19:20:53,270.14269366612314,0,Normal,1.0,Normal
2026-08-19 20:20:53,477.1201271610364,1,Idle Resources,1.0,Idle Resources
2026-08-19 21:20:53,297.7013579178533,0,Normal,1.0,Normal
2026-08-19 22:20:53,350.64720350495173,0,Normal,1.0,Normal
2026-08-19 23:20:53,293.38167139161214,0,Network Traffic,1.0,Network Traffic
2026-08-20 00:20:53,502.6221235046663,0,Database Load,1.0,Database Load
2026-08-20 01:20:53,439.6864490933881,0,Database Load,1.0,Database Load
2026-08-20 02:20:53,375.97881596242826,0,Normal,1.0,Normal
2026-08-20 03:20:53,482.6700640319356,0,Idle Resources,0.93,Idle Resources
2026-08-20 04:20:53,662.4855311191234,0,Database Load,1.0,Database Load
2026-08-20 05:20:53,363.6482162623642,0,Idle Resources,1.0,Idle Resources
2026-08-20 06:20:53,375.68336678549673,0,Normal,1.0,Normal
2026-08-20 07:20:53,325.8070236459112,0,Normal,1.0,Normal
2026-08-20 08:20:53,681.4773773446531,1,Database Load,1.0,Database Load
2026-08-20 09:20:53,347.2475836711904,0,Storage Growth,1.0,Storage Growth
2026-08-20 10:20:53,287.514124280022,0,Normal,1.0,Normal
2026-08-20 11:20:53,225.96489540193755,0,Normal,0.98,Normal
2026-08-20 12:20:53,380.4445217419833,0,Normal,1.0,Normal
2026-08-20 13:20:53,476.4668335287098,0,Database Load,1.0,Database Load
2026-08-20 14:20:53,424.32942249243376,0,Storage Growth,1.0,Storage Growth
2026-08-20 15:20:53,373.0611004266135,0,Normal,1.0,Normal
2026-08-20 16:20:53,288.6545522272843,0,Normal,1.0,Normal
2026-08-20 17:20:53,326.90504900930057,0,Storage Growth,0.99,Storage Growth
2026-08-20 18:20:53,381.9132679087743,0,Normal,1.0,Normal
2026-08-20 19:20:53,430.6552829933687,0,Normal,1.0,Normal
2026-08-20 20:20:53,263.9288581820162,0,Normal,1.0,Normal
2026-08-20 21:20:53,557.4037300763308,0,Database Load,1.0,Database Load
2026-08-20 22:20:53,520.2498444022436,0,Database Load,1.0,Database Load
2026-08-20 23:20:53,384.8633232451866,0,Normal,1.0,Normal
2026-08-21 00:20:53,262.67109068397497,0,Normal,1.0,Normal
2026-08-21 01:20:53,423.927128047687,0,Auto Scaling,1.0,Auto Scaling
2026-08-21 02:20:53,309.5047121146238,0,Storage Growth,1.0,Storage Growth
2026-08-21 03:20:53,401.4750698133433,0,Normal,0.99,Normal
2026-08-21 04:20:53,406.3915885913625,0,Idle Resources,1.0,Idle Resources
2026-08-21 05:20:53,327.99666365418807,0,Storage Growth,1.0,Storage Growth
2026-08-21 06:20:53,394.2383377910717,0,Normal,1.0,Normal
2026-08-21 07:20:53,270.3052593894479,0,Normal,0.99,Normal
2026-08-21 08:20:53,438.5121714580831,0,Auto Scaling,1.0,Auto Scaling
2026-08-21 09:20:53,364.00257822869503,0,Normal,1.0,Normal
2026-08-21 10:20:53,479.2535230451297,0,Idle Resources,1.0,Idle Resources
2026-08-21 11:20:53,411.799891711579,0,Network Traffic,1.0,Network Traffic
2026-08-21 12:20:53,265.3726928024599,0,Normal,1.0,Normal
2026-08-21 13:20:53,399.5694584548008,0,Backup/Snapshot Growth,1.0,Backup/Snapshot Growth
2026-08-21 14:20:53,297.4768954626129,0,Normal,1.0,Normal
2026-08-21 15:20:53,321.4781089694959,0,Normal,1.0,Normal
2026-08-21 16:20:53,333.8453277776463,0,Normal,1.0,Normal
2026-08-21 17:20:53,289.73388075714035,0,Normal,1.0,Normal
2026-08-21 18:20:53,367.1568561138915,0,Normal,1.0,Normal
2026-08-21 19:20:53,316.700808502356,0,Auto Scaling,1.0,Auto Scaling
2026-08-21 20:20:53,441.9134455094736,0,Auto Scaling,1.0,Auto Scaling
2026-08-21 21:20:53,574.4687436869207,0,Database Load,1.0,Database Load
2026-08-21 22:20:53,556.5600048743054,0,Backup/Snapshot Growth,1.0,Backup/Snapshot Growth
2026-08-21 23:20:53,491.71590523352177,0,Auto Scaling,1.0,Auto Scaling
2026-08-22 00:20:53,352.34513710051,0,Normal,1.0,Normal
2026-08-22 01:20:53,301.3651746317872,0,Normal,1.0,Normal
2026-08-22 02:20:53,355.8420285086588,0,Normal,1.0,Normal
2026-08-22 03:20:53,385.0957061073249,0,Auto Scaling,1.0,Auto Scaling
2026-08-22 04:20:53,354.010152371514,0,Normal,1.0,Normal
2026-08-22 05:20:53,298.672595140405,0,Network Traffic,1.0,Network Traffic
2026-08-22 06:20:53,365.043486776981,0,Normal,1.0,Normal
2026-08-22 07:20:53,277.12719492664144,0,Normal,1.0,Normal
2026-08-22 08:20:53,335.39971236142503,0,Normal,1.0,Normal
2026-08-22 09:20:53,390.3035489688243,0,Normal,1.0,Normal
2026-08-22 10:20:53,442.3703414566539,0,Normal,1.0,Normal
2026-08-22 11:20:53,291.73410906739906,0,Normal,1.0,Normal
2026-08-22 12:20:53,472.3502395806657,0,Backup/Snapshot Growth,0.99,Backup/Snapshot Growth
2026-08-22 13:20:53,336.4485911143787,0,Auto Scaling,1.0,Auto Scaling
2026-08-22 14:20:53,388.3235733355659,0,Normal,1.0,Normal
2026-08-22 15:20:53,370.31230262854905,0,Normal,1.0,Normal
2026-08-22 16:20:53,463.8590128815101,0,Auto Scaling,1.0,Auto Scaling
2026-08-22 17:20:53,478.1387364895951,0,Auto Scaling,0.99,Auto Scaling
2026-08-22 18:20:53,373.6135109915855,0,Idle Resources,1.0,Idle Resources
2026-08-22 19:20:53,350.57377701608664,0,Normal,1.0,Normal
2026-08-22 20:20:53,626.0743081444798,0,Database Load,1.0,Database Load
2026-08-22 21:20:53,395.742346659366,0,Network Traffic,1.0,Network Traffic
2026-08-22 22:20:53,324.2691641336494,0,Normal,1.0,Normal
2026-08-22 23:20:53,364.0000526556375,0,Normal,1.0,Normal
2026-08-23 00:20:53,358.03637452183625,0,Auto Scaling,1.0,Auto Scaling
2026-08-23 01:20:53,380.33070797859,0,Network Traffic,1.0,Network Traffic
2026-08-23 02:20:53,359.5286288927407,0,Normal,1.0,Normal
2026-08-23 03:20:53,361.2457370350564,0,Auto Scaling,1.0,Auto Scaling
2026-08-23 04:20:53,362.981907789021,0,Normal,1.0,Normal
2026-08-23 05:20:53,355.2491078726133,0,Normal,0.99,Normal
2026-08-23 06:20:53,404.15364234555193,0,Network Traffic,1.0,Network Traffic
2026-08-23 07:20:53,284.96209928077667,0,Normal,1.0,Normal
2026-08-23 08:20:53,381.4842926161981,0,Auto Scaling,1.0,Auto Scaling
2026-08-23 09:20:53,361.14899397620826,0,Storage Growth,1.0,Storage Growth
2026-08-23 10:20:53,482.5273240948587,0,Idle Resources,1.0,Idle Resources
2026-08-23 11:20:53,378.57558056935306,0,Normal,1.0,Normal
2026-08-23 12:20:53,631.3762888245985,1,Database Load,1.0,Database Load
2026-08-23 13:20:53,302.8410377540209,0,Normal,1.0,Normal
2026-08-23 14:20:53,264.3743727497622,0,Normal,1.0,Normal
2026-08-23 15:20:53,401.73764530728425,0,Storage Growth,1.0,Storage Growth
2026-08-23 16:20:53,380.6453652514761,0,Normal,0.98,Normal
2026-08-23 17:20:53,220.32558862630128,0,Normal,1.0,Normal
2026-08-23 18:20:53,357.42884536832844,0,Network Traffic,1.0,Network Traffic
2026-08-23 19:20:53,619.91105296823,1,Backup/Snapshot Growth,1.0,Backup/Snapshot Growth
2026-08-23 20:20:53,396.904890136148,0,Network Traffic,1.0,Network Traffic
2026-08-23 21:20:53,612.3825628676153,0,Database Load,1.0,Database Load
2026-08-23 22:20:53,303.6853749154882,0,Normal,1.0,Normal
2026-08-23 23:20:53,305.15235471474034,0,Normal,1.0,Normal
2026-08-24 00:20:53,352.57098279677655,0,Storage Growth,1.0,Storage Growth
2026-08-24 01:20:53,380.8267206701904,0,Normal,0.99,Normal
2026-08-24 02:20:53,424.885026496911,0,Backup/Snapshot Growth,0.95,Backup/Snapshot Growth
2026-08-24 03:20:53,248.8804126740196,0,Normal,1.0,Normal
2026-08-24 04:20:53,335.82014406241336,0,Normal,1.0,Normal
2026-08-24 05:20:53,416.2561406473506,0,Idle Resources,1.0,Idle Resources
2026-08-24 06:20:53,290.4519644641656,0,Normal,1.0,Normal
2026-08-24 07:20:53,411.4098493132101,0,Normal,1.0,Normal
2026-08-24 08:20:53,420.014866688596,0,Database Load,1.0,Database Load
2026-08-24 09:20:53,427.58249750724815,0,Network Traffic,0.99,Network Traffic
2026-08-24 10:20:53,372.2717482075161,0,Normal,1.0,Normal
2026-08-24 11:20:53,430.5190775876303,0,Auto Scaling,1.0,Auto Scaling
2026-08-24 12:20:53,320.3965259814531,0,Normal,1.0,Normal
2026-08-24 13:20:53,346.92122008041827,0,Network Traffic,1.0,Network Traffic
2026-08-24 14:20:53,460.2313654368602,0,Storage Growth,0.93,Storage Growth
2026-08-24 15:20:53,406.453731261543,0,Idle Resources,1.0,Idle Resources
2026-08-24 16:20:53,445.0596393914175,0,Normal,1.0,Normal
2026-08-24 17:20:53,587.4384671252315,1,Backup/Snapshot Growth,1.0,Backup/Snapshot Growth
2026-08-24 18:20:53,302.051239200104,0,Normal,0.97,Normal
2026-08-24 19:20:53,440.4827311316172,0,Network Traffic,1.0,Network Traffic
2026-08-24 20:20:53,411.3440591956372,0,Normal,1.0,Normal
2026-08-24 21:20:53,377.53744264346193,0,Normal,0.98,Normal
2026-08-24 22:20:53,387.0128911335543,0,Network Traffic,1.0,Network Traffic
2026-08-24 23:20:53,493.5328192484427,0,Database Load,1.0,Database Load
2026-08-25 00:20:53,387.367558121343,0,Normal,1.0,Normal
2026-08-25 01:20:53,375.95063790037096,0,Auto Scaling,1.0,Auto Scaling
2026-08-25 02:20:53,342.3056926112444,0,Network Traffic,1.0,Network Traffic
2026-08-25 03:20:53,358.6938986322077,0,Normal,1.0,Normal
2026-08-25 04:20:53,463.3640411857161,0,Idle Resources,1.0,Idle Resources
2026-08-25 05:20:53,354.6639166365568,0,Normal,0.98,Normal
2026-08-25 06:20:53,395.5157752771168,0,Normal,0.97,Normal
2026-08-25 07:20:53,293.4933389301297,0,Normal,0.99,Normal
2026-08-25 08:20:53,258.3191368838957,0,Normal,0.99,Normal
2026-08-25 09:20:53,417.4529173969033,0,Normal,1.0,Normal
2026-08-25 10:20:53,332.9556585279763,0,Normal,1.0,Normal
2026-08-25 11:20:53,389.0825373497816,0,Idle Resources,0.99,Idle Resources
2026-08-25 12:20:53,334.1332556385807,0,Network Traffic,1.0,Network Traffic
2026-08-25 13:20:53,383.71395678257096,0,Auto Scaling,1.0,Auto Scaling
2026-08-25 14:20:53,227.32893288277555,0,Normal,1.0,Normal
2026-08-25 15:20:53,355.0982842811928,0,Auto Scaling,1.0,Auto Scaling
2026-08-25 16:20:53,628.3906233586965,1,Backup/Snapshot Growth,1.0,Backup/Snapshot Growth
2026-08-25 17:20:53,378.7548335069425,0,Storage Growth,1.0,Storage Growth
2026-08-25 18:20:53,358.4706073129057,0,Storage Growth,0.99,Storage Growth
2026-08-25 19:20:53,427.1970264848113,0,Normal,1.0,Normal
2026-08-25 20:20:53,308.2695420657775,0,Normal,1.0,Normal
2026-08-25 21:20:53,348.698346386608,0,Storage Growth,0.6,Storage Growth
2026-08-25 22:20:53,451.9465092724465,0,Idle Resources,1.0,Idle Resources
2026-08-25 23:20:53,388.1954236175842,0,Normal,0.99,Normal
2026-08-26 00:20:53,357.80058033012506,0,Normal,1.0,Normal
2026-08-26 01:20:53,469.04172125508086,0,Auto Scaling,1.0,Auto Scaling
2026-08-26 02:20:53,355.80710928792297,0,Network Traffic,1.0,Network Traffic
2026-08-26 03:20:53,349.8388818145476,0,Normal,1.0,Normal
2026-08-26 04:20:53,303.3014222277852,0,Normal,1.0,Normal
2026-08-26 05:20:53,387.7332202738999,0,Network Traffic,1.0,Network Traffic
2026-08-26 06:20:53,516.6419639150538,0,Database Load,0.99,Database Load
2026-08-26 07:20:53,467.9001484166329,0,Backup/Snapshot Growth,1.0,Backup/Snapshot Growth
2026-08-26 08:20:53,287.4058994573191,0,Auto Scaling,1.0,Auto Scaling
2026-08-26 09:20:53,327.9405076584855,0,Network Traffic,1.0,Network Traffic
2026-08-26 10:20:53,309.63788613278894,0,Normal,1.0,Normal
2026-08-26 11:20:53,327.34962465099795,0,Auto Scaling,1.0,Auto Scaling
2026-08-26 12:20:53,416.3205863965448,0,Storage Growth,1.0,Storage Growth
2026-08-26 13:20:53,330.970774551816,0,Normal,1.0,Normal
2026-08-26 14:20:53,287.0382073382185,0,Normal,1.0,Normal
2026-08-26 15:20:53,312.4607656976436,0,Idle Resources,1.0,Idle Resources
2026-08-26 16:20:53,445.7516848423675,0,Database Load,1.0,Database Load
2026-08-26 17:20:53,342.0602138810213,0,Normal,1.0,Normal
2026-08-26 18:20:53,355.8585820558593,0,Idle Resources,1.0,Idle Resources
2026-08-26 19:20:53,408.79266160678543,0,Idle Resources,1.0,Idle Resources
2026-08-26 20:20:53,348.421398217692,0,Normal,1.0,Normal
2026-08-26 21:20:53,359.24763406151334,0,Normal,1.0,Normal
2026-08-26 22:20:53,292.87936099508295,0,Normal,1.0,Normal
2026-08-26 23:20:53,270.9223276514592,0,Normal,1.0,Normal
2026-08-27 00:20:53,342.29976086039426,1,Auto Scaling,1.0,Auto Scaling
2026-08-27 01:20:53,342.86143582509203,0,Normal,1.0,Normal
2026-08-27 02:20:53,603.4503298598253,0,Database Load,1.0,Database Load
2026-08-27 03:20:53,360.06071107061865,0,Idle Resources,0.99,Idle Resources
2026-08-27 04:20:53,429.1896484304291,0,Idle Resources,0.99,Idle Resources
2026-08-27 05:20:53,298.0061763940184,0,Database Load,0.96,Database Load
2026-08-27 06:20:53,354.34045396340747,0,Auto Scaling,1.0,Auto Scaling
2026-08-27 07:20:53,466.0795929074326,0,Database Load,1.0,Database Load
2026-08-27 08:20:53,464.25621555716464,0,Normal,0.96,Normal
2026-08-27 09:20:53,313.336168129278,0,Normal,1.0,Normal
2026-08-27 10:20:53,539.2586971606169,1,Idle Resources,1.0,Idle Resources
2026-08-27 11:20:53,464.9333955793825,0,Storage Growth,0.89,Storage Growth
2026-08-27 12:20:53,361.6148919091541,0,Normal,1.0,Normal
2026-08-27 13:20:53,539.7246636663339,0,Database Load,1.0,Database Load
2026-08-27 14:20:53,445.06155784679487,0,Idle Resources,0.99,Idle Resources
2026-08-27 15:20:53,493.54000598935744,0,Database Load,1.0,Database Load
2026-08-27 16:20:53,346.9521623099549,0,Normal,0.99,Normal
2026-08-27 17:20:53,410.6468609788146,0,Database Load,1.0,Database Load
2026-08-27 18:20:53,383.2837270803591,0,Auto Scaling,1.0,Auto Scaling
2026-08-27 19:20:53,416.47998896484967,0,Normal,0.98,Normal
2026-08-27 20:20:53,278.76485446882805,0,Normal,1.0,Normal
2026-08-27 21:20:53,397.39704014587176,0,Storage Growth,1.0,Storage Growth
2026-08-27 22:20:53,418.61946390852927,0,Normal,1.0,Normal
2026-08-27 23:20:53,350.6111972674008,0,Network Traffic,1.0,Network Traffic
2026-08-28 00:20:53,477.0194775157352,0,Auto Scaling,1.0,Auto Scaling
2026-08-28 01:20:53,381.0969601371133,0,Auto Scaling,1.0,Auto Scaling
2026-08-28 02:20:53,321.6294575275386,0,Network Traffic,1.0,Network Traffic
2026-08-28 03:20:53,355.90787037755484,0,Normal,1.0,Normal
2026-08-28 04:20:53,451.8458074719107,1,Auto Scaling,1.0,Auto Scaling
2026-08-28 05:20:53,434.8577917122388,0,Auto Scaling,1.0,Auto Scaling
2026-08-28 06:20:53,238.1169954340081,0,Normal,1.0,Normal
2026-08-28 07:20:53,300.07922839944246,0,Storage Growth,1.0,Storage Growth
2026-08-28 08:20:53,352.6615792864339,0,Normal,0.99,Normal
2026-08-28 09:20:53,371.5571354800238,0,Normal,1.0,Normal
2026-08-28 10:20:53,353.1206089063261,0,Normal,0.96,Normal
2026-08-28 11:20:53,382.7706791865805,0,Idle Resources,0.98,Idle Resources
2026-08-28 12:20:53,306.9240237224535,0,Normal,0.99,Normal
2026-08-28 13:20:53,371.7983726142432,0,Auto Scaling,1.0,Auto Scaling
2026-08-28 14:20:53,442.08986489754136,0,Network Traffic,1.0,Network Traffic
2026-08-28 15:20:53,445.6769296762994,0,Backup/Snapshot Growth,1.0,Backup/Snapshot Growth
2026-08-28 16:20:53,384.0261882749568,0,Normal,1.0,Normal
2026-08-28 17:20:53,397.5797833027991,0,Network Traffic,1.0,Network Traffic
2026-08-28 18:20:53,673.9590487559715,1,Database Load,1.0,Database Load
2026-08-28 19:20:53,550.5784010493746,0,Database Load,1.0,Database Load
2026-08-28 20:20:53,280.0011445022586,0,Normal,1.0,Normal
2026-08-28 21:20:53,379.2081303466717,0,Normal,1.0,Normal
2026-08-28 22:20:53,533.3017537556161,0,Backup/Snapshot Growth,1.0,Backup/Snapshot Growth
2026-08-28 23:20:53,561.0525993870401,1,Backup/Snapshot Growth,1.0,Backup/Snapshot Growth
2026-08-29 00:20:53,361.1345824249529,0,Normal,1.0,Normal
2026-08-29 01:20:53,454.8691381720552,0,Backup/Snapshot Growth,1.0,Backup/Snapshot Growth
2026-08-29 02:20:53,436.74658881007406,0,Storage Growth,1.0,Storage Growth
2026-08-29 03:20:53,353.8774039527564,0,Normal,0.96,Normal
2026-08-29 04:20:53,337.6956567919361,0,Storage Growth,1.0,Storage Growth
2026-08-29 05:20:53,320.2382877627218,0,Auto Scaling,1.0,Auto Scaling
2026-08-29 06:20:53,343.636047082604,0,Network Traffic,1.0,Network Traffic
2026-08-29 07:20:53,371.7207985175105,0,Normal,1.0,Normal
2026-08-29 08:20:53,357.47825067797334,0,Normal,1.0,Normal
2026-08-29 09:20:53,336.4328189260886,0,Storage Growth,0.98,Storage Growth
2026-08-29 10:20:53,507.1850329948671,0,Idle Resources,1.0,Idle Resources
2026-08-29 11:20:53,416.98645254936633,0,Normal,1.0,Normal
2026-08-29 12:20:53,331.1226508794214,0,Normal,1.0,Normal
2026-08-29 13:20:53,294.14415480556136,0,Normal,1.0,Normal
2026-08-29 14:20:53,407.6912580461016,0,Normal,1.0,Normal
2026-08-29 15:20:53,309.9903804793082,0,Normal,1.0,Normal
2026-08-29 16:20:53,440.4695776616578,0,Database Load,0.99,Database Load
2026-08-29 17:20:53,309.0184159092631,0,Storage Growth,0.98,Storage Growth
2026-08-29 18:20:53,434.8514017649165,0,Auto Scaling,1.0,Auto Scaling
2026-08-29 19:20:53,380.1541408867726,0,Network Traffic,1.0,Network Traffic
2026-08-29 20:20:53,424.34047662975695,0,Normal,1.0,Normal
2026-08-29 21:20:53,340.6326888780596,0,Normal,0.99,Normal
2026-08-29 22:20:53,350.92943951628274,0,Normal,1.0,Normal
2026-08-29 23:20:53,393.6076318476848,0,Normal,1.0,Normal
2026-08-30 00:20:53,393.6471561633696,0,Normal,0.94,Normal
2026-08-30 01:20:53,537.8143481841876,0,Backup/Snapshot Growth,1.0,Backup/Snapshot Growth
2026-08-30 02:20:53,441.5831452573975,0,Normal,0.96,Normal
2026-08-30 03:20:53,387.9767158983215,0,Auto Scaling,1.0,Auto Scaling
2026-08-30 04:20:53,395.7951039683588,0,Normal,0.98,Normal
2026-08-30 05:20:53,348.2690106919845,0,Normal,1.0,Normal
2026-08-30 06:20:53,355.7502806354661,0,Normal,0.95,Normal
2026-08-30 07:20:53,372.75921395787145,0,Storage Growth,1.0,Storage Growth
2026-08-30 08:20:53,328.096448798249,0,Normal,1.0,Normal
2026-08-30 09:20:53,335.1427652752172,0,Normal,1.0,Normal
2026-08-30 10:20:53,353.4300135004799,0,Normal,1.0,Normal
2026-08-30 11:20:53,308.18774126190283,0,Normal,1.0,Normal
2026-08-30 12:20:53,328.68561326929097,0,Normal,0.99,Normal
2026-08-30 13:20:53,438.6565104017651,0,Database Load,1.0,Database Load
2026-08-30 14:20:53,330.3671844492406,0,Network Traffic,1.0,Network Traffic
2026-08-30 15:20:53,470.0852924681991,0,Idle Resources,1.0,Idle Resources
2026-08-30 16:20:53,378.562369390481,0,Auto Scaling,1.0,Auto Scaling
2026-08-30 17:20:53,437.1297294358286,0,Auto Scaling,1.0,Auto Scaling
2026-08-30 18:20:53,292.4685298901389,0,Normal,1.0,Normal
2026-08-30 19:20:53,469.2214080786008,0,Auto Scaling,0.99,Auto Scaling
2026-08-30 20:20:53,490.9709740529368,0,Idle Resources,1.0,Idle Resources
2026-08-30 21:20:53,340.8437791290376,0,Normal,1.0,Normal
2026-08-30 22:20:53,409.8401353603416,0,Network Traffic,1.0,Network Traffic
2026-08-30 23:20:53,270.05585130998975,0,Normal,1.0,Normal
2026-08-31 00:20:53,346.9414360663838,0,Normal,0.99,Normal
2026-08-31 01:20:53,310.15455267409743,0,Normal,1.0,Normal
2026-08-31 02:20:53,283.03063174463534,0,Normal,1.0,Normal
2026-08-31 03:20:53,308.61745837340465,0,Normal,1.0,Normal
2026-08-31 04:20:53,381.4186470414634,0,Idle Resources,1.0,Idle Resources
2026-08-31 05:20:53,433.7032475379212,0,Idle Resources,1.0,Idle Resources
2026-08-31 06:20:53,497.5880153775982,0,Database Load,1.0,Database Load
2026-08-31 07:20:53,308.2987667341914,0,Normal,1.0,Normal
2026-08-31 08:20:53,374.38052422415296,0,Normal,1.0,Normal
2026-08-31 09:20:53,393.8492574284014,0,Idle Resources,1.0,Idle Resources
2026-08-31 10:20:53,343.58583526141376,0,Normal,1.0,Normal
2026-08-31 11:20:53,495.98760947374575,0,Database Load,1.0,Database Load
2026-08-31 12:20:53,397.47990723499913,0,Normal,1.0,Normal
2026-08-31 13:20:53,293.2519737652767,0,Network Traffic,1.0,Network Traffic
2026-08-31 14:20:53,476.776126098628,0,Database Load,0.98,Database Load
2026-08-31 15:20:53,343.05319967620505,0,Normal,0.99,Normal
2026-08-31 16:20:53,539.9520729048163,0,Database Load,1.0,Database Load
2026-08-31 17:20:53,432.8121878259812,0,Idle Resources,1.0,Idle Resources
2026-08-31 18:20:53,392.5463878322751,0,Network Traffic,1.0,Network Traffic
2026-08-31 19:20:53,283.1619773792361,0,Normal,1.0,Normal
2026-08-31 20:20:53,405.1450290507367,0,Idle Resources,1.0,Idle Resources
2026-08-31 21:20:53,318.2733744113649,0,Network Traffic,1.0,Network Traffic
2026-08-31 22:20:53,330.1882517480468,0,Normal,1.0,Normal
2026-08-31 23:20:53,372.2277328249169,0,Network Traffic,1.0,Network Traffic
2026-09-01 00:20:53,498.4184651482016,0,Database Load,1.0,Database Load
2026-09-01 01:20:53,314.6490770982619,0,Normal,1.0,Normal
2026-09-01 02:20:53,558.1556036303261,0,Database Load,1.0,Database Load
2026-09-01 03:20:53,322.7019411185859,0,Normal,1.0,Normal
2026-09-01 04:20:53,632.0801453972806,1,Database Load,1.0,Database Load
2026-09-01 05:20:53,341.6516182778066,0,Network Traffic,1.0,Network Traffic
2026-09-01 06:20:53,463.24393431963193,0,Database Load,1.0,Database Load
2026-09-01 07:20:53,371.1420054624659,0,Normal,1.0,Normal
2026-09-01 08:20:53,302.1110964882896,0,Network Traffic,1.0,Network Traffic
2026-09-01 09:20:53,246.1858053150193,0,Normal,0.99,Normal
2026-09-01 10:20:53,311.32207951477545,0,Normal,1.0,Normal
2026-09-01 11:20:53,258.45203652628544,0,Normal,1.0,Normal
2026-09-01 12:20:53,314.1774402830185,0,Normal,1.0,Normal
2026-09-01 13:20:53,418.5476620349984,0,Storage Growth,1.0,Storage Growth
2026-09-01 14:20:53,309.90268467937,0,Auto Scaling,0.99,Auto Scaling
2026-09-01 15:20:53,478.95843303040255,0,Database Load,0.96,Database Load
2026-09-01 16:20:53,349.31192386088134,0,Network Traffic,0.99,Network Traffic
2026-09-01 17:20:53,355.5585979724076,0,Normal,1.0,Normal
2026-09-01 18:20:53,302.69089487043675,0,Network Traffic,1.0,Network Traffic
2026-09-01 19:20:53,373.9215906119565,0,Auto Scaling,0.99,Auto Scaling
2026-09-01 20:20:53,356.83107750530024,0,Normal,1.0,Normal
2026-09-01 21:20:53,359.5674198257868,0,Storage Growth,0.99,Storage Growth
2026-09-01 22:20:53,436.128860971134,0,Network Traffic,1.0,Network Traffic
2026-09-01 23:20:53,366.09667787309394,0,Normal,1.0,Normal
2026-09-02 00:20:53,352.7307171374006,0,Normal,0.97,Normal
2026-09-02 01:20:53,303.5746936946716,0,Network Traffic,0.99,Network Traffic
2026-09-02 02:20:53,361.7327031347929,0,Network Traffic,1.0,Network Traffic
2026-09-02 03:20:53,464.0557194382035,0,Auto Scaling,1.0,Auto Scaling
2026-09-02 04:20:53,475.9611232063619,0,Network Traffic,0.97,Network Traffic
2026-09-02 05:20:53,493.6350181262737,0,Idle Resources,1.0,Idle Resources
2026-09-02 06:20:53,325.5122063028684,0,Normal,1.0,Normal
2026-09-02 07:20:53,593.6906379492193,1,Backup/Snapshot Growth,1.0,Backup/Snapshot Growth
2026-09-02 08:20:53,465.1349615492984,0,Normal,0.99,Normal
2026-09-02 09:20:53,319.198286737088,0,Normal,1.0,Normal
2026-09-02 10:20:53,313.6684504809415,0,Normal,0.97,Normal
2026-09-02 11:20:53,534.5310410313826,0,Database Load,1.0,Database Load
2026-09-02 12:20:53,407.9063782090759,0,Normal,1.0,Normal
2026-09-02 13:20:53,384.4147624480901,0,Auto Scaling,1.0,Auto Scaling
2026-09-02 14:20:53,358.0450769185357,0,Normal,0.99,Normal
2026-09-02 15:20:53,484.3076411250654,0,Database Load,1.0,Database Load
2026-09-02 16:20:53,374.38862640418034,0,Network Traffic,1.0,Network Traffic
2026-09-02 17:20:53,303.9394830816965,0,Network Traffic,1.0,Network Traffic
2026-09-02 18:20:53,375.584172914889,0,Storage Growth,0.99,Storage Growth
2026-09-02 19:20:53,589.45008899446,0,Database Load,1.0,Database Load
2026-09-02 20:20:53,392.8993910924413,0,Idle Resources,0.99,Idle Resources
2026-09-02 21:20:53,382.56147050596553,0,Normal,1.0,Normal
2026-09-02 22:20:53,320.14268134997,0,Auto Scaling,1.0,Auto Scaling
2026-09-02 23:20:53,385.3703147392765,0,Normal,0.93,Normal
2026-09-03 00:20:53,347.73700831251153,0,Idle Resources,0.99,Idle Resources
2026-09-03 01:20:53,207.8471870734344,0,Normal,1.0,Normal
2026-09-03 02:20:53,313.4827639597763,0,Normal,1.0,Normal
2026-09-03 03:20:53,380.0170736937998,0,Normal,1.0,Normal
2026-09-03 04:20:53,319.7871503685895,0,Normal,1.0,Normal
2026-09-03 05:20:53,350.04478657617165,0,Normal,1.0,Normal
2026-09-03 06:20:53,398.99095421506746,0,Normal,0.97,Normal
2026-09-03 07:20:53,316.9833023260678,0,Normal,1.0,Normal
2026-09-03 08:20:53,349.0797594343958,0,Normal,1.0,Normal
2026-09-03 09:20:53,310.07371368465726,0,Normal,0.92,Normal
2026-09-03 10:20:53,285.02438415259604,0,Normal,1.0,Normal
2026-09-03 11:20:53,403.8828131139932,0,Normal,1.0,Normal
2026-09-03 12:20:53,360.435433281748,0,Network Traffic,1.0,Network Traffic
2026-09-03 13:20:53,456.2826099961144,0,Storage Growth,0.97,Storage Growth
2026-09-03 14:20:53,419.12781548435146,0,Backup/Snapshot Growth,0.96,Backup/Snapshot Growth
2026-09-03 15:20:53,288.2038196581903,0,Normal,1.0,Normal
2026-09-03 16:20:53,399.5276677073524,0,Network Traffic,1.0,Network Traffic
2026-09-03 17:20:53,507.9918359910157,0,Database Load,1.0,Database Load
2026-09-03 18:20:53,369.9053738220815,0,Normal,1.0,Normal
2026-09-03 19:20:53,342.041125235838,0,Normal,1.0,Normal
2026-09-03 20:20:53,414.8877575467096,0,Auto Scaling,1.0,Auto Scaling
2026-09-03 21:20:53,268.1411681735564,0,Normal,1.0,Normal
2026-09-03 22:20:53,388.0463003928555,0,Normal,0.99,Normal
2026-09-03 23:20:53,321.2791598099176,0,Normal,1.0,Normal
2026-09-04 00:20:53,325.440853618597,0,Normal,1.0,Normal
2026-09-04 01:20:53,409.67892806431286,0,Network Traffic,0.94,Network Traffic
2026-09-04 02:20:53,452.5180880881989,0,Idle Resources,1.0,Idle Resources
2026-09-04 03:20:53,450.5998193322237,0,Normal,0.98,Normal
2026-09-04 04:20:53,389.0499494982183,0,Normal,1.0,Normal
2026-09-04 05:20:53,476.124968606699,0,Idle Resources,1.0,Idle Resources
2026-09-04 06:20:53,319.3437060062399,0,Normal,1.0,Normal
2026-09-04 07:20:53,308.39566660122875,0,Normal,1.0,Normal
2026-09-04 08:20:53,376.0452040697213,0,Normal,1.0,Normal
2026-09-04 09:20:53,394.18464025408383,0,Normal,1.0,Normal
2026-09-04 10:20:53,372.8841691257074,0,Normal,0.99,Normal
2026-09-04 11:20:53,427.8929805299764,0,Normal,0.85,Normal
2026-09-04 12:20:53,385.9025376858544,0,Normal,1.0,Normal
2026-09-04 13:20:53,288.0066923090813,0,Idle Resources,0.98,Idle Resources
2026-09-04 14:20:53,625.6939328661765,0,Database Load,1.0,Database Load
2026-09-04 15:20:53,328.849777964983,0,Normal,0.99,Normal
2026-09-04 16:20:53,433.6618810483177,0,Normal,0.92,Normal
2026-09-04 17:20:53,298.1858831481304,0,Normal,1.0,Normal
2026-09-04 18:20:53,239.63158942072909,0,Normal,1.0,Normal
2026-09-04 19:20:53,306.0772978549756,0,Auto Scaling,1.0,Auto Scaling
2026-09-04 20:20:53,334.16677209712043,0,Normal,1.0,Normal
2026-09-04 21:20:53,274.0214493264461,0,Normal,0.88,Normal
2026-09-04 22:20:53,417.26629582114526,0,Network Traffic,1.0,Network Traffic
2026-09-04 23:20:53,496.2264405868261,0,Auto Scaling,1.0,Auto Scaling
2026-09-05 00:20:53,439.6164401098117,0,Normal,1.0,Normal
2026-09-05 01:20:53,331.094318812711,0,Normal,1.0,Normal
2026-09-05 02:20:53,392.22416134852193,0,Storage Growth,0.9,Storage Growth
2026-09-05 03:20:53,358.1416999289189,0,Network Traffic,1.0,Network Traffic
2026-09-05 04:20:53,389.8878165584373,0,Idle Resources,0.99,Idle Resources
2026-09-05 05:20:53,571.1051001838401,1,Backup/Snapshot Growth,1.0,Backup/Snapshot Growth
2026-09-05 06:20:53,451.1114025353876,0,Idle Resources,1.0,Idle Resources
2026-09-05 07:20:53,439.1224179452328,0,Backup/Snapshot Growth,1.0,Backup/Snapshot Growth
2026-09-05 08:20:53,388.5622957548047,0,Auto Scaling,1.0,Auto Scaling
2026-09-05 09:20:53,462.3797523905492,0,Idle Resources,1.0,Idle Resources
2026-09-05 10:20:53,384.9373375373145,0,Idle Resources,0.97,Idle Resources
2026-09-05 11:20:53,425.6212297880179,0,Idle Resources,1.0,Idle Resources
2026-09-05 12:20:53,666.3934613356777,1,Database Load,1.0,Database Load
2026-09-05 13:20:53,373.2173990663282,0,Idle Resources,1.0,Idle Resources
2026-09-05 14:20:53,506.2442452494821,0,Backup/Snapshot Growth,0.98,Backup/Snapshot Growth
2026-09-05 15:20:53,313.6289494930501,0,Normal,1.0,Normal
2026-09-05 16:20:53,343.2210043022605,0,Normal,1.0,Normal
2026-09-05 17:20:53,304.3943584619272,0,Normal,1.0,Normal
2026-09-05 18:20:53,293.836811748192,0,Network Traffic,1.0,Network Traffic
2026-09-05 19:20:53,385.6971831279644,0,Normal,0.93,Normal
2026-09-05 20:20:53,305.57894090372383,0,Normal,1.0,Normal
2026-09-05 21:20:53,259.4699872733672,0,Normal,1.0,Normal
2026-09-05 22:20:53,342.3620588912096,0,Normal,1.0,Normal
2026-09-05 23:20:53,349.15155844957457,0,Storage Growth,1.0,Storage Growth
2026-09-06 00:20:53,333.4578689924804,0,Normal,1.0,Normal
2026-09-06 01:20:53,303.48099759451617,0,Normal,1.0,Normal
2026-09-06 02:20:53,267.2384821664034,0,Normal,1.0,Normal
2026-09-06 03:20:53,292.2314365333818,0,Normal,1.0,Normal
2026-09-06 04:20:53,241.2604678995116,0,Auto Scaling,1.0,Auto Scaling
2026-09-06 05:20:53,381.4433618844382,0,Normal,1.0,Normal
2026-09-06 06:20:53,289.3797095250195,0,Network Traffic,1.0,Network Traffic
2026-09-06 07:20:53,354.30633002040395,0,Normal,1.0,Normal
2026-09-06 08:20:53,308.4227964208594,0,Auto Scaling,1.0,Auto Scaling
2026-09-06 09:20:53,267.8281381832625,0,Network Traffic,1.0,Network Traffic
2026-09-06 10:20:53,311.6195040787279,0,Auto Scaling,1.0,Auto Scaling
2026-09-06 11:20:53,359.20241792020647,0,Normal,0.99,Normal
2026-09-06 12:20:53,378.2590312988352,0,Storage Growth,1.0,Storage Growth
2026-09-06 13:20:53,515.8695930701167,0,Database Load,1.0,Database Load
2026-09-06 14:20:53,476.04867524898566,0,Normal,0.97,Normal
2026-09-06 15:20:53,406.9495347181038,0,Idle Resources,1.0,Idle Resources
2026-09-06 16:20:53,417.4062275966148,0,Backup/Snapshot Growth,1.0,Backup/Snapshot Growth
2026-09-06 17:20:53,370.12385087870274,0,Normal,1.0,Normal
2026-09-06 18:20:53,503.818863637834,0,Database Load,1.0,Database Load
2026-09-06 19:20:53,469.3394925589525,0,Network Traffic,0.98,Network Traffic
2026-09-06 20:20:53,505.7312803634244,0,Backup/Snapshot Growth,1.0,Backup/Snapshot Growth
2026-09-06 21:20:53,312.43222074353685,0,Normal,1.0,Normal
2026-09-06 22:20:53,294.3717236614116,0,Normal,1.0,Normal
2026-09-06 23:20:53,270.8382476257109,0,Normal,1.0,Normal
2026-09-07 00:20:53,346.1773497379444,0,Normal,1.0,Normal
2026-09-07 01:20:53,305.0832548917307,0,Normal,1.0,Normal
2026-09-07 02:20:53,413.3458578809888,0,Auto Scaling,1.0,Auto Scaling
2026-09-07 03:20:53,370.0940539820722,0,Normal,1.0,Normal
2026-09-07 04:20:53,342.18077881412444,0,Normal,1.0,Normal
2026-09-07 05:20:53,533.2453936761949,0,Backup/Snapshot Growth,0.99,Backup/Snapshot Growth
2026-09-07 06:20:53,343.7618038802824,0,Normal,1.0,Normal
2026-09-07 07:20:53,562.5858273594525,0,Backup/Snapshot Growth,1.0,Backup/Snapshot Growth
2026-09-07 08:20:53,650.6871824060175,0,Database Load,1.0,Database Load
2026-09-07 09:20:53,325.7189678176364,0,Network Traffic,1.0,Network Traffic
2026-09-07 10:20:53,305.7522847334031,0,Normal,1.0,Normal
2026-09-07 11:20:53,255.7153024614352,0,Normal,0.99,Normal
2026-09-07 12:20:53,326.2964578693109,0,Network Traffic,1.0,Network Traffic
2026-09-07 13:20:53,404.844049282615,0,Normal,1.0,Normal
2026-09-07 14:20:53,548.3181145699009,0,Backup/Snapshot Growth,0.99,Backup/Snapshot Growth
2026-09-07 15:20:53,427.8444703942001,0,Network Traffic,1.0,Network Traffic
2026-09-07 16:20:53,380.3435490867032,0,Normal,1.0,Normal
2026-09-07 17:20:53,416.8153975670086,0,Auto Scaling,1.0,Auto Scaling
2026-09-07 18:20:53,595.8106290645911,0,Database Load,1.0,Database Load
2026-09-07 19:20:53,397.959707112029,0,Normal,1.0,Normal
2026-09-07 20:20:53,316.0102712810375,0,Normal,1.0,Normal
2026-09-07 21:20:53,402.36222707800863,0,Normal,1.0,Normal
2026-09-07 22:20:53,346.9394017865469,0,Network Traffic,1.0,Network Traffic
2026-09-07 23:20:53,464.8168279806528,0,Database Load,1.0,Database Load
2026-09-08 00:20:53,311.8721411092218,0,Auto Scaling,1.0,Auto Scaling
2026-09-08 01:20:53,392.03313669770745,0,Normal,1.0,Normal
2026-09-08 02:20:53,220.89679545970984,0,Normal,1.0,Normal
2026-09-08 03:20:53,344.4660093496107,0,Normal,1.0,Normal
2026-09-08 04:20:53,297.1560247564499,0,Normal,1.0,Normal
2026-09-08 05:20:53,347.78905819844294,0,Normal,1.0,Normal
2026-09-08 06:20:53,308.86723524428,0,Normal,1.0,Normal
2026-09-08 07:20:53,378.132262266957,0,Network Traffic,1.0,Network Traffic
2026-09-08 08:20:53,301.48391185246413,0,Normal,1.0,Normal
2026-09-08 09:20:53,515.3237713617106,0,Backup/Snapshot Growth,0.99,Backup/Snapshot Growth
2026-09-08 10:20:53,534.5379619982925,0,Database Load,1.0,Database Load
2026-09-08 11:20:53,376.9585933161374,0,Auto Scaling,1.0,Auto Scaling
2026-09-08 12:20:53,432.2549319751468,0,Network Traffic,1.0,Network Traffic
2026-09-08 13:20:53,325.90824011720883,0,Normal,1.0,Normal
2026-09-08 14:20:53,362.57570605162766,0,Idle Resources,0.95,Idle Resources
2026-09-08 15:20:53,311.7944601291944,0,Network Traffic,1.0,Network Traffic
2026-09-08 16:20:53,296.0679632472709,0,Network Traffic,1.0,Network Traffic
2026-09-08 17:20:53,423.7820879263036,0,Network Traffic,1.0,Network Traffic
2026-09-08 18:20:53,385.4359606967252,0,Normal,1.0,Normal
2026-09-08 19:20:53,321.7951237307088,0,Normal,1.0,Normal
2026-09-08 20:20:53,457.924022735698,0,Idle Resources,0.99,Idle Resources
2026-09-08 21:20:53,296.1673365577024,0,Normal,1.0,Normal
2026-09-08 22:20:53,626.1782113064804,1,Backup/Snapshot Growth,1.0,Backup/Snapshot Growth
2026-09-08 23:20:53,332.5782335673981,0,Normal,1.0,Normal
2026-09-09 00:20:53,359.7690690957048,0,Normal,0.99,Normal
2026-09-09 01:20:53,296.8216320557096,0,Normal,1.0,Normal
2026-09-09 02:20:53,394.10198156371706,0,Network Traffic,1.0,Network Traffic
2026-09-09 03:20:53,621.5928050662401,1,Backup/Snapshot Growth,1.0,Backup/Snapshot Growth
2026-09-09 04:20:53,471.0044561444316,0,Auto Scaling,0.99,Auto Scaling
2026-09-09 05:20:53,616.5377588988323,1,Database Load,1.0,Database Load
2026-09-09 06:20:53,387.6059752924614,0,Auto Scaling,1.0,Auto Scaling
2026-09-09 07:20:53,302.00767627259586,0,Normal,1.0,Normal
2026-09-09 08:20:53,472.1170909148938,1,Idle Resources,1.0,Idle Resources
2026-09-09 09:20:53,533.7135142332854,0,Backup/Snapshot Growth,1.0,Backup/Snapshot Growth
2026-09-09 10:20:53,379.349664120492,0,Auto Scaling,1.0,Auto Scaling
2026-09-09 11:20:53,614.0699611867439,1,Database Load,1.0,Database Load
2026-09-09 12:20:53,309.5061896600715,0,Normal,1.0,Normal
2026-09-09 13:20:53,405.3229511519313,0,Normal,1.0,Normal
2026-09-09 14:20:53,360.4522178038576,0,Storage Growth,1.0,Storage Growth
2026-09-09 15:20:53,346.18128378924246,0,Normal,1.0,Normal
2026-09-09 16:20:53,329.53833287935595,0,Normal,1.0,Normal
2026-09-09 17:20:53,432.4391984705344,0,Network Traffic,1.0,Network Traffic
2026-09-09 18:20:53,437.8434001017764,0,Auto Scaling,1.0,Auto Scaling
2026-09-09 19:20:53,680.2672602848656,1,Database Load,1.0,Database Load
2026-09-09 20:20:53,291.5494872691209,0,Normal,0.98,Normal
2026-09-09 21:20:53,388.8297531155509,0,Normal,1.0,Normal
2026-09-09 22:20:53,456.379534065642,0,Normal,1.0,Normal
2026-09-09 23:20:53,424.97759752214057,0,Idle Resources,1.0,Idle Resources
2026-09-10 00:20:53,438.55830857425696,0,Idle Resources,1.0,Idle Resources
2026-09-10 01:20:53,432.3533969298255,0,Storage Growth,0.97,Storage Growth
2026-09-10 02:20:53,621.3927653696549,0,Database Load,1.0,Database Load
2026-09-10 03:20:53,578.2898439922515,0,Backup/Snapshot Growth,1.0,Backup/Snapshot Growth
2026-09-10 04:20:53,526.9311727289178,1,Idle Resources,1.0,Idle Resources
2026-09-10 05:20:53,505.1828953384938,0,Database Load,1.0,Database Load
2026-09-10 06:20:53,301.4028809278109,0,Normal,1.0,Normal
2026-09-10 07:20:53,436.52668479950256,0,Storage Growth,0.98,Storage Growth
2026-09-10 08:20:53,303.8088673205904,0,Normal,1.0,Normal
2026-09-10 09:20:53,336.6810312120683,0,Normal,0.99,Normal
2026-09-10 10:20:53,512.8084764760858,0,Backup/Snapshot Growth,1.0,Backup/Snapshot Growth
2026-09-10 11:20:53,526.9460021358724,0,Idle Resources,1.0,Idle Resources
2026-09-10 12:20:53,335.6023698243771,0,Normal,1.0,Normal
2026-09-10 13:20:53,331.8199656402258,0,Normal,1.0,Normal
2026-09-10 14:20:53,286.2515252181455,0,Normal,1.0,Normal
2026-09-10 15:20:53,396.58489323644335,0,Network Traffic,0.99,Network Traffic
2026-09-10 16:20:53,428.6875036276001,0,Normal,0.99,Normal
2026-09-10 17:20:53,439.2534804730644,0,Auto Scaling,1.0,Auto Scaling
2026-09-10 18:20:53,385.3249969006287,0,Network Traffic,0.99,Network Traffic
2026-09-10 19:20:53,404.6302655320803,0,Normal,0.96,Normal
2026-09-10 20:20:53,309.6280775335315,0,Normal,1.0,Normal
2026-09-10 21:20:53,293.3221884359038,0,Normal,1.0,Normal
2026-09-10 22:20:53,449.2971631364734,0,Network Traffic,1.0,Network Traffic
2026-09-10 23:20:53,305.9621454158893,0,Normal,1.0,Normal
2026-09-11 00:20:53,514.606400860569,0,Backup/Snapshot Growth,1.0,Backup/Snapshot Growth
2026-09-11 01:20:53,458.5048978672508,0,Network Traffic,1.0,Network Traffic
2026-09-11 02:20:53,398.77671697978514,0,Auto Scaling,1.0,Auto Scaling
2026-09-11 03:20:53,452.1298978103428,0,Backup/Snapshot Growth,1.0,Backup/Snapshot Growth
2026-09-11 04:20:53,362.4392471655445,0,Normal,1.0,Normal
2026-09-11 05:20:53,245.9837651287905,0,Normal,0.97,Normal
2026-09-11 06:20:53,305.0232328249488,0,Normal,1.0,Normal
2026-09-11 07:20:53,535.5744531978801,0,Database Load,1.0,Database Load
2026-09-11 08:20:53,387.3171463734665,0,Idle Resources,1.0,Idle Resources
2026-09-11 09:20:53,301.5375312589268,0,Normal,1.0,Normal
2026-09-11 10:20:53,368.0058488326812,0,Normal,1.0,Normal
2026-09-11 11:20:53,398.7144194245486,0,Normal,1.0,Normal
2026-09-11 12:20:53,597.5797732721627,0,Database Load,1.0,Database Load
2026-09-11 13:20:53,410.1082329705951,0,Storage Growth,1.0,Storage Growth
2026-09-11 14:20:53,410.8829654013846,0,Normal,0.99,Normal
2026-09-11 15:20:53,316.760720787283,0,Network Traffic,1.0,Network Traffic
2026-09-11 16:20:53,290.89470237938093,0,Normal,1.0,Normal
2026-09-11 17:20:53,221.001862181586,0,Network Traffic,1.0,Network Traffic
2026-09-11 18:20:53,355.1479744211416,0,Network Traffic,1.0,Network Traffic
2026-09-11 19:20:53,430.4966996392588,0,Network Traffic,1.0,Network Traffic
2026-09-11 20:20:53,416.4314527062295,0,Auto Scaling,1.0,Auto Scaling
2026-09-11 21:20:53,306.53982544044595,0,Normal,1.0,Normal
2026-09-11 22:20:53,568.0385146937249,0,Database Load,1.0,Database Load
2026-09-11 23:20:53,363.6223787300482,0,Normal,0.99,Normal
2026-09-12 00:20:53,383.4431857707714,0,Normal,1.0,Normal
2026-09-12 01:20:53,337.9995339775897,0,Storage Growth,0.98,Storage Growth
2026-09-12 02:20:53,324.56317523178274,0,Normal,1.0,Normal
2026-09-12 03:20:53,428.04610043617225,0,Normal,1.0,Normal
2026-09-12 04:20:53,322.5811711512033,0,Idle Resources,1.0,Idle Resources
2026-09-12 05:20:53,307.8823363528835,0,Storage Growth,0.98,Storage Growth
2026-09-12 06:20:53,311.74532561355835,0,Normal,1.0,Normal
2026-09-12 07:20:53,380.5309349132246,0,Idle Resources,1.0,Idle Resources
2026-09-12 08:20:53,270.7878184789262,0,Normal,1.0,Normal
2026-09-12 09:20:53,398.2719671736504,0,Normal,0.99,Normal
2026-09-12 10:20:53,266.1452162120279,0,Normal,1.0,Normal
2026-09-12 11:20:53,387.8439174510684,0,Network Traffic,1.0,Network Traffic
2026-09-12 12:20:53,534.2389833480015,0,Backup/Snapshot Growth,1.0,Backup/Snapshot Growth
2026-09-12 13:20:53,275.97643395855994,0,Normal,1.0,Normal
2026-09-12 14:20:53,254.50813989280792,0,Normal,1.0,Normal
2026-09-12 15:20:53,325.55289605328966,0,Storage Growth,1.0,Storage Growth
2026-09-12 16:20:53,346.7828676410245,0,Network Traffic,0.99,Network Traffic
2026-09-12 17:20:53,471.4004485481228,0,Auto Scaling,1.0,Auto Scaling
2026-09-12 18:20:53,480.87300577181406,0,Idle Resources,1.0,Idle Resources
2026-09-12 19:20:53,361.65402560203086,0,Normal,1.0,Normal
2026-09-12 20:20:53,401.53361140791935,0,Normal,1.0,Normal
2026-09-12 21:20:53,313.236106908489,0,Normal,1.0,Normal
2026-09-12 22:20:53,520.7736878849398,1,Idle Resources,1.0,Idle Resources
2026-09-12 23:20:53,494.88736013362,0,Database Load,1.0,Database Load
2026-09-13 00:20:53,520.1022343982967,0,Database Load,1.0,Database Load
2026-09-13 01:20:53,414.0641044703114,0,Normal,0.79,Storage Growth
2026-09-13 02:20:53,469.058776979335,0,Auto Scaling,1.0,Auto Scaling
2026-09-13 03:20:53,327.73491562935965,0,Normal,1.0,Normal
2026-09-13 04:20:53,313.5973779719755,0,Normal,1.0,Normal
2026-09-13 05:20:53,399.8774061613505,0,Idle Resources,1.0,Idle Resources
2026-09-13 06:20:53,348.59284251050764,0,Normal,0.99,Normal
2026-09-13 07:20:53,637.9499729267254,1,Backup/Snapshot Growth,1.0,Backup/Snapshot Growth
2026-09-13 08:20:53,420.08609364914224,0,Idle Resources,1.0,Idle Resources
2026-09-13 09:20:53,379.1862072800618,0,Normal,1.0,Normal
2026-09-13 10:20:53,350.3107973083543,0,Normal,1.0,Normal
2026-09-13 11:20:53,425.3265205232971,0,Network Traffic,1.0,Network Traffic
2026-09-13 12:20:53,226.4976305322833,0,Normal,0.98,Normal
2026-09-13 13:20:53,305.08804178889096,0,Normal,1.0,Normal
2026-09-13 14:20:53,435.5267832450207,0,Auto Scaling,1.0,Auto Scaling
2026-09-13 15:20:53,467.3893537189842,1,Auto Scaling,1.0,Auto Scaling
2026-09-13 16:20:53,398.0542206040405,0,Storage Growth,1.0,Storage Growth
2026-09-13 17:20:53,316.7102273477367,0,Normal,1.0,Normal
2026-09-13 18:20:53,407.03804893553234,0,Normal,0.96,Normal
2026-09-13 19:20:53,341.7499959202814,0,Normal,1.0,Normal
2026-09-13 20:20:53,411.2490823551492,0,Normal,1.0,Normal
2026-09-13 21:20:53,359.47065540755943,0,Normal,0.99,Normal
2026-09-13 22:20:53,322.9372167596034,0,Auto Scaling,1.0,Auto Scaling
2026-09-13 23:20:53,360.20530468361164,0,Auto Scaling,1.0,Auto Scaling
2026-09-14 00:20:53,358.52556761799445,0,Idle Resources,0.97,Idle Resources
2026-09-14 01:20:53,440.048751471769,0,Idle Resources,1.0,Idle Resources
2026-09-14 02:20:53,359.00308186702574,0,Normal,0.99,Normal
2026-09-14 03:20:53,271.92401613229555,0,Network Traffic,1.0,Network Traffic
2026-09-14 04:20:53,384.5971713505555,0,Normal,1.0,Normal
2026-09-14 05:20:53,394.1051084447191,0,Idle Resources,1.0,Idle Resources
2026-09-14 06:20:53,424.9730738382053,0,Auto Scaling,1.0,Auto Scaling
2026-09-14 07:20:53,378.00426213224,0,Normal,1.0,Normal
2026-09-14 08:20:53,419.4422130699487,0,Normal,0.99,Normal
2026-09-14 09:20:53,432.6142570084713,1,Auto Scaling,0.97,Auto Scaling
2026-09-14 10:20:53,329.1089086018319,0,Normal,1.0,Normal
2026-09-14 11:20:53,410.5588937837409,0,Normal,1.0,Normal
2026-09-14 12:20:53,403.76543190424366,0,Normal,1.0,Normal
2026-09-14 13:20:53,381.7701719340829,0,Normal,1.0,Normal
2026-09-14 14:20:53,336.3364230306027,0,Normal,1.0,Normal
2026-09-14 15:20:53,319.55580790575635,0,Network Traffic,1.0,Network Traffic
2026-09-14 16:20:53,327.8925429878205,0,Normal,1.0,Normal
2026-09-14 17:20:53,301.6637313695361,0,Normal,1.0,Normal
2026-09-14 18:20:53,398.8587085626765,0,Normal,0.99,Normal
2026-09-14 19:20:53,446.3525482623583,0,Normal,0.99,Normal
2026-09-14 20:20:53,428.95139164327634,0,Normal,1.0,Normal
2026-09-14 21:20:53,425.71616190370537,0,Auto Scaling,1.0,Auto Scaling
2026-09-14 22:20:53,229.10588907698747,0,Normal,1.0,Normal
2026-09-14 23:20:53,366.1443933129435,0,Normal,1.0,Normal
2026-09-15 00:20:53,283.9404700131452,0,Normal,0.99,Normal
2026-09-15 01:20:53,423.164228530581,0,Idle Resources,1.0,Idle Resources
2026-09-15 02:20:53,371.9357927397321,0,Normal,1.0,Normal
2026-09-15 03:20:53,402.7130838418569,0,Network Traffic,1.0,Network Traffic
2026-09-15 04:20:53,308.77940270179806,0,Normal,0.99,Normal
2026-09-15 05:20:53,364.1334062826225,0,Normal,1.0,Normal
2026-09-15 06:20:53,574.878258621477,0,Database Load,1.0,Database Load
2026-09-15 07:20:53,534.1250153682881,0,Idle Resources,1.0,Idle Resources
2026-09-15 08:20:53,377.8728274083724,0,Network Traffic,1.0,Network Traffic
2026-09-15 09:20:53,374.2484700479701,0,Normal,0.99,Normal
2026-09-15 10:20:53,339.5211076049839,0,Network Traffic,1.0,Network Traffic
2026-09-15 11:20:53,397.3546492253903,0,Normal,1.0,Normal
2026-09-15 12:20:53,314.2381566298371,0,Normal,0.98,Normal
2026-09-15 13:20:53,325.3437459226549,0,Network Traffic,0.99,Network Traffic
2026-09-15 14:20:53,446.65219853368814,0,Idle Resources,1.0,Idle Resources
2026-09-15 15:20:53,417.6849066840496,0,Auto Scaling,0.99,Auto Scaling
2026-09-15 16:20:53,482.9479177750635,0,Idle Resources,1.0,Idle Resources
2026-09-15 17:20:53,428.1965086731759,0,Idle Resources,1.0,Idle Resources
2026-09-15 18:20:53,423.6298051312681,0,Normal,1.0,Normal
2026-09-15 19:20:53,358.81086954621344,0,Normal,1.0,Normal
2026-09-15 20:20:53,536.1263593393998,0,Database Load,1.0,Database Load
2026-09-15 21:20:53,366.8419271883615,0,Network Traffic,1.0,Network Traffic
2026-09-15 22:20:53,344.02773018091267,0,Network Traffic,1.0,Network Traffic
2026-09-15 23:20:53,311.2688544765155,0,Normal,1.0,Normal
2026-09-16 00:20:53,326.65957865670885,0,Normal,1.0,Normal
2026-09-16 01:20:53,513.496464102188,1,Backup/Snapshot Growth,1.0,Backup/Snapshot Growth
2026-09-16 02:20:53,379.9558706814171,0,Normal,1.0,Normal
2026-09-16 03:20:53,558.594026308709,1,Database Load,1.0,Database Load
2026-09-16 04:20:53,254.26162370365893,0,Normal,0.98,Normal
2026-09-16 05:20:53,465.9731609284914,0,Normal,0.98,Normal
2026-09-16 06:20:53,459.1490044630386,0,Auto Scaling,1.0,Auto Scaling
2026-09-16 07:20:53,273.57102508613286,0,Normal,1.0,Normal
2026-09-16 08:20:53,375.2780838135525,0,Normal,0.89,Normal
2026-09-16 09:20:53,348.2803200344991,0,Auto Scaling,1.0,Auto Scaling
2026-09-16 10:20:53,388.04865135004735,0,Network Traffic,1.0,Network Traffic
2026-09-16 11:20:53,349.46182302041314,0,Database Load,0.6,Database Load
2026-09-16 12:20:53,542.826756697685,0,Database Load,1.0,Database Load
2026-09-16 13:20:53,324.7899832438735,0,Normal,0.98,Normal
2026-09-16 14:20:53,334.97728349231414,0,Storage Growth,1.0,Storage Growth
2026-09-16 15:20:53,400.5704938038865,0,Network Traffic,1.0,Network Traffic
2026-09-16 16:20:53,281.5308995859928,0,Normal,1.0,Normal
2026-09-16 17:20:53,342.1819867553589,0,Normal,1.0,Normal
2026-09-16 18:20:53,322.4844431396194,0,Normal,1.0,Normal
2026-09-16 19:20:53,686.6682564568969,1,Database Load,1.0,Database Load
2026-09-16 20:20:53,649.6411713699956,1,Backup/Snapshot Growth,0.97,Backup/Snapshot Growth
2026-09-16 21:20:53,264.6658480783045,0,Normal,1.0,Normal
2026-09-16 22:20:53,382.9332631289376,0,Normal,1.0,Normal
2026-09-16 23:20:53,345.09585384921354,0,Storage Growth,1.0,Storage Growth
2026-09-17 00:20:53,461.11722229892354,0,Network Traffic,1.0,Network Traffic
2026-09-17 01:20:53,285.4633004153728,0,Normal,1.0,Normal
2026-09-17 02:20:53,410.8344889191186,0,Storage Growth,1.0,Storage Growth
2026-09-17 03:20:53,417.4924325557911,0,Backup/Snapshot Growth,1.0,Backup/Snapshot Growth
2026-09-17 04:20:53,456.2653121396121,1,Idle Resources,1.0,Idle Resources
2026-09-17 05:20:53,352.2983012612814,0,Auto Scaling,1.0,Auto Scaling
2026-09-17 06:20:53,411.3438667633261,0,Normal,1.0,Normal
2026-09-17 07:20:53,234.2829964253629,0,Normal,1.0,Normal
2026-09-17 08:20:53,473.2618616672965,0,Idle Resources,1.0,Idle Resources
2026-09-17 09:20:53,253.05949235513648,0,Normal,1.0,Normal
2026-09-17 10:20:53,527.6798080526315,0,Database Load,1.0,Database Load
2026-09-17 11:20:53,501.2484352148191,0,Idle Resources,1.0,Idle Resources
2026-09-17 12:20:53,366.9588276080677,0,Normal,0.99,Normal
2026-09-17 13:20:53,374.728877019162,0,Normal,1.0,Normal
2026-09-17 14:20:53,571.1593371657405,1,Database Load,1.0,Database Load
2026-09-17 15:20:53,416.2793155458405,0,Auto Scaling,1.0,Auto Scaling
2026-09-17 16:20:53,366.6429640708258,0,Normal,1.0,Normal
2026-09-17 17:20:53,322.6890012712095,0,Normal,0.99,Normal
2026-09-17 18:20:53,365.75037150126303,0,Normal,1.0,Normal
2026-09-17 19:20:53,396.1875902246507,0,Normal,0.98,Normal
2026-09-17 20:20:53,235.49602118061807,0,Normal,1.0,Normal
2026-09-17 21:20:53,350.845485927067,0,Network Traffic,1.0,Network Traffic
2026-09-17 22:20:53,322.4290007050289,0,Normal,1.0,Normal
2026-09-17 23:20:53,529.8697218896332,0,Backup/Snapshot Growth,1.0,Backup/Snapshot Growth
2026-09-18 00:20:53,431.5846399998312,0,Normal,1.0,Normal
2026-09-18 01:20:53,289.00828188499975,0,Network Traffic,1.0,Network Traffic
2026-09-18 02:20:53,344.021086884477,0,Normal,1.0,Normal
2026-09-18 03:20:53,286.54893401003346,0,Normal,1.0,Normal
2026-09-18 04:20:53,328.85347462252963,0,Normal,1.0,Normal
2026-09-18 05:20:53,507.6254344290872,0,Idle Resources,1.0,Idle Resources
2026-09-18 06:20:53,427.4227795480256,0,Database Load,1.0,Database Load
2026-09-18 07:20:53,371.3015586139468,0,Normal,1.0,Normal
2026-09-18 08:20:53,308.65170601544907,0,Idle Resources,1.0,Idle Resources
2026-09-18 09:20:53,353.36006171661865,0,Normal,0.99,Normal
2026-09-18 10:20:53,325.51820087597366,0,Normal,1.0,Normal
2026-09-18 11:20:53,330.3541403766394,0,Normal,1.0,Normal
2026-09-18 12:20:53,327.8140062267711,0,Normal,1.0,Normal
2026-09-18 13:20:53,360.8369431088317,0,Normal,1.0,Normal
2026-09-18 14:20:53,282.43769660314894,0,Normal,1.0,Normal
2026-09-18 15:20:53,364.5837627572977,0,Auto Scaling,1.0,Auto Scaling
2026-09-18 16:20:53,327.2132200299595,0,Normal,1.0,Normal
2026-09-18 17:20:53,421.2097587917935,0,Idle Resources,1.0,Idle Resources
2026-09-18 18:20:53,409.6170423759059,0,Storage Growth,1.0,Storage Growth
2026-09-18 19:20:53,325.5576247155137,0,Normal,1.0,Normal
2026-09-18 20:20:53,372.2523393316394,0,Normal,1.0,Normal
2026-09-18 21:20:53,417.6586479873631,0,Storage Growth,0.99,Storage Growth
2026-09-18 22:20:53,341.19703821672573,0,Normal,1.0,Normal
2026-09-18 23:20:53,418.52840430294975,0,Auto Scaling,0.99,Auto Scaling
2026-09-19 00:20:53,386.03284456764175,0,Network Traffic,1.0,Network Traffic
2026-09-19 01:20:53,342.01670177310007,0,Auto Scaling,1.0,Auto Scaling
2026-09-19 02:20:53,509.2926625609497,0,Backup/Snapshot Growth,1.0,Backup/Snapshot Growth
2026-09-19 03:20:53,547.330184773308,0,Backup/Snapshot Growth,1.0,Backup/Snapshot Growth
2026-09-19 04:20:53,356.1727299421884,0,Normal,1.0,Normal
2026-09-19 05:20:53,432.35212679649175,0,Normal,0.99,Normal
2026-09-19 06:20:53,313.8219127007187,0,Normal,1.0,Normal
2026-09-19 07:20:53,308.0535793491822,0,Auto Scaling,1.0,Auto Scaling
2026-09-19 08:20:53,452.2898964137406,0,Idle Resources,0.96,Idle Resources
2026-09-19 09:20:53,437.1055687079381,0,Database Load,1.0,Database Load
2026-09-19 10:20:53,362.3751241632041,0,Normal,1.0,Normal
2026-09-19 11:20:53,291.1813274509957,0,Normal,1.0,Normal
2026-09-19 12:20:53,385.0156762674628,0,Storage Growth,0.98,Storage Growth
2026-09-19 13:20:53,397.3897645588168,0,Normal,1.0,Normal
2026-09-19 14:20:53,429.0790785869473,0,Auto Scaling,0.99,Auto Scaling
2026-09-19 15:20:53,380.4955429397276,0,Normal,1.0,Normal
2026-09-19 16:20:53,273.92962941599694,0,Normal,1.0,Normal
2026-09-19 17:20:53,329.0338210150011,0,Normal,1.0,Normal
2026-09-19 18:20:53,268.4095272681981,0,Idle Resources,0.97,Idle Resources
2026-09-19 19:20:53,235.7967734711445,0,Normal,0.99,Normal
2026-09-19 20:20:53,542.4841382902468,0,Backup/Snapshot Growth,0.99,Backup/Snapshot Growth
2026-09-19 21:20:53,368.2772550163138,0,Normal,1.0,Normal
2026-09-19 22:20:53,391.5694594629038,0,Idle Resources,0.99,Idle Resources
2026-09-19 23:20:53,407.79002692452383,0,Network Traffic,0.95,Network Traffic
2026-09-20 00:20:53,332.37000543405844,0,Network Traffic,1.0,Network Traffic
2026-09-20 01:20:53,365.1203863721231,0,Idle Resources,1.0,Idle Resources
2026-09-20 02:20:53,279.32868124933674,0,Storage Growth,0.99,Storage Growth
2026-09-20 03:20:53,359.9264932048959,0,Idle Resources,1.0,Idle Resources
2026-09-20 04:20:53,342.9379679563332,0,Normal,1.0,Normal
2026-09-20 05:20:53,380.1657992575049,0,Storage Growth,1.0,Storage Growth
2026-09-20 06:20:53,291.19927731338294,0,Network Traffic,1.0,Network Traffic
2026-09-20 07:20:53,346.74951646670706,0,Auto Scaling,1.0,Auto Scaling
2026-09-20 08:20:53,357.54182546737434,0,Normal,1.0,Normal
2026-09-20 09:20:53,362.0287236022433,0,Storage Growth,0.97,Storage Growth
2026-09-20 10:20:53,314.65737779925024,0,Normal,0.98,Normal
2026-09-20 11:20:53,392.86319205907023,0,Normal,1.0,Normal
2026-09-20 12:20:53,649.3944773207388,0,Database Load,1.0,Database Load
2026-09-20 13:20:53,615.6426180667758,1,Database Load,1.0,Database Load
2026-09-20 14:20:53,470.33239960251376,0,Network Traffic,1.0,Network Traffic
2026-09-20 15:20:53,321.5725343426032,0,Normal,1.0,Normal
2026-09-20 16:20:53,622.0617866115385,0,Database Load,1.0,Database Load
2026-09-20 17:20:53,327.75910422252986,0,Storage Growth,1.0,Storage Growth
2026-09-20 18:20:53,262.954198353113,0,Normal,1.0,Normal
2026-09-20 19:20:53,398.47089129672514,0,Normal,1.0,Normal
2026-09-20 20:20:53,399.4595733948915,0,Storage Growth,1.0,Storage Growth
2026-09-20 21:20:53,285.61925644147414,0,Normal,1.0,Normal
2026-09-20 22:20:53,418.0793095867693,0,Normal,1.0,Normal
2026-09-20 23:20:53,401.1303721666458,0,Idle Resources,1.0,Idle Resources
2026-09-21 00:20:53,279.9505877627958,0,Normal,1.0,Normal
2026-09-21 01:20:53,449.619171434228,0,Storage Growth,0.99,Storage Growth
2026-09-21 02:20:53,317.8854698922078,0,Normal,1.0,Normal
2026-09-21 03:20:53,472.71816839133487,1,Idle Resources,1.0,Idle Resources
2026-09-21 04:20:53,263.39055856557155,0,Normal,1.0,Normal
2026-09-21 05:20:53,261.60489060487964,0,Storage Growth,0.93,Storage Growth
2026-09-21 06:20:53,346.5287226501637,0,Normal,0.98,Normal
2026-09-21 07:20:53,416.16563414247975,0,Storage Growth,1.0,Storage Growth
2026-09-21 08:20:53,354.4222606944598,0,Normal,0.97,Normal
2026-09-21 09:20:53,353.9748442227808,0,Idle Resources,1.0,Idle Resources
2026-09-21 10:20:53,280.58177787664715,0,Normal,1.0,Normal
2026-09-21 11:20:53,290.20084949857807,0,Storage Growth,1.0,Storage Growth
2026-09-21 12:20:53,387.9782399308082,0,Normal,1.0,Normal
2026-09-21 13:20:53,353.99243123441875,0,Normal,1.0,Normal
2026-09-21 14:20:53,360.339787039319,0,Storage Growth,1.0,Storage Growth
2026-09-21 15:20:53,333.322262555936,0,Network Traffic,1.0,Network Traffic
2026-09-21 16:20:53,325.58028533543705,0,Normal,0.99,Normal
2026-09-21 17:20:53,345.22203889684863,0,Normal,1.0,Normal
2026-09-21 18:20:53,372.6410765875765,0,Normal,0.98,Normal
2026-09-21 19:20:53,331.370957778773,0,Network Traffic,1.0,Network Traffic
2026-09-21 20:20:53,394.2596609844399,1,Auto Scaling,1.0,Auto Scaling
2026-09-21 21:20:53,675.6526215705567,1,Database Load,1.0,Database Load
2026-09-21 22:20:53,341.4543547511162,0,Normal,1.0,Normal
2026-09-21 23:20:53,446.8219980817858,0,Normal,0.94,Normal
2026-09-22 00:20:53,333.4374022727168,0,Normal,1.0,Normal
2026-09-22 01:20:53,319.1428555597616,0,Storage Growth,0.98,Storage Growth
2026-09-22 02:20:53,384.96653724053056,0,Network Traffic,1.0,Network Traffic
2026-09-22 03:20:53,430.2211127094867,0,Backup/Snapshot Growth,0.99,Backup/Snapshot Growth
2026-09-22 04:20:53,382.1929492042416,0,Storage Growth,1.0,Storage Growth
2026-09-22 05:20:53,418.36032271093296,0,Idle Resources,1.0,Idle Resources
2026-09-22 06:20:53,288.8018207993631,0,Normal,1.0,Normal
2026-09-22 07:20:53,333.3969688981717,0,Auto Scaling,1.0,Auto Scaling
2026-09-22 08:20:53,247.97867440129173,0,Normal,1.0,Normal
2026-09-22 09:20:53,471.4328604661337,0,Database Load,0.99,Database Load
2026-09-22 10:20:53,299.5960587490739,0,Network Traffic,0.97,Network Traffic
2026-09-22 11:20:53,349.17115905756526,0,Auto Scaling,1.0,Auto Scaling
2026-09-22 12:20:53,399.5212631241945,0,Normal,1.0,Normal
2026-09-22 13:20:53,368.51967904271874,0,Idle Resources,1.0,Idle Resources
2026-09-22 14:20:53,326.6922401306467,0,Normal,1.0,Normal
2026-09-22 15:20:53,415.7475175392744,0,Normal,1.0,Normal
2026-09-22 16:20:53,360.8481877149053,0,Normal,1.0,Normal
2026-09-22 17:20:53,394.9133989975308,0,Idle Resources,0.98,Idle Resources
2026-09-22 18:20:53,404.6344850046936,0,Normal,1.0,Normal
2026-09-22 19:20:53,319.7402143110201,0,Network Traffic,1.0,Network Traffic
2026-09-22 20:20:53,341.1836224398965,0,Storage Growth,0.99,Storage Growth
2026-09-22 21:20:53,386.2206976723062,0,Network Traffic,1.0,Network Traffic
2026-09-22 22:20:53,256.6276923567671,0,Normal,1.0,Normal
2026-09-22 23:20:53,247.97613663123727,0,Normal,1.0,Normal
2026-09-23 00:20:53,446.22419183758217,0,Normal,0.72,Normal
2026-09-23 01:20:53,443.7919764378551,0,Normal,0.99,Normal
2026-09-23 02:20:53,332.02091359438936,0,Normal,1.0,Normal
2026-09-23 03:20:53,425.52428390122486,0,Normal,1.0,Normal
2026-09-23 04:20:53,397.60806443453896,0,Database Load,1.0,Database Load
2026-09-23 05:20:53,410.3332631649141,0,Normal,1.0,Normal
2026-09-23 06:20:53,320.0932453881932,0,Storage Growth,1.0,Storage Growth
2026-09-23 07:20:53,397.44469539346494,0,Normal,1.0,Normal
2026-09-23 08:20:53,386.2766715343483,0,Auto Scaling,1.0,Auto Scaling
2026-09-23 09:20:53,307.4853673461485,0,Normal,1.0,Normal
2026-09-23 10:20:53,318.7782641198062,0,Normal,1.0,Normal
2026-09-23 11:20:53,352.1971328645953,0,Network Traffic,1.0,Network Traffic
2026-09-23 12:20:53,406.91971048772143,0,Normal,1.0,Normal
2026-09-23 13:20:53,337.44692613970244,0,Normal,1.0,Normal
2026-09-23 14:20:53,334.62266930639106,0,Normal,1.0,Normal
2026-09-23 15:20:53,329.4873141641332,0,Normal,1.0,Normal
2026-09-23 16:20:53,346.4189550864792,0,Idle Resources,1.0,Idle Resources
2026-09-23 17:20:53,349.72831172221834,0,Normal,0.99,Normal
2026-09-23 18:20:53,327.89033546032374,0,Network Traffic,1.0,Network Traffic
2026-09-23 19:20:53,280.9163538790147,0,Normal,1.0,Normal
2026-09-23 20:20:53,441.4701405670402,1,Auto Scaling,1.0,Auto Scaling
2026-09-23 21:20:53,445.983698847112,0,Auto Scaling,1.0,Auto Scaling
2026-09-23 22:20:53,434.5119869140376,0,Normal,0.97,Normal
2026-09-23 23:20:53,290.2173313749308,0,Normal,1.0,Normal
2026-09-24 00:20:53,368.7664700207072,0,Normal,1.0,Normal
2026-09-24 01:20:53,253.3808905065333,0,Auto Scaling,1.0,Auto Scaling
2026-09-24 02:20:53,312.9859525718067,0,Normal,1.0,Normal
2026-09-24 03:20:53,424.9062019391485,0,Normal,1.0,Normal
2026-09-24 04:20:53,300.66936496090887,0,Normal,1.0,Normal
2026-09-24 05:20:53,437.48246511892296,0,Database Load,1.0,Database Load
2026-09-24 06:20:53,215.34245749213423,0,Normal,0.99,Normal
2026-09-24 07:20:53,437.77447427172086,0,Normal,1.0,Normal
2026-09-24 08:20:53,277.1355764671412,0,Normal,0.99,Normal
2026-09-24 09:20:53,232.76931579395185,0,Normal,1.0,Normal
2026-09-24 10:20:53,282.35392831096294,0,Network Traffic,1.0,Network Traffic
2026-09-24 11:20:53,601.1823995134358,1,Database Load,1.0,Database Load
2026-09-24 12:20:53,354.172110962939,0,Network Traffic,1.0,Network Traffic
2026-09-24 13:20:53,288.18887020356794,0,Normal,1.0,Normal
2026-09-24 14:20:53,354.7551572362656,0,Network Traffic,1.0,Network Traffic
2026-09-24 15:20:53,412.24074984440654,0,Network Traffic,1.0,Network Traffic
2026-09-24 16:20:53,430.8140298974891,0,Network Traffic,1.0,Network Traffic
2026-09-24 17:20:53,392.99137322146953,0,Idle Resources,1.0,Idle Resources
2026-09-24 18:20:53,371.0129421669116,0,Auto Scaling,1.0,Auto Scaling
2026-09-24 19:20:53,399.9779684897513,0,Storage Growth,1.0,Storage Growth
2026-09-24 20:20:53,492.40269047984873,0,Idle Resources,0.95,Idle Resources
2026-09-24 21:20:53,468.86965283019896,1,Auto Scaling,0.99,Auto Scaling
2026-09-24 22:20:53,309.8806876399718,0,Normal,1.0,Normal
2026-09-24 23:20:53,330.04231632052927,0,Normal,1.0,Normal
2026-09-25 00:20:53,305.6797310299145,0,Normal,1.0,Normal
2026-09-25 01:20:53,338.12397975164697,0,Normal,0.99,Normal
2026-09-25 02:20:53,398.93031148622896,0,Database Load,1.0,Database Load
2026-09-25 03:20:53,253.7000550625392,0,Normal,1.0,Normal
2026-09-25 04:20:53,388.2268849328404,0,Database Load,0.69,Database Load
2026-09-25 05:20:53,475.2750779384529,0,Idle Resources,1.0,Idle Resources
2026-09-25 06:20:53,325.09834178193495,0,Normal,0.97,Normal
2026-09-25 07:20:53,498.97718729574274,0,Database Load,1.0,Database Load
2026-09-25 08:20:53,374.40809920310346,0,Normal,1.0,Normal
2026-09-25 09:20:53,269.90080620680374,0,Normal,1.0,Normal
2026-09-25 10:20:53,295.4107106679643,0,Normal,1.0,Normal
2026-09-25 11:20:53,281.24762465864734,0,Idle Resources,0.95,Idle Resources
2026-09-25 12:20:53,338.9426429332561,0,Auto Scaling,1.0,Auto Scaling
2026-09-25 13:20:53,453.4782177223759,0,Auto Scaling,1.0,Auto Scaling
2026-09-25 14:20:53,330.17245518482457,0,Network Traffic,0.99,Network Traffic
2026-09-25 15:20:53,319.8499295651208,0,Storage Growth,1.0,Storage Growth
2026-09-25 16:20:53,367.7556649665279,0,Idle Resources,1.0,Idle Resources
2026-09-25 17:20:53,296.3639211801808,0,Normal,1.0,Normal
2026-09-25 18:20:53,349.57819606566375,0,Normal,1.0,Normal
2026-09-25 19:20:53,287.44885448160863,0,Normal,1.0,Normal
2026-09-25 20:20:53,397.9236256773209,0,Network Traffic,1.0,Network Traffic
2026-09-25 21:20:53,524.8902036041973,0,Database Load,1.0,Database Load
2026-09-25 22:20:53,508.96009240619776,0,Database Load,1.0,Database Load
2026-09-25 23:20:53,442.9285871437561,0,Database Load,0.96,Database Load
2026-09-26 00:20:53,358.33981767685043,0,Normal,1.0,Normal
2026-09-26 01:20:53,696.2476039955864,1,Database Load,0.99,Database Load
2026-09-26 02:20:53,534.3553837951403,1,Backup/Snapshot Growth,1.0,Backup/Snapshot Growth
2026-09-26 03:20:53,379.53320554338194,0,Network Traffic,0.97,Network Traffic
2026-09-26 04:20:53,356.161072124848,0,Normal,1.0,Normal
2026-09-26 05:20:53,345.26932220789456,0,Normal,1.0,Normal
2026-09-26 06:20:53,366.4067053745501,0,Network Traffic,1.0,Network Traffic
2026-09-26 07:20:53,381.14752146137295,0,Auto Scaling,0.99,Auto Scaling
2026-09-26 08:20:53,357.0062011991281,0,Normal,1.0,Normal
2026-09-26 09:20:53,355.55469280119854,0,Idle Resources,1.0,Idle Resources
2026-09-26 10:20:53,299.1771366326108,0,Normal,1.0,Normal
2026-09-26 11:20:53,372.9432085353138,0,Normal,1.0,Normal
2026-09-26 12:20:53,406.19154490104745,0,Database Load,0.98,Database Load
2026-09-26 13:20:53,556.7993059002223,0,Database Load,1.0,Database Load
2026-09-26 14:20:53,382.4175729968797,0,Idle Resources,1.0,Idle Resources
2026-09-26 15:20:53,450.9349377902773,0,Network Traffic,1.0,Network Traffic
2026-09-26 16:20:53,430.23105844146215,0,Network Traffic,1.0,Network Traffic
2026-09-26 17:20:53,340.7554102697761,0,Normal,1.0,Normal
2026-09-26 18:20:53,365.44890820371353,0,Normal,1.0,Normal
2026-09-26 19:20:53,292.6400761976181,0,Normal,1.0,Normal
2026-09-26 20:20:53,296.91581582466614,0,Normal,1.0,Normal
2026-09-26 21:20:53,345.28076969274184,0,Idle Resources,1.0,Idle Resources
2026-09-26 22:20:53,654.4523560703456,1,Database Load,1.0,Database Load
2026-09-26 23:20:53,412.84833099449816,0,Idle Resources,1.0,Idle Resources
2026-09-27 00:20:53,394.9194936582694,0,Normal,1.0,Normal
2026-09-27 01:20:53,350.65184046786493,0,Normal,1.0,Normal
2026-09-27 02:20:53,583.691116705204,1,Backup/Snapshot Growth,1.0,Backup/Snapshot Growth
2026-09-27 03:20:53,471.2181677620068,0,Idle Resources,1.0,Idle Resources
2026-09-27 04:20:53,378.398890309865,0,Normal,1.0,Normal
2026-09-27 05:20:53,410.6475463993023,0,Normal,1.0,Normal
2026-09-27 06:20:53,422.55762740927895,0,Normal,1.0,Normal
2026-09-27 07:20:53,327.5318523382225,0,Normal,1.0,Normal
2026-09-27 08:20:53,344.9907691739662,0,Idle Resources,1.0,Idle Resources
2026-09-27 09:20:53,240.2196165922794,0,Storage Growth,1.0,Storage Growth
2026-09-27 10:20:53,666.6153086585969,1,Backup/Snapshot Growth,1.0,Backup/Snapshot Growth
2026-09-27 11:20:53,357.8520963712211,0,Idle Resources,1.0,Idle Resources
2026-09-27 12:20:53,420.4727453921032,0,Database Load,0.99,Database Load
2026-09-27 13:20:53,288.93282911050375,0,Normal,1.0,Normal
2026-09-27 14:20:53,438.1366619430408,0,Database Load,1.0,Database Load
2026-09-27 15:20:53,333.3290824008438,0,Normal,1.0,Normal
2026-09-27 16:20:53,466.02333886978784,0,Backup/Snapshot Growth,1.0,Backup/Snapshot Growth
2026-09-27 17:20:53,342.31659842645246,0,Normal,1.0,Normal
2026-09-27 18:20:53,378.8325592180546,0,Normal,1.0,Normal
2026-09-27 19:20:53,313.2074200990321,0,Normal,1.0,Normal
2026-09-27 20:20:53,364.7051166680029,0,Auto Scaling,1.0,Auto Scaling
2026-09-27 21:20:53,365.1911988667735,0,Normal,1.0,Normal
2026-09-27 22:20:53,405.6298044344488,0,Auto Scaling,1.0,Auto Scaling
2026-09-27 23:20:53,270.4477314219837,0,Normal,1.0,Normal
2026-09-28 00:20:53,433.2648444324256,0,Idle Resources,1.0,Idle Resources
2026-09-28 01:20:53,269.9746370191823,0,Normal,1.0,Normal
2026-09-28 02:20:53,387.2833657667733,0,Normal,1.0,Normal
2026-09-28 03:20:53,622.4341905309063,1,Backup/Snapshot Growth,0.99,Backup/Snapshot Growth
2026-09-28 04:20:53,332.5527003126013,0,Normal,1.0,Normal
2026-09-28 05:20:53,293.9936481810321,0,Normal,1.0,Normal
2026-09-28 06:20:53,285.3857789633164,0,Normal,1.0,Normal
2026-09-28 07:20:53,328.8650442744928,0,Network Traffic,0.99,Network Traffic
2026-09-28 08:20:53,554.7026607217854,0,Backup/Snapshot Growth,1.0,Backup/Snapshot Growth
2026-09-28 09:20:53,389.967727237145,0,Normal,1.0,Normal
2026-09-28 10:20:53,425.5174313314413,0,Network Traffic,1.0,Network Traffic
2026-09-28 11:20:53,366.7299198446752,0,Auto Scaling,1.0,Auto Scaling
2026-09-28 12:20:53,484.7745503012261,0,Database Load,1.0,Database Load
2026-09-28 13:20:53,298.1482373638896,0,Normal,1.0,Normal
2026-09-28 14:20:53,410.6176960194293,0,Idle Resources,1.0,Idle Resources
2026-09-28 15:20:53,335.73574644724187,0,Normal,1.0,Normal
2026-09-28 16:20:53,392.97075763342434,0,Normal,0.99,Normal
2026-09-28 17:20:53,301.28920300486374,0,Normal,1.0,Normal
2026-09-28 18:20:53,385.4866283468658,0,Normal,1.0,Normal
2026-09-28 19:20:53,444.0392030227573,0,Idle Resources,1.0,Idle Resources
2026-09-28 20:20:53,344.0283988827162,0,Auto Scaling,0.99,Auto Scaling
2026-09-28 21:20:53,417.3798078429893,0,Normal,1.0,Normal
2026-09-28 22:20:53,407.5700969397756,0,Normal,1.0,Normal
2026-09-28 23:20:53,408.229062104805,0,Network Traffic,1.0,Network Traffic
2026-09-29 00:20:53,336.19039902510866,0,Normal,1.0,Normal
2026-09-29 01:20:53,348.3097490515321,0,Normal,1.0,Normal
2026-09-29 02:20:53,333.8438721550694,0,Network Traffic,1.0,Network Traffic
2026-09-29 03:20:53,328.4748189108603,0,Normal,1.0,Normal
2026-09-29 04:20:53,372.2515701266022,0,Auto Scaling,1.0,Auto Scaling
2026-09-29 05:20:53,439.6744290760598,0,Database Load,1.0,Database Load
2026-09-29 06:20:53,375.9376540668986,0,Normal,1.0,Normal
2026-09-29 07:20:53,394.7499205634609,0,Network Traffic,1.0,Network Traffic
2026-09-29 08:20:53,355.5318236434569,0,Normal,0.97,Normal
2026-09-29 09:20:53,342.2493474335319,0,Idle Resources,1.0,Idle Resources
2026-09-29 10:20:53,418.39324257315934,0,Auto Scaling,1.0,Auto Scaling
2026-09-29 11:20:53,351.7875473434565,0,Normal,1.0,Normal
2026-09-29 12:20:53,350.9601284366443,0,Normal,1.0,Normal
2026-09-29 13:20:53,471.2831588174525,0,Backup/Snapshot Growth,1.0,Backup/Snapshot Growth
2026-09-29 14:20:53,426.0019347417915,0,Idle Resources,1.0,Idle Resources
2026-09-29 15:20:53,533.0105934896889,0,Backup/Snapshot Growth,1.0,Backup/Snapshot Growth
2026-09-29 16:20:53,329.4046108862334,0,Normal,1.0,Normal
2026-09-29 17:20:53,289.93787122387755,0,Normal,1.0,Normal
2026-09-29 18:20:53,381.9105319941763,0,Normal,1.0,Normal
2026-09-29 19:20:53,308.7708545658832,0,Normal,1.0,Normal
2026-09-29 20:20:53,338.6756297006671,0,Normal,1.0,Normal
2026-09-29 21:20:53,358.97073555718293,0,Normal,1.0,Normal
2026-09-29 22:20:53,477.85617537389,0,Idle Resources,1.0,Idle Resources
2026-09-29 23:20:53,292.57252379869067,0,Normal,1.0,Normal
2026-09-30 00:20:53,338.25967083906403,0,Normal,1.0,Normal
2026-09-30 01:20:53,368.66025833329377,0,Normal,1.0,Normal
2026-09-30 02:20:53,305.55146134952486,0,Normal,1.0,Normal
2026-09-30 03:20:53,377.4311887409643,0,Auto Scaling,1.0,Auto Scaling
2026-09-30 04:20:53,325.5633807262025,0,Normal,1.0,Normal
2026-09-30 05:20:53,470.1978514517658,0,Normal,0.9,Normal
2026-09-30 06:20:53,596.1004352797295,0,Database Load,1.0,Database Load
2026-09-30 07:20:53,561.1263007435386,0,Database Load,1.0,Database Load
2026-09-30 08:20:53,414.39449307240966,0,Idle Resources,1.0,Idle Resources
2026-09-30 09:20:53,264.16162760099394,0,Normal,1.0,Normal
2026-09-30 10:20:53,375.2356992160478,0,Idle Resources,1.0,Idle Resources
2026-09-30 11:20:53,402.6447719951856,0,Database Load,1.0,Database Load
2026-09-30 12:20:53,459.4422831520481,0,Idle Resources,1.0,Idle Resources
2026-09-30 13:20:53,256.4768733122165,0,Normal,1.0,Normal
2026-09-30 14:20:53,332.36658378603613,0,Normal,0.99,Normal
2026-09-30 15:20:53,345.4835289540808,0,Normal,1.0,Normal
2026-09-30 16:20:53,293.7025965791338,0,Normal,1.0,Normal
2026-09-30 17:20:53,391.1372979253509,0,Normal,1.0,Normal
2026-09-30 18:20:53,294.34489300320365,0,Auto Scaling,1.0,Auto Scaling
2026-09-30 19:20:53,409.6514792061435,0,Normal,1.0,Normal
2026-09-30 20:20:53,425.97099834094274,0,Idle Resources,1.0,Idle Resources
2026-09-30 21:20:53,503.9143871898304,0,Auto Scaling,1.0,Auto Scaling
2026-09-30 22:20:53,469.5367168961056,0,Normal,0.92,Normal
2026-09-30 23:20:53,365.7173164156795,0,Normal,1.0,Normal
2026-10-01 00:20:53,617.2074855683345,0,Database Load,1.0,Database Load
2026-10-01 01:20:53,377.3265246356244,0,Normal,1.0,Normal
2026-10-01 02:20:53,345.2731960252417,0,Network Traffic,1.0,Network Traffic
2026-10-01 03:20:53,314.92864688652384,0,Network Traffic,1.0,Network Traffic
2026-10-01 04:20:53,307.8755007881444,0,Normal,1.0,Normal
2026-10-01 05:20:53,375.39445522454633,0,Network Traffic,1.0,Network Traffic
2026-10-01 06:20:53,351.03050745231445,0,Normal,1.0,Normal
2026-10-01 07:20:53,341.005983641306,0,Normal,0.98,Normal
2026-10-01 08:20:53,380.58237302644574,0,Storage Growth,0.93,Storage Growth
2026-10-01 09:20:53,275.9148420702612,0,Normal,1.0,Normal
2026-10-01 10:20:53,271.65570836002195,0,Auto Scaling,1.0,Auto Scaling
2026-10-01 11:20:53,345.4458535427411,0,Normal,1.0,Normal
2026-10-01 12:20:53,446.18348004705456,0,Idle Resources,1.0,Idle Resources
2026-10-01 13:20:53,459.2352882228193,0,Normal,0.99,Normal
2026-10-01 14:20:53,406.0814908111623,0,Auto Scaling,1.0,Auto Scaling
2026-10-01 15:20:53,367.6529128011905,0,Normal,1.0,Normal
2026-10-01 16:20:53,395.89082438397713,0,Normal,1.0,Normal
2026-10-01 17:20:53,388.13851734586655,0,Normal,1.0,Normal
2026-10-01 18:20:53,339.474622904124,0,Normal,1.0,Normal
2026-10-01 19:20:53,381.3402620090207,0,Normal,1.0,Normal
2026-10-01 20:20:53,348.5834184691961,0,Normal,1.0,Normal
2026-10-01 21:20:53,356.2175168912416,0,Storage Growth,1.0,Storage Growth
2026-10-01 22:20:53,413.3227493407276,0,Storage Growth,1.0,Storage Growth
2026-10-01 23:20:53,382.0229361985787,0,Network Traffic,1.0,Network Traffic
2026-10-02 00:20:53,485.58419148216194,0,Database Load,1.0,Database Load
2026-10-02 01:20:53,537.6417580972203,0,Database Load,1.0,Database Load
2026-10-02 02:20:53,248.28203299662,0,Normal,1.0,Normal
2026-10-02 03:20:53,348.62739406299295,0,Idle Resources,0.99,Idle Resources
2026-10-02 04:20:53,276.6401147522255,0,Normal,1.0,Normal
2026-10-02 05:20:53,409.1828114637309,0,Normal,1.0,Normal
2026-10-02 06:20:53,331.05052110897805,0,Normal,1.0,Normal
2026-10-02 07:20:53,249.11324081786063,0,Normal,1.0,Normal
2026-10-02 08:20:53,391.26119905681566,0,Auto Scaling,1.0,Auto Scaling
2026-10-02 09:20:53,367.4114490296726,0,Normal,1.0,Normal
2026-10-02 10:20:53,382.66713141845327,0,Normal,1.0,Normal
2026-10-02 11:20:53,418.51038077381344,0,Normal,0.98,Normal
2026-10-02 12:20:53,605.5668570932203,0,Database Load,1.0,Database Load
2026-10-02 13:20:53,344.3091537314608,0,Auto Scaling,1.0,Auto Scaling
2026-10-02 14:20:53,390.63491061769713,0,Normal,1.0,Normal
2026-10-02 15:20:53,306.0204065961211,0,Normal,1.0,Normal
2026-10-02 16:20:53,304.384078204355,0,Network Traffic,1.0,Network Traffic
2026-10-02 17:20:53,461.39806209896255,0,Idle Resources,1.0,Idle Resources
2026-10-02 18:20:53,372.39900304316586,0,Normal,1.0,Normal
2026-10-02 19:20:53,531.6549064960582,0,Database Load,1.0,Database Load
2026-10-02 20:20:53,428.500670912376,0,Normal,0.99,Normal
2026-10-02 21:20:53,377.5516163987404,0,Network Traffic,1.0,Network Traffic
2026-10-02 22:20:53,375.038378985701,0,Normal,1.0,Normal
2026-10-02 23:20:53,321.8277369147326,0,Normal,1.0,Normal
2026-10-03 00:20:53,643.7321341069803,1,Database Load,1.0,Database Load
2026-10-03 01:20:53,337.9132235885279,0,Normal,1.0,Normal
2026-10-03 02:20:53,365.9068562182672,0,Normal,1.0,Normal
2026-10-03 03:20:53,416.69940112020697,0,Auto Scaling,0.99,Auto Scaling
2026-10-03 04:20:53,345.7730868092445,0,Normal,1.0,Normal
2026-10-03 05:20:53,300.9848486730753,0,Normal,1.0,Normal
2026-10-03 06:20:53,329.7417474490231,0,Storage Growth,1.0,Storage Growth
2026-10-03 07:20:53,332.4539497223595,0,Network Traffic,1.0,Network Traffic
2026-10-03 08:20:53,367.6756864682646,0,Normal,0.99,Normal
2026-10-03 09:20:53,486.8907447380756,0,Idle Resources,1.0,Idle Resources
2026-10-03 10:20:53,295.7294710531247,0,Normal,1.0,Normal
2026-10-03 11:20:53,287.0904332207871,0,Normal,1.0,Normal
2026-10-03 12:20:53,426.4321733245581,0,Idle Resources,1.0,Idle Resources
2026-10-03 13:20:53,486.4795049529986,0,Database Load,1.0,Database Load
2026-10-03 14:20:53,356.1080208727093,0,Normal,1.0,Normal
2026-10-03 15:20:53,390.390201546284,0,Normal,1.0,Normal
2026-10-03 16:20:53,365.17952432646985,0,Storage Growth,0.99,Storage Growth
2026-10-03 17:20:53,523.3969907125669,0,Backup/Snapshot Growth,1.0,Backup/Snapshot Growth
2026-10-03 18:20:53,403.7658262228636,0,Normal,1.0,Normal
2026-10-03 19:20:53,405.5463158454128,0,Auto Scaling,0.99,Auto Scaling
2026-10-03 20:20:53,333.8200123065264,0,Auto Scaling,1.0,Auto Scaling
2026-10-03 21:20:53,433.4562959905706,0,Idle Resources,1.0,Idle Resources
2026-10-03 22:20:53,336.5510620234693,0,Normal,0.97,Normal
2026-10-03 23:20:53,321.0704431348015,0,Normal,1.0,Normal
2026-10-04 00:20:53,315.0976892229348,0,Normal,1.0,Normal
2026-10-04 01:20:53,290.891747193512,0,Normal,1.0,Normal
2026-10-04 02:20:53,431.7824676418359,0,Auto Scaling,1.0,Auto Scaling
2026-10-04 03:20:53,362.3894441111576,0,Normal,1.0,Normal
2026-10-04 04:20:53,380.0333416644403,0,Network Traffic,1.0,Network Traffic
2026-10-04 05:20:53,413.1329488020049,0,Idle Resources,1.0,Idle Resources
2026-10-04 06:20:53,388.70006157047794,0,Normal,1.0,Normal
2026-10-04 07:20:53,365.5500369695834,0,Storage Growth,1.0,Storage Growth
2026-10-04 08:20:53,452.6530829232026,0,Idle Resources,1.0,Idle Resources
2026-10-04 09:20:53,432.1594607078394,0,Storage Growth,1.0,Storage Growth
2026-10-04 10:20:53,376.21705060090585,0,Normal,0.99,Normal
2026-10-04 11:20:53,339.4421466821397,0,Network Traffic,1.0,Network Traffic
2026-10-04 12:20:53,636.513158976859,1,Backup/Snapshot Growth,1.0,Backup/Snapshot Growth
2026-10-04 13:20:53,496.3799151771274,0,Backup/Snapshot Growth,0.98,Backup/Snapshot Growth
2026-10-04 14:20:53,464.1384982209589,0,Auto Scaling,1.0,Auto Scaling
2026-10-04 15:20:53,551.1045975773551,0,Database Load,1.0,Database Load
2026-10-04 16:20:53,358.52133211038057,0,Auto Scaling,1.0,Auto Scaling
2026-10-04 17:20:53,269.5118456158842,0,Normal,1.0,Normal
2026-10-04 18:20:53,387.1116076688914,0,Storage Growth,0.99,Storage Growth
2026-10-04 19:20:53,319.543627062134,0,Normal,0.99,Normal
2026-10-04 20:20:53,494.6557768255535,0,Idle Resources,1.0,Idle Resources
2026-10-04 21:20:53,380.1464299841187,0,Normal,1.0,Normal
2026-10-04 22:20:53,334.30406918469964,0,Storage Growth,1.0,Storage Growth
2026-10-04 23:20:53,371.8980407345172,0,Normal,1.0,Normal
2026-10-05 00:20:53,543.3870508403842,0,Backup/Snapshot Growth,1.0,Backup/Snapshot Growth
2026-10-05 01:20:53,396.91245218969175,0,Network Traffic,1.0,Network Traffic
2026-10-05 02:20:53,346.0408437443167,0,Normal,0.98,Normal
2026-10-05 03:20:53,368.9048487250424,0,Normal,1.0,Normal
2026-10-05 04:20:53,381.9463031483604,0,Normal,1.0,Normal
2026-10-05 05:20:53,589.6871352407665,1,Database Load,1.0,Database Load
2026-10-05 06:20:53,256.674547284988,0,Normal,0.99,Normal
2026-10-05 07:20:53,357.47248583697814,0,Idle Resources,1.0,Idle Resources
2026-10-05 08:20:53,307.20318765521586,0,Normal,1.0,Normal
2026-10-05 09:20:53,527.7967974214281,0,Backup/Snapshot Growth,1.0,Backup/Snapshot Growth
2026-10-05 10:20:53,382.732113448224,0,Idle Resources,1.0,Idle Resources
2026-10-05 11:20:53,349.86761707806704,0,Network Traffic,1.0,Network Traffic
2026-10-05 12:20:53,263.68121659120635,0,Normal,1.0,Normal
2026-10-05 13:20:53,340.48446483705914,0,Auto Scaling,1.0,Auto Scaling
2026-10-05 14:20:53,576.2772147808478,1,Database Load,1.0,Database Load
2026-10-05 15:20:53,443.898094941606,0,Idle Resources,1.0,Idle Resources
2026-10-05 16:20:53,306.5930662292883,0,Normal,1.0,Normal
2026-10-05 17:20:53,318.69379056506625,0,Normal,1.0,Normal
2026-10-05 18:20:53,335.42657449513587,0,Normal,1.0,Normal
2026-10-05 19:20:53,380.0583853172994,0,Normal,1.0,Normal
2026-10-05 20:20:53,368.788171606953,0,Normal,1.0,Normal
2026-10-05 21:20:53,261.72868875907875,0,Normal,1.0,Normal
2026-10-05 22:20:53,619.2436529875191,1,Database Load,1.0,Database Load
2026-10-05 23:20:53,302.665534080519,0,Auto Scaling,1.0,Auto Scaling
2026-10-06 00:20:53,542.8064518950332,0,Database Load,1.0,Database Load
2026-10-06 01:20:53,347.12696407898545,0,Normal,1.0,Normal
2026-10-06 02:20:53,380.7931207992452,0,Normal,1.0,Normal
2026-10-06 03:20:53,609.480337085192,0,Database Load,0.99,Database Load
2026-10-06 04:20:53,426.9833814806967,0,Database Load,1.0,Database Load
2026-10-06 05:20:53,327.4726066625785,0,Normal,1.0,Normal
2026-10-06 06:20:53,405.0021293434706,0,Idle Resources,1.0,Idle Resources
2026-10-06 07:20:53,404.35199477282487,0,Auto Scaling,1.0,Auto Scaling
2026-10-06 08:20:53,428.469113117579,0,Normal,1.0,Normal
2026-10-06 09:20:53,337.4715467006907,0,Normal,1.0,Normal
2026-10-06 10:20:53,341.600045409504,0,Normal,1.0,Normal
2026-10-06 11:20:53,402.49243466927874,0,Normal,1.0,Normal
2026-10-06 12:20:53,365.5764858927594,0,Normal,1.0,Normal
2026-10-06 13:20:53,308.4184009815941,0,Normal,1.0,Normal
2026-10-06 14:20:53,306.4763630601641,0,Normal,0.99,Normal
2026-10-06 15:20:53,436.22049717856106,0,Database Load,0.99,Database Load
2026-10-06 16:20:53,319.71662366107614,0,Normal,1.0,Normal
2026-10-06 17:20:53,378.0511666832178,0,Auto Scaling,1.0,Auto Scaling
2026-10-06 18:20:53,250.97400119227865,0,Normal,1.0,Normal
2026-10-06 19:20:53,369.08168823348126,0,Normal,1.0,Normal
2026-10-06 20:20:53,510.2661694798537,0,Database Load,0.99,Database Load
2026-10-06 21:20:53,358.9194631607412,0,Normal,1.0,Normal
2026-10-06 22:20:53,382.1935729023859,0,Normal,0.99,Normal
2026-10-06 23:20:53,411.4181477123742,0,Idle Resources,1.0,Idle Resources
2026-10-07 00:20:53,467.98876582587786,0,Database Load,1.0,Database Load
2026-10-07 01:20:53,327.6918440355274,0,Normal,1.0,Normal
2026-10-07 02:20:53,203.6496480881126,0,Normal,1.0,Normal
2026-10-07 03:20:53,297.3624683239457,0,Normal,1.0,Normal
2026-10-07 04:20:53,431.8244764694623,0,Idle Resources,1.0,Idle Resources
2026-10-07 05:20:53,421.06661959827454,0,Auto Scaling,1.0,Auto Scaling
2026-10-07 06:20:53,350.2489147012773,0,Normal,1.0,Normal
2026-10-07 07:20:53,449.5852049137701,0,Network Traffic,0.99,Network Traffic
2026-10-07 08:20:53,320.11291734802967,1,Auto Scaling,1.0,Auto Scaling
2026-10-07 09:20:53,338.6782580513111,0,Normal,1.0,Normal
2026-10-07 10:20:53,301.48554254744033,0,Normal,1.0,Normal
2026-10-07 11:20:53,375.9778310896896,0,Normal,1.0,Normal
2026-10-07 12:20:53,319.3661553239148,0,Auto Scaling,1.0,Auto Scaling
2026-10-07 13:20:53,660.2878171830362,0,Database Load,1.0,Database Load
2026-10-07 14:20:53,534.6378419408551,0,Backup/Snapshot Growth,0.94,Backup/Snapshot Growth
2026-10-07 15:20:53,593.3803029717284,1,Backup/Snapshot Growth,0.99,Backup/Snapshot Growth
2026-10-07 16:20:53,468.64387167722623,0,Normal,0.96,Normal
2026-10-07 17:20:53,395.9069329655482,0,Normal,1.0,Normal
2026-10-07 18:20:53,256.36075107755465,0,Normal,1.0,Normal
2026-10-07 19:20:53,324.626222756633,0,Normal,1.0,Normal
2026-10-07 20:20:53,259.670778949726,0,Storage Growth,0.97,Storage Growth
2026-10-07 21:20:53,414.9557773408964,0,Auto Scaling,1.0,Auto Scaling
2026-10-07 22:20:53,372.5750597105523,0,Auto Scaling,1.0,Auto Scaling
2026-10-07 23:20:53,319.191759796122,0,Normal,1.0,Normal
2026-10-08 00:20:53,406.5212215524568,0,Normal,0.99,Normal
2026-10-08 01:20:53,584.2912800841016,1,Backup/Snapshot Growth,0.98,Backup/Snapshot Growth
2026-10-08 02:20:53,378.9969519066853,0,Auto Scaling,1.0,Auto Scaling
2026-10-08 03:20:53,347.15202142834227,0,Idle Resources,1.0,Idle Resources
2026-10-08 04:20:53,350.9930627266091,0,Idle Resources,0.98,Idle Resources
2026-10-08 05:20:53,510.8399489672231,0,Database Load,1.0,Database Load
2026-10-08 06:20:53,405.447986425426,0,Auto Scaling,1.0,Auto Scaling
2026-10-08 07:20:53,417.770646601217,0,Database Load,0.99,Database Load
2026-10-08 08:20:53,410.7666308866667,0,Storage Growth,1.0,Storage Growth
2026-10-08 09:20:53,314.35425211412866,0,Normal,1.0,Normal
2026-10-08 10:20:53,414.5976424712689,0,Idle Resources,1.0,Idle Resources
2026-10-08 11:20:53,414.0644689992356,0,Database Load,0.96,Database Load
2026-10-08 12:20:53,372.1156704840088,0,Normal,1.0,Normal
2026-10-08 13:20:53,311.5399090619055,0,Normal,1.0,Normal
2026-10-08 14:20:53,265.0873590688165,0,Normal,1.0,Normal
2026-10-08 15:20:53,384.7339329772128,0,Normal,1.0,Normal
2026-10-08 16:20:53,387.3696454521018,0,Storage Growth,1.0,Storage Growth
2026-10-08 17:20:53,327.7430241381303,0,Auto Scaling,1.0,Auto Scaling
2026-10-08 18:20:53,391.7785113314256,0,Auto Scaling,1.0,Auto Scaling
2026-10-08 19:20:53,359.8373067048756,0,Database Load,0.82,Database Load
2026-10-08 20:20:53,386.8259168491684,0,Normal,1.0,Normal
2026-10-08 21:20:53,540.2087102402686,0,Database Load,1.0,Database Load
2026-10-08 22:20:53,332.27329457701,0,Normal,1.0,Normal
2026-10-08 23:20:53,263.49905636327514,0,Normal,1.0,Normal
2026-10-09 00:20:53,404.3469430602323,0,Auto Scaling,1.0,Auto Scaling
2026-10-09 01:20:53,360.72244427118414,0,Normal,0.99,Normal
2026-10-09 02:20:53,362.1637897936022,0,Storage Growth,0.98,Storage Growth
2026-10-09 03:20:53,430.164510614,0,Normal,1.0,Normal
2026-10-09 04:20:53,447.1152602291333,0,Network Traffic,1.0,Network Traffic
2026-10-09 05:20:53,340.4830323479814,0,Normal,1.0,Normal
2026-10-09 06:20:53,370.8011398057067,0,Storage Growth,0.99,Storage Growth
2026-10-09 07:20:53,415.9072162956414,0,Idle Resources,1.0,Idle Resources
2026-10-09 08:20:53,342.88030889151327,0,Storage Growth,1.0,Storage Growth
2026-10-09 09:20:53,442.7531741981924,0,Database Load,0.99,Database Load
2026-10-09 10:20:53,315.51181489929024,0,Normal,1.0,Normal
2026-10-09 11:20:53,384.6152225041307,0,Network Traffic,1.0,Network Traffic
2026-10-09 12:20:53,416.62374913580913,0,Auto Scaling,1.0,Auto Scaling
2026-10-09 13:20:53,550.9877467125693,0,Database Load,1.0,Database Load
2026-10-09 14:20:53,415.6452416654719,0,Normal,1.0,Normal
2026-10-09 15:20:53,502.3112568977292,0,Backup/Snapshot Growth,0.93,Backup/Snapshot Growth
2026-10-09 16:20:53,369.9931844101204,0,Network Traffic,1.0,Network Traffic
2026-10-09 17:20:53,317.59427798857524,0,Normal,1.0,Normal
2026-10-09 18:20:53,257.9398609495786,0,Normal,1.0,Normal
2026-10-09 19:20:53,595.760570030855,0,Database Load,1.0,Database Load
2026-10-09 20:20:53,328.75005696511187,0,Normal,1.0,Normal
2026-10-09 21:20:53,443.1599751966421,0,Idle Resources,1.0,Idle Resources
2026-10-09 22:20:53,255.31520295987963,0,Normal,1.0,Normal
2026-10-09 23:20:53,292.8710551971506,0,Normal,1.0,Normal
2026-10-10 00:20:53,375.4937262504149,0,Idle Resources,1.0,Idle Resources
2026-10-10 01:20:53,391.02980445534337,0,Storage Growth,1.0,Storage Growth
2026-10-10 02:20:53,344.1436606813801,0,Network Traffic,1.0,Network Traffic
2026-10-10 03:20:53,357.3618915840101,0,Normal,0.99,Normal
2026-10-10 04:20:53,648.2528009803852,1,Backup/Snapshot Growth,0.99,Backup/Snapshot Growth
2026-10-10 05:20:53,276.98510327608284,0,Normal,1.0,Normal
2026-10-10 06:20:53,477.4409402548845,0,Backup/Snapshot Growth,0.99,Backup/Snapshot Growth
2026-10-10 07:20:53,444.1404494338627,0,Normal,1.0,Normal
2026-10-10 08:20:53,475.8836498668055,1,Idle Resources,1.0,Idle Resources
2026-10-10 09:20:53,376.5330065272204,0,Normal,1.0,Normal
2026-10-10 10:20:53,380.6713532414415,0,Network Traffic,1.0,Network Traffic
2026-10-10 11:20:53,366.5114079711991,0,Network Traffic,1.0,Network Traffic
2026-10-10 12:20:53,372.2990325911233,0,Network Traffic,1.0,Network Traffic
2026-10-10 13:20:53,474.4290611444096,0,Auto Scaling,1.0,Auto Scaling
2026-10-10 14:20:53,403.59642090090256,0,Normal,1.0,Normal
2026-10-10 15:20:53,321.86927149637603,0,Normal,1.0,Normal
2026-10-10 16:20:53,290.9478174963359,0,Normal,1.0,Normal
2026-10-10 17:20:53,495.65446392827937,0,Database Load,1.0,Database Load
2026-10-10 18:20:53,340.6574257634515,0,Auto Scaling,1.0,Auto Scaling
2026-10-10 19:20:53,268.8328933911052,0,Network Traffic,0.98,Network Traffic
2026-10-10 20:20:53,368.7026969274732,0,Normal,1.0,Normal
2026-10-10 21:20:53,313.5312560907858,0,Normal,1.0,Normal
2026-10-10 22:20:53,434.3329351651679,0,Auto Scaling,1.0,Auto Scaling
2026-10-10 23:20:53,354.1453782852773,0,Normal,1.0,Normal
2026-10-11 00:20:53,327.40450864326164,0,Normal,1.0,Normal
2026-10-11 01:20:53,290.78759190011385,0,Normal,1.0,Normal
2026-10-11 02:20:53,323.066932885736,0,Normal,1.0,Normal
2026-10-11 03:20:53,292.2419035567648,0,Normal,1.0,Normal
2026-10-11 04:20:53,415.5744683763094,0,Normal,0.93,Normal
2026-10-11 05:20:53,603.1242717479419,0,Database Load,1.0,Database Load
2026-10-11 06:20:53,318.1095340968289,0,Normal,1.0,Normal
2026-10-11 07:20:53,430.263236605604,0,Storage Growth,1.0,Storage Growth
2026-10-11 08:20:53,387.36849502217234,0,Database Load,0.99,Database Load
2026-10-11 09:20:53,530.6772767690637,0,Database Load,1.0,Database Load
2026-10-11 10:20:53,413.2743496208635,0,Normal,0.96,Normal
2026-10-11 11:20:53,389.3436475450821,0,Network Traffic,1.0,Network Traffic
2026-10-11 12:20:53,407.9376647620188,0,Auto Scaling,1.0,Auto Scaling
2026-10-11 13:20:53,338.09876984815503,0,Normal,1.0,Normal
2026-10-11 14:20:53,347.6110489304164,0,Auto Scaling,1.0,Auto Scaling
2026-10-11 15:20:53,290.09440545492447,0,Network Traffic,1.0,Network Traffic
2026-10-11 16:20:53,453.22626837559545,0,Auto Scaling,1.0,Auto Scaling
2026-10-11 17:20:53,298.01249173710823,0,Normal,1.0,Normal
2026-10-11 18:20:53,310.659118768778,0,Normal,1.0,Normal
2026-10-11 19:20:53,383.3162020269091,0,Normal,1.0,Normal
2026-10-11 20:20:53,382.5863930400536,0,Normal,1.0,Normal
2026-10-11 21:20:53,446.372569968138,0,Idle Resources,1.0,Idle Resources
2026-10-11 22:20:53,380.015465706702,0,Idle Resources,1.0,Idle Resources
2026-10-11 23:20:53,602.2193823747231,0,Database Load,1.0,Database Load
2026-10-12 00:20:53,384.4625465561151,0,Network Traffic,1.0,Network Traffic
2026-10-12 01:20:53,395.9021560536671,0,Normal,1.0,Normal
2026-10-12 02:20:53,377.56387839716905,0,Normal,1.0,Normal
2026-10-12 03:20:53,366.581288164126,0,Database Load,0.97,Database Load
2026-10-12 04:20:53,307.6600017874805,0,Normal,1.0,Normal
2026-10-12 05:20:53,309.02633674229946,0,Normal,1.0,Normal
2026-10-12 06:20:53,294.00091765687085,0,Normal,1.0,Normal
2026-10-12 07:20:53,405.1974738551858,0,Database Load,0.98,Database Load
2026-10-12 08:20:53,331.3742457935863,0,Network Traffic,1.0,Network Traffic
2026-10-12 09:20:53,291.96889984083225,0,Auto Scaling,1.0,Auto Scaling
2026-10-12 10:20:53,595.7594167978009,0,Database Load,1.0,Database Load
2026-10-12 11:20:53,336.94937921559404,0,Normal,0.96,Normal
2026-10-12 12:20:53,358.88410461045135,0,Auto Scaling,1.0,Auto Scaling
2026-10-12 13:20:53,502.0405754178188,0,Auto Scaling,0.99,Auto Scaling
2026-10-12 14:20:53,344.9294639152939,0,Normal,1.0,Normal
2026-10-12 15:20:53,380.6720495998544,0,Database Load,1.0,Database Load
2026-10-12 16:20:53,343.7911061815014,0,Normal,1.0,Normal
2026-10-12 17:20:53,597.8035816542828,1,Backup/Snapshot Growth,1.0,Backup/Snapshot Growth
2026-10-12 18:20:53,348.9030040512201,0,Idle Resources,1.0,Idle Resources
2026-10-12 19:20:53,583.1315770718622,1,Database Load,1.0,Database Load
2026-10-12 20:20:53,390.57693367950674,0,Normal,1.0,Normal
2026-10-12 21:20:53,260.9412484154485,0,Normal,1.0,Normal
2026-10-12 22:20:53,351.0817135726025,0,Storage Growth,1.0,Storage Growth
2026-10-12 23:20:53,368.6056696564941,0,Normal,1.0,Normal
2026-10-13 00:20:53,310.8304789758617,0,Normal,1.0,Normal
2026-10-13 01:20:53,499.3180831015527,0,Database Load,1.0,Database Load
2026-10-13 02:20:53,355.32087785455747,0,Database Load,0.9,Database Load
2026-10-13 03:20:53,369.3776510351278,0,Normal,0.99,Normal
2026-10-13 04:20:53,377.07568126984233,0,Normal,1.0,Normal
2026-10-13 05:20:53,554.3825368095402,0,Backup/Snapshot Growth,1.0,Backup/Snapshot Growth
2026-10-13 06:20:53,516.9113627795163,0,Database Load,1.0,Database Load
2026-10-13 07:20:53,326.41623969474585,0,Normal,1.0,Normal
2026-10-13 08:20:53,433.0990121525153,0,Auto Scaling,1.0,Auto Scaling
2026-10-13 09:20:53,348.3769458665552,0,Normal,1.0,Normal
2026-10-13 10:20:53,403.005559844281,0,Auto Scaling,1.0,Auto Scaling
2026-10-13 11:20:53,322.3885281538384,0,Storage Growth,1.0,Storage Growth
2026-10-13 12:20:53,433.6977586702435,0,Database Load,0.99,Database Load
2026-10-13 13:20:53,303.42959677041983,0,Normal,1.0,Normal
2026-10-13 14:20:53,387.0151286897059,0,Normal,1.0,Normal
2026-10-13 15:20:53,320.4773223539191,0,Normal,1.0,Normal
2026-10-13 16:20:53,480.1232475513689,0,Auto Scaling,1.0,Auto Scaling
2026-10-13 17:20:53,275.18238106473103,0,Normal,1.0,Normal
2026-10-13 18:20:53,456.04981032042855,0,Auto Scaling,1.0,Auto Scaling
2026-10-13 19:20:53,350.29729919373443,0,Normal,1.0,Normal
2026-10-13 20:20:53,449.05230413421725,0,Idle Resources,1.0,Idle Resources
2026-10-13 21:20:53,286.8033211570714,0,Normal,1.0,Normal
2026-10-13 22:20:53,351.3989486269275,0,Normal,1.0,Normal
2026-10-13 23:20:53,357.0183250058209,0,Idle Resources,1.0,Idle Resources
2026-10-14 00:20:53,378.9830234986725,0,Normal,1.0,Normal
2026-10-14 01:20:53,278.3917565659518,0,Network Traffic,0.99,Network Traffic
2026-10-14 02:20:53,238.03007552285803,0,Normal,0.99,Normal
2026-10-14 03:20:53,356.3599656295718,0,Normal,1.0,Normal
2026-10-14 04:20:53,337.60079055683246,0,Normal,1.0,Normal
2026-10-14 05:20:53,410.0727209059437,0,Normal,1.0,Normal
2026-10-14 06:20:53,305.2699363902776,0,Normal,0.99,Normal
2026-10-14 07:20:53,360.1768782563547,0,Normal,1.0,Normal
2026-10-14 08:20:53,400.9516479358533,0,Auto Scaling,1.0,Auto Scaling
2026-10-14 09:20:53,337.29084022727847,0,Normal,1.0,Normal
2026-10-14 10:20:53,308.5123021217492,0,Normal,1.0,Normal
2026-10-14 11:20:53,509.929285589132,0,Auto Scaling,1.0,Auto Scaling
2026-10-14 12:20:53,185.8485432731644,0,Normal,1.0,Normal
2026-10-14 13:20:53,476.27894776514046,0,Idle Resources,0.99,Idle Resources
2026-10-14 14:20:53,371.246184177827,0,Normal,1.0,Normal
2026-10-14 15:20:53,323.3177589202198,0,Normal,1.0,Normal
2026-10-14 16:20:53,325.1946115982446,0,Normal,1.0,Normal
2026-10-14 17:20:53,317.63369092134934,0,Normal,1.0,Normal
2026-10-14 18:20:53,378.162849413238,0,Idle Resources,1.0,Idle Resources
2026-10-14 19:20:53,378.4130408398128,0,Network Traffic,1.0,Network Traffic
2026-10-14 20:20:53,392.2258988817937,0,Auto Scaling,1.0,Auto Scaling
2026-10-14 21:20:53,385.3516485830894,0,Normal,1.0,Normal
2026-10-14 22:20:53,361.2810054979,0,Normal,1.0,Normal
2026-10-14 23:20:53,292.3382717189528,0,Normal,1.0,Normal
2026-10-15 00:20:53,505.9090690910487,0,Backup/Snapshot Growth,1.0,Backup/Snapshot Growth
2026-10-15 01:20:53,284.65903288835136,0,Storage Growth,1.0,Storage Growth
2026-10-15 02:20:53,292.7748254989057,0,Normal,1.0,Normal
2026-10-15 03:20:53,656.3152412958913,1,Database Load,1.0,Database Load
2026-10-15 04:20:53,447.9004095452489,0,Idle Resources,1.0,Idle Resources
2026-10-15 05:20:53,311.9345926249032,0,Normal,1.0,Normal
2026-10-15 06:20:53,356.76155098722694,0,Storage Growth,0.99,Storage Growth
2026-10-15 07:20:53,431.3408029989248,0,Auto Scaling,1.0,Auto Scaling
2026-10-15 08:20:53,311.558890638854,0,Auto Scaling,1.0,Auto Scaling
2026-10-15 09:20:53,366.76466582745167,0,Network Traffic,1.0,Network Traffic
2026-10-15 10:20:53,480.0675247281293,0,Database Load,1.0,Database Load
2026-10-15 11:20:53,272.6677691302095,0,Normal,1.0,Normal
2026-10-15 12:20:53,399.7569025410709,0,Network Traffic,1.0,Network Traffic
2026-10-15 13:20:53,339.84740705996126,0,Normal,0.96,Normal
2026-10-15 14:20:53,337.9447116873535,0,Idle Resources,1.0,Idle Resources
2026-10-15 15:20:53,607.6288180017607,1,Backup/Snapshot Growth,1.0,Backup/Snapshot Growth
2026-10-15 16:20:53,389.420890536868,0,Normal,1.0,Normal
2026-10-15 17:20:53,482.50408994335487,0,Auto Scaling,0.99,Auto Scaling
2026-10-15 18:20:53,347.48571464111194,0,Normal,1.0,Normal
2026-10-15 19:20:53,316.53470895868924,0,Normal,1.0,Normal
2026-10-15 20:20:53,421.3101963080463,0,Database Load,0.63,Database Load
2026-10-15 21:20:53,408.9745906356738,0,Auto Scaling,1.0,Auto Scaling
2026-10-15 22:20:53,388.5294824328795,0,Auto Scaling,1.0,Auto Scaling
2026-10-15 23:20:53,330.19624804505605,0,Normal,1.0,Normal
2026-10-16 00:20:53,456.159500915526,0,Database Load,0.98,Database Load
2026-10-16 01:20:53,415.5282897958805,1,Auto Scaling,1.0,Auto Scaling
2026-10-16 02:20:53,340.5467478809019,0,Auto Scaling,1.0,Auto Scaling
2026-10-16 03:20:53,305.8490788536123,0,Normal,1.0,Normal
2026-10-16 04:20:53,333.9667812639677,0,Network Traffic,1.0,Network Traffic
2026-10-16 05:20:53,461.9821915623981,0,Database Load,1.0,Database Load
2026-10-16 06:20:53,369.6798648483045,0,Idle Resources,1.0,Idle Resources
2026-10-16 07:20:53,418.70998238287086,0,Normal,1.0,Normal
2026-10-16 08:20:53,374.8107991333128,0,Normal,1.0,Normal
2026-10-16 09:20:53,372.0036137958074,0,Normal,1.0,Normal
2026-10-16 10:20:53,275.9098032116532,0,Normal,1.0,Normal
2026-10-16 11:20:53,375.9720030046369,0,Storage Growth,0.99,Storage Growth
2026-10-16 12:20:53,277.02499030772776,0,Normal,1.0,Normal
2026-10-16 13:20:53,333.614327700314,0,Auto Scaling,1.0,Auto Scaling
2026-10-16 14:20:53,362.9234422113713,0,Normal,1.0,Normal
2026-10-16 15:20:53,355.56488074912943,0,Normal,1.0,Normal
2026-10-16 16:20:53,379.8279352194078,0,Normal,1.0,Normal
2026-10-16 17:20:53,527.4794951483395,1,Idle Resources,1.0,Idle Resources
2026-10-16 18:20:53,507.394867778107,0,Backup/Snapshot Growth,1.0,Backup/Snapshot Growth
2026-10-16 19:20:53,353.13696029059446,0,Auto Scaling,0.75,Auto Scaling
2026-10-16 20:20:53,441.374027773013,0,Auto Scaling,0.99,Auto Scaling
2026-10-16 21:20:53,650.0869354962252,1,Database Load,1.0,Database Load
2026-10-16 22:20:53,369.8727559018308,0,Network Traffic,1.0,Network Traffic
2026-10-16 23:20:53,410.1685818299295,0,Normal,1.0,Normal
2026-10-17 00:20:53,314.71065212749266,0,Normal,1.0,Normal
2026-10-17 01:20:53,465.2158397926148,0,Database Load,1.0,Database Load
2026-10-17 02:20:53,348.0841452599624,0,Normal,1.0,Normal
2026-10-17 03:20:53,642.1097929614543,1,Database Load,1.0,Database Load
2026-10-17 04:20:53,309.9808579488712,0,Normal,1.0,Normal
2026-10-17 05:20:53,395.71261161217296,0,Normal,1.0,Normal
2026-10-17 06:20:53,324.3906495499867,0,Normal,1.0,Normal
2026-10-17 07:20:53,370.3390709499271,0,Normal,1.0,Normal
2026-10-17 08:20:53,342.3981861957874,0,Normal,1.0,Normal
2026-10-17 09:20:53,359.96067744197103,0,Normal,1.0,Normal
2026-10-17 10:20:53,409.7297366790924,0,Normal,1.0,Normal
2026-10-17 11:20:53,327.5416777186781,0,Storage Growth,1.0,Storage Growth
2026-10-17 12:20:53,420.9265134897537,0,Auto Scaling,1.0,Auto Scaling
2026-10-17 13:20:53,332.5477463461308,0,Storage Growth,1.0,Storage Growth
2026-10-17 14:20:53,289.14906759324373,0,Normal,1.0,Normal
2026-10-17 15:20:53,399.5065207660816,0,Storage Growth,0.88,Storage Growth
2026-10-17 16:20:53,371.847773557468,0,Auto Scaling,1.0,Auto Scaling
2026-10-17 17:20:53,445.8322649320328,0,Idle Resources,1.0,Idle Resources
2026-10-17 18:20:53,349.72801519716404,0,Normal,1.0,Normal
2026-10-17 19:20:53,307.8840538078722,0,Normal,1.0,Normal
2026-10-17 20:20:53,595.1720678480733,1,Backup/Snapshot Growth,1.0,Backup/Snapshot Growth
2026-10-17 21:20:53,240.36318173839905,0,Network Traffic,1.0,Network Traffic
2026-10-17 22:20:53,353.4072594950773,0,Idle Resources,1.0,Idle Resources
2026-10-17 23:20:53,517.8902818558746,0,Database Load,1.0,Database Load
2026-10-18 00:20:53,293.9142216261154,0,Normal,1.0,Normal
2026-10-18 01:20:53,330.50524453095943,0,Network Traffic,1.0,Network Traffic
2026-10-18 02:20:53,394.6614508161492,0,Normal,0.99,Normal
2026-10-18 03:20:53,344.0163070096918,0,Normal,1.0,Normal
2026-10-18 04:20:53,370.5440823745744,0,Normal,1.0,Normal
2026-10-18 05:20:53,428.26147649114193,0,Normal,1.0,Normal
2026-10-18 06:20:53,431.5039713169677,0,Network Traffic,1.0,Network Traffic
2026-10-18 07:20:53,418.11955019086855,0,Storage Growth,1.0,Storage Growth
2026-10-18 08:20:53,426.590676728266,0,Network Traffic,1.0,Network Traffic
2026-10-18 09:20:53,322.6570600283243,0,Normal,1.0,Normal
2026-10-18 10:20:53,349.45272484842565,0,Normal,1.0,Normal
2026-10-18 11:20:53,489.5524762857439,0,Auto Scaling,1.0,Auto Scaling
2026-10-18 12:20:53,336.267969920182,0,Network Traffic,1.0,Network Traffic
2026-10-18 13:20:53,522.4209503872165,0,Database Load,1.0,Database Load
2026-10-18 14:20:53,315.4362105938974,0,Normal,1.0,Normal
2026-10-18 15:20:53,330.65740218136443,0,Normal,1.0,Normal
2026-10-18 16:20:53,377.33558889137015,0,Normal,1.0,Normal
2026-10-18 17:20:53,420.9011258482983,0,Idle Resources,1.0,Idle Resources
2026-10-18 18:20:53,318.5924770199265,0,Normal,1.0,Normal
2026-10-18 19:20:53,452.2237295892903,0,Network Traffic,1.0,Network Traffic
2026-10-18 20:20:53,414.3012895070436,0,Idle Resources,0.99,Idle Resources
2026-10-18 21:20:53,333.05620256624235,0,Idle Resources,1.0,Idle Resources
2026-10-18 22:20:53,506.0280687264974,0,Database Load,1.0,Database Load
2026-10-18 23:20:53,517.2843108725842,0,Database Load,1.0,Database Load
2026-10-19 00:20:53,328.03950092991533,0,Normal,1.0,Normal
2026-10-19 01:20:53,270.75438835671434,0,Normal,1.0,Normal
2026-10-19 02:20:53,597.4728301056956,1,Database Load,1.0,Database Load
2026-10-19 03:20:53,328.5034243996628,0,Auto Scaling,1.0,Auto Scaling
2026-10-19 04:20:53,394.08942711337664,0,Network Traffic,1.0,Network Traffic
2026-10-19 05:20:53,428.7452889754565,0,Auto Scaling,1.0,Auto Scaling
2026-10-19 06:20:53,389.75214322035765,0,Idle Resources,1.0,Idle Resources
2026-10-19 07:20:53,335.9694575091297,0,Normal,1.0,Normal
2026-10-19 08:20:53,318.88283900065784,0,Storage Growth,1.0,Storage Growth
2026-10-19 09:20:53,184.3362220323073,0,Normal,1.0,Normal
2026-10-19 10:20:53,439.4475403859758,0,Database Load,1.0,Database Load
2026-10-19 11:20:53,380.5690759588471,0,Auto Scaling,1.0,Auto Scaling
2026-10-19 12:20:53,412.314344922672,0,Normal,1.0,Normal
2026-10-19 13:20:53,530.2650748287368,0,Database Load,1.0,Database Load
2026-10-19 14:20:53,395.5747822374719,0,Network Traffic,1.0,Network Traffic
2026-10-19 15:20:53,378.8866661646208,0,Normal,1.0,Normal
2026-10-19 16:20:53,251.96455541317928,0,Normal,1.0,Normal
2026-10-19 17:20:53,391.0026098742494,0,Normal,1.0,Normal
2026-10-19 18:20:53,264.6286505455193,0,Normal,1.0,Normal
2026-10-19 19:20:53,454.8860081721472,0,Storage Growth,0.96,Storage Growth
2026-10-19 20:20:53,410.4782362237789,0,Normal,1.0,Normal
2026-10-19 21:20:53,503.80155076309967,0,Backup/Snapshot Growth,1.0,Backup/Snapshot Growth
2026-10-19 22:20:53,504.3243821933125,0,Database Load,1.0,Database Load
2026-10-19 23:20:53,533.8026163321164,0,Backup/Snapshot Growth,0.99,Backup/Snapshot Growth
2026-10-20 00:20:53,439.2483994713308,0,Normal,1.0,Normal
2026-10-20 01:20:53,295.56685238675084,0,Auto Scaling,1.0,Auto Scaling
2026-10-20 02:20:53,264.065867224965,0,Normal,1.0,Normal
2026-10-20 03:20:53,284.76617972473014,0,Normal,0.9,Normal
2026-10-20 04:20:53,427.2991960269553,0,Idle Resources,1.0,Idle Resources
2026-10-20 05:20:53,391.04094233326094,0,Normal,1.0,Normal
2026-10-20 06:20:53,325.1546916735809,0,Normal,1.0,Normal
2026-10-20 07:20:53,296.0292677029162,0,Normal,1.0,Normal
2026-10-20 08:20:53,477.1995849181964,0,Idle Resources,0.99,Idle Resources
2026-10-20 09:20:53,429.1081353406412,0,Normal,1.0,Normal
2026-10-20 10:20:53,314.61155664296524,0,Normal,0.98,Normal
2026-10-20 11:20:53,363.5111291865428,0,Normal,1.0,Normal
2026-10-20 12:20:53,367.359008886803,0,Normal,1.0,Normal
2026-10-20 13:20:53,576.2713606130146,0,Database Load,1.0,Database Load
2026-10-20 14:20:53,516.7648132273835,0,Storage Growth,0.92,Storage Growth
2026-10-20 15:20:53,306.2877481352753,0,Normal,1.0,Normal
2026-10-20 16:20:53,411.8284437831791,0,Normal,1.0,Normal
2026-10-20 17:20:53,337.9824412972046,0,Normal,1.0,Normal
2026-10-20 18:20:53,400.51142047932825,0,Normal,1.0,Normal
2026-10-20 19:20:53,295.6772551848136,0,Normal,1.0,Normal
2026-10-20 20:20:53,426.86212259198527,0,Auto Scaling,1.0,Auto Scaling
2026-10-20 21:20:53,336.83904768714933,0,Normal,1.0,Normal
2026-10-20 22:20:53,342.9247770213457,0,Normal,1.0,Normal
2026-10-20 23:20:53,365.6561082756816,0,Normal,1.0,Normal
2026-10-21 00:20:53,340.43290731644584,0,Normal,1.0,Normal
2026-10-21 01:20:53,434.7293492334795,0,Idle Resources,1.0,Idle Resources
2026-10-21 02:20:53,589.7035555572347,1,Backup/Snapshot Growth,1.0,Backup/Snapshot Growth
2026-10-21 03:20:53,338.063225017077,0,Database Load,0.64,Database Load
2026-10-21 04:20:53,262.3456142683194,0,Normal,1.0,Normal
2026-10-21 05:20:53,291.6261423898187,0,Normal,1.0,Normal
2026-10-21 06:20:53,356.8378674180444,0,Normal,1.0,Normal
2026-10-21 07:20:53,400.31797636752776,0,Normal,1.0,Normal
2026-10-21 08:20:53,425.5681525935996,0,Normal,1.0,Normal
2026-10-21 09:20:53,585.6031100522507,1,Backup/Snapshot Growth,1.0,Backup/Snapshot Growth
2026-10-21 10:20:53,354.0603104382,0,Normal,1.0,Normal
2026-10-21 11:20:53,383.5267093112323,0,Normal,0.99,Normal
2026-10-21 12:20:53,512.2866191795157,0,Database Load,1.0,Database Load
2026-10-21 13:20:53,497.5839247727303,0,Idle Resources,1.0,Idle Resources
2026-10-21 14:20:53,380.9999706905021,0,Auto Scaling,1.0,Auto Scaling
2026-10-21 15:20:53,301.6844018304855,0,Storage Growth,1.0,Storage Growth
2026-10-21 16:20:53,467.04333705476745,0,Storage Growth,0.94,Storage Growth
2026-10-21 17:20:53,356.2911341532197,0,Normal,1.0,Normal
2026-10-21 18:20:53,265.3119279949757,0,Storage Growth,0.99,Storage Growth
2026-10-21 19:20:53,618.285929369077,1,Backup/Snapshot Growth,1.0,Backup/Snapshot Growth
2026-10-21 20:20:53,362.4094174388829,0,Auto Scaling,1.0,Auto Scaling
2026-10-21 21:20:53,276.0303775341065,0,Normal,1.0,Normal
2026-10-21 22:20:53,250.29763707508184,0,Normal,1.0,Normal
2026-10-21 23:20:53,408.1463460568992,0,Normal,1.0,Normal
2026-10-22 00:20:53,353.2189669442116,0,Normal,1.0,Normal
2026-10-22 01:20:53,233.05266643859704,0,Normal,1.0,Normal
2026-10-22 02:20:53,323.66818498580204,0,Normal,1.0,Normal
2026-10-22 03:20:53,345.4100449557182,0,Normal,1.0,Normal
2026-10-22 04:20:53,542.9447203375612,1,Backup/Snapshot Growth,1.0,Backup/Snapshot Growth
2026-10-22 05:20:53,606.3468031836807,0,Database Load,1.0,Database Load
2026-10-22 06:20:53,646.6879100293439,0,Database Load,1.0,Database Load
2026-10-22 07:20:53,483.10966059665753,0,Idle Resources,1.0,Idle Resources
2026-10-22 08:20:53,371.371194845029,0,Normal,1.0,Normal
2026-10-22 09:20:53,289.2601543788837,0,Normal,1.0,Normal
2026-10-22 10:20:53,462.5029196131554,0,Auto Scaling,1.0,Auto Scaling
2026-10-22 11:20:53,372.26107286496136,0,Normal,0.96,Normal
2026-10-22 12:20:53,363.3038906296412,0,Normal,1.0,Normal
2026-10-22 13:20:53,369.0464396111631,0,Normal,1.0,Normal
2026-10-22 14:20:53,384.9448025448799,0,Normal,1.0,Normal
2026-10-22 15:20:53,369.48659205252216,0,Normal,1.0,Normal
2026-10-22 16:20:53,412.2776990584733,0,Normal,1.0,Normal
2026-10-22 17:20:53,417.4670151974251,0,Normal,1.0,Normal
2026-10-22 18:20:53,372.43383392342514,0,Database Load,0.98,Database Load
2026-10-22 19:20:53,479.84340692466105,0,Backup/Snapshot Growth,1.0,Backup/Snapshot Growth
2026-10-22 20:20:53,327.9631061292804,0,Normal,1.0,Normal
2026-10-22 21:20:53,494.5650847890273,0,Idle Resources,1.0,Idle Resources
2026-10-22 22:20:53,232.54368948801624,0,Normal,1.0,Normal
2026-10-22 23:20:53,481.6278380933899,0,Auto Scaling,1.0,Auto Scaling
2026-10-23 00:20:53,350.9386727706115,0,Storage Growth,1.0,Storage Growth
2026-10-23 01:20:53,408.6456337308015,0,Auto Scaling,1.0,Auto Scaling
2026-10-23 02:20:53,368.4241898010108,0,Normal,1.0,Normal
2026-10-23 03:20:53,316.57149894743674,0,Network Traffic,1.0,Network Traffic
2026-10-23 04:20:53,359.1314529689817,0,Normal,1.0,Normal
2026-10-23 05:20:53,455.5605170239687,0,Backup/Snapshot Growth,1.0,Backup/Snapshot Growth
2026-10-23 06:20:53,267.5184581314171,0,Normal,1.0,Normal
2026-10-23 07:20:53,341.6307030942857,0,Auto Scaling,1.0,Auto Scaling
2026-10-23 08:20:53,236.03309293477088,0,Normal,1.0,Normal
2026-10-23 09:20:53,407.6907605552169,0,Normal,1.0,Normal
2026-10-23 10:20:53,359.9143609615016,0,Normal,1.0,Normal
2026-10-23 11:20:53,327.3169596070783,0,Normal,1.0,Normal
2026-10-23 12:20:53,381.3590019769326,0,Normal,1.0,Normal
2026-10-23 13:20:53,301.80098977204307,0,Normal,1.0,Normal
2026-10-23 14:20:53,362.2410136933305,0,Normal,1.0,Normal
2026-10-23 15:20:53,252.2799307673337,0,Normal,1.0,Normal
2026-10-23 16:20:53,556.1001373216354,0,Database Load,0.99,Database Load
2026-10-23 17:20:53,536.9253069490352,0,Database Load,1.0,Database Load
2026-10-23 18:20:53,372.78031846295625,0,Storage Growth,1.0,Storage Growth
2026-10-23 19:20:53,433.3288625441376,0,Idle Resources,1.0,Idle Resources
2026-10-23 20:20:53,359.9510133484708,0,Network Traffic,1.0,Network Traffic
2026-10-23 21:20:53,463.5662078748056,0,Auto Scaling,1.0,Auto Scaling
2026-10-23 22:20:53,449.2246525924296,0,Idle Resources,1.0,Idle Resources
2026-10-23 23:20:53,337.7967414431933,0,Normal,1.0,Normal
2026-10-24 00:20:53,325.90419663293403,0,Normal,1.0,Normal
2026-10-24 01:20:53,395.245247959144,0,Normal,1.0,Normal
2026-10-24 02:20:53,318.8690606483979,0,Idle Resources,1.0,Idle Resources
2026-10-24 03:20:53,550.1924567340975,0,Database Load,0.99,Database Load
2026-10-24 04:20:53,394.03843276213377,0,Normal,1.0,Normal
2026-10-24 05:20:53,314.5960716983776,0,Normal,1.0,Normal
2026-10-24 06:20:53,278.87193660340813,0,Normal,1.0,Normal
2026-10-24 07:20:53,327.7395591619268,0,Normal,1.0,Normal
2026-10-24 08:20:53,398.166508544263,0,Auto Scaling,1.0,Auto Scaling
2026-10-24 09:20:53,319.8302257565544,0,Network Traffic,1.0,Network Traffic
2026-10-24 10:20:53,345.2243882502597,0,Normal,1.0,Normal
2026-10-24 11:20:53,481.8292859752523,0,Backup/Snapshot Growth,1.0,Backup/Snapshot Growth
2026-10-24 12:20:53,598.7159582119845,0,Database Load,1.0,Database Load
2026-10-24 13:20:53,547.7812335467254,0,Database Load,1.0,Database Load
2026-10-24 14:20:53,354.16153790693613,0,Auto Scaling,1.0,Auto Scaling
2026-10-24 15:20:53,359.9019841535366,0,Normal,1.0,Normal
2026-10-24 16:20:53,428.8306046179749,0,Idle Resources,1.0,Idle Resources
2026-10-24 17:20:53,397.6826954742661,0,Auto Scaling,1.0,Auto Scaling
2026-10-24 18:20:53,615.025543884463,0,Database Load,1.0,Database Load
2026-10-24 19:20:53,343.64362994214787,0,Idle Resources,1.0,Idle Resources
2026-10-24 20:20:53,609.1103098548847,1,Backup/Snapshot Growth,1.0,Backup/Snapshot Growth
2026-10-24 21:20:53,380.7326875138175,0,Normal,1.0,Normal
2026-10-24 22:20:53,534.2058235263313,0,Backup/Snapshot Growth,1.0,Backup/Snapshot Growth
2026-10-24 23:20:53,395.8170726818136,0,Network Traffic,1.0,Network Traffic
2026-10-25 00:20:53,238.7446626881936,0,Normal,1.0,Normal
2026-10-25 01:20:53,378.1830083070923,0,Normal,1.0,Normal
2026-10-25 02:20:53,252.5477177507805,0,Normal,1.0,Normal
2026-10-25 03:20:53,442.79064609816334,0,Auto Scaling,1.0,Auto Scaling
2026-10-25 04:20:53,431.05589462929856,0,Auto Scaling,1.0,Auto Scaling
2026-10-25 05:20:53,274.2484478599345,0,Storage Growth,1.0,Storage Growth
2026-10-25 06:20:53,354.98650718423346,0,Normal,1.0,Normal
2026-10-25 07:20:53,367.122284305833,0,Normal,0.98,Normal
2026-10-25 08:20:53,262.5763772667603,0,Normal,1.0,Normal
2026-10-25 09:20:53,386.5036982783565,0,Auto Scaling,1.0,Auto Scaling
2026-10-25 10:20:53,367.785005280938,0,Normal,1.0,Normal
2026-10-25 11:20:53,378.0408204992616,0,Network Traffic,1.0,Network Traffic
2026-10-25 12:20:53,303.78348328395106,0,Normal,1.0,Normal
2026-10-25 13:20:53,337.74329637032105,0,Network Traffic,1.0,Network Traffic
2026-10-25 14:20:53,253.90116756564063,0,Normal,1.0,Normal
2026-10-25 15:20:53,317.25054493214856,0,Network Traffic,1.0,Network Traffic
2026-10-25 16:20:53,326.27137813822213,0,Normal,1.0,Normal
2026-10-25 17:20:53,451.4573263139549,1,Idle Resources,1.0,Idle Resources
2026-10-25 18:20:53,421.86006972373445,0,Network Traffic,1.0,Network Traffic
2026-10-25 19:20:53,370.0499101822149,0,Network Traffic,1.0,Network Traffic
2026-10-25 20:20:53,263.26686074680674,0,Normal,1.0,Normal
2026-10-25 21:20:53,284.4798571179974,0,Normal,1.0,Normal
2026-10-25 22:20:53,359.1960534618405,0,Storage Growth,1.0,Storage Growth
2026-10-25 23:20:53,642.7224074398217,1,Database Load,1.0,Database Load
2026-10-26 00:20:53,430.4813288604739,0,Normal,0.97,Normal
2026-10-26 01:20:53,299.4772953977527,0,Normal,1.0,Normal
2026-10-26 02:20:53,240.2800269027374,0,Normal,1.0,Normal
2026-10-26 03:20:53,600.2525099033323,1,Backup/Snapshot Growth,1.0,Backup/Snapshot Growth
2026-10-26 04:20:53,357.66641538560816,0,Normal,1.0,Normal
2026-10-26 05:20:53,342.6594182617689,0,Idle Resources,1.0,Idle Resources
2026-10-26 06:20:53,327.0802492807467,0,Storage Growth,0.96,Storage Growth
2026-10-26 07:20:53,500.4301666096599,0,Database Load,1.0,Database Load
2026-10-26 08:20:53,382.7731853845768,0,Normal,1.0,Normal
2026-10-26 09:20:53,375.02297101839855,0,Network Traffic,0.99,Network Traffic
2026-10-26 10:20:53,440.019283250226,0,Auto Scaling,1.0,Auto Scaling
2026-10-26 11:20:53,585.0555065192037,0,Database Load,1.0,Database Load
2026-10-26 12:20:53,374.2563799784199,0,Normal,1.0,Normal
2026-10-26 13:20:53,351.34645658556747,0,Storage Growth,1.0,Storage Growth
2026-10-26 14:20:53,383.5327039465124,0,Normal,1.0,Normal
2026-10-26 15:20:53,462.0928162390036,0,Storage Growth,0.91,Storage Growth
2026-10-26 16:20:53,342.5029727742969,0,Auto Scaling,1.0,Auto Scaling
2026-10-26 17:20:53,308.9618113967398,0,Network Traffic,1.0,Network Traffic
2026-10-26 18:20:53,568.7323853417284,0,Database Load,1.0,Database Load
2026-10-26 19:20:53,527.1418852522231,1,Idle Resources,1.0,Idle Resources
2026-10-26 20:20:53,289.0125541512039,0,Normal,1.0,Normal
2026-10-26 21:20:53,355.08829878117695,0,Normal,1.0,Normal
2026-10-26 22:20:53,331.87116281643046,0,Normal,1.0,Normal
2026-10-26 23:20:53,386.0669405540877,0,Network Traffic,1.0,Network Traffic
2026-10-27 00:20:53,312.9648889542907,0,Auto Scaling,0.99,Auto Scaling
2026-10-27 01:20:53,306.7426966106808,0,Network Traffic,1.0,Network Traffic
2026-10-27 02:20:53,461.8144622122415,0,Auto Scaling,1.0,Auto Scaling
2026-10-27 03:20:53,277.67556937372046,0,Normal,1.0,Normal
2026-10-27 04:20:53,379.8078182742864,0,Normal,1.0,Normal
2026-10-27 05:20:53,357.7236442136939,0,Storage Growth,1.0,Storage Growth
2026-10-27 06:20:53,585.7191104587683,1,Database Load,1.0,Database Load
2026-10-27 07:20:53,209.42414817672324,0,Normal,0.96,Normal
2026-10-27 08:20:53,356.8955073014923,0,Normal,1.0,Normal
2026-10-27 09:20:53,326.9118048781338,0,Normal,1.0,Normal
2026-10-27 10:20:53,472.1804375144846,0,Idle Resources,1.0,Idle Resources
2026-10-27 11:20:53,335.02965232024764,0,Normal,1.0,Normal
2026-10-27 12:20:53,502.11499023839,1,Idle Resources,1.0,Idle Resources
2026-10-27 13:20:53,432.7532992646114,0,Idle Resources,1.0,Idle Resources
2026-10-27 14:20:53,258.09064025727633,0,Normal,1.0,Normal
2026-10-27 15:20:53,308.4361588409855,0,Normal,1.0,Normal
2026-10-27 16:20:53,400.00262767935067,0,Normal,0.99,Normal
2026-10-27 17:20:53,547.6476440927361,0,Database Load,1.0,Database Load
2026-10-27 18:20:53,409.46979485316064,0,Normal,0.99,Normal
2026-10-27 19:20:53,301.86330291997285,0,Normal,1.0,Normal
2026-10-27 20:20:53,330.70885484884144,0,Network Traffic,1.0,Network Traffic
2026-10-27 21:20:53,442.92624537978287,0,Idle Resources,0.99,Idle Resources
2026-10-27 22:20:53,430.0373748858885,0,Database Load,0.98,Database Load
2026-10-27 23:20:53,381.7001367511674,0,Normal,0.99,Normal
2026-10-28 00:20:53,317.97510081695714,0,Normal,1.0,Normal
2026-10-28 01:20:53,359.99782896384073,0,Network Traffic,1.0,Network Traffic
2026-10-28 02:20:53,262.9296446580362,0,Normal,1.0,Normal
2026-10-28 03:20:53,358.0760168710303,0,Normal,0.96,Normal
2026-10-28 04:20:53,378.4454896519374,0,Normal,1.0,Normal
2026-10-28 05:20:53,353.2643596232302,0,Normal,1.0,Normal
2026-10-28 06:20:53,434.1590869574933,0,Idle Resources,1.0,Idle Resources
2026-10-28 07:20:53,421.52292941881,0,Idle Resources,1.0,Idle Resources
2026-10-28 08:20:53,421.479447956744,0,Idle Resources,0.99,Idle Resources
2026-10-28 09:20:53,394.3148358264053,0,Normal,1.0,Normal
2026-10-28 10:20:53,294.8718230897195,0,Network Traffic,1.0,Network Traffic
2026-10-28 11:20:53,381.0086030536136,0,Normal,1.0,Normal
2026-10-28 12:20:53,437.8173312454059,0,Normal,1.0,Normal
2026-10-28 13:20:53,706.9661705548504,1,Database Load,1.0,Database Load
2026-10-28 14:20:53,497.0378879226965,0,Storage Growth,0.97,Storage Growth
2026-10-28 15:20:53,388.1482693464708,0,Normal,1.0,Normal
2026-10-28 16:20:53,279.5802338028137,0,Normal,1.0,Normal
2026-10-28 17:20:53,435.46767870651,0,Normal,1.0,Normal
2026-10-28 18:20:53,467.2898986459887,0,Storage Growth,0.4,Storage Growth
2026-10-28 19:20:53,465.6160193153591,0,Auto Scaling,1.0,Auto Scaling
2026-10-28 20:20:53,417.3325540394308,0,Normal,1.0,Normal
2026-10-28 21:20:53,372.8520653112165,0,Normal,1.0,Normal
2026-10-28 22:20:53,391.1904859332777,0,Auto Scaling,1.0,Auto Scaling
2026-10-28 23:20:53,434.9425801787908,0,Normal,1.0,Normal
2026-10-29 00:20:53,292.1088976220773,0,Normal,1.0,Normal
2026-10-29 01:20:53,318.3119491285626,0,Normal,1.0,Normal
2026-10-29 02:20:53,383.999850997032,0,Normal,1.0,Normal
2026-10-29 03:20:53,437.0952894597157,0,Network Traffic,1.0,Network Traffic
2026-10-29 04:20:53,427.4465511692839,0,Storage Growth,1.0,Storage Growth
2026-10-29 05:20:53,407.2422127595779,0,Storage Growth,1.0,Storage Growth
2026-10-29 06:20:53,596.4995092636136,0,Database Load,1.0,Database Load
2026-10-29 07:20:53,342.8447283147995,0,Normal,1.0,Normal
2026-10-29 08:20:53,677.258130671782,1,Database Load,1.0,Database Load
2026-10-29 09:20:53,339.3439022983485,0,Auto Scaling,1.0,Auto Scaling
2026-10-29 10:20:53,272.55048070188667,0,Normal,1.0,Normal
2026-10-29 11:20:53,406.458850111189,0,Normal,1.0,Normal
2026-10-29 12:20:53,306.6754063225732,0,Normal,1.0,Normal
2026-10-29 13:20:53,331.8943222954696,0,Normal,1.0,Normal
2026-10-29 14:20:53,342.98590506206534,0,Normal,1.0,Normal
2026-10-29 15:20:53,249.2032140786732,0,Normal,1.0,Normal
2026-10-29 16:20:53,383.7164816879392,0,Network Traffic,0.99,Network Traffic
2026-10-29 17:20:53,577.4605623848747,0,Database Load,1.0,Database Load
2026-10-29 18:20:53,594.5812065743124,0,Database Load,1.0,Database Load
2026-10-29 19:20:53,370.9779013545881,0,Normal,1.0,Normal
2026-10-29 20:20:53,422.82908683471845,0,Normal,1.0,Normal
2026-10-29 21:20:53,260.46310422522777,0,Normal,1.0,Normal
2026-10-29 22:20:53,333.26380004996975,0,Normal,0.5,Database Load
2026-10-29 23:20:53,373.16969197522286,0,Idle Resources,1.0,Idle Resources
2026-10-30 00:20:53,331.5152206307432,0,Network Traffic,1.0,Network Traffic
2026-10-30 01:20:53,612.3038195903735,1,Backup/Snapshot Growth,1.0,Backup/Snapshot Growth
2026-10-30 02:20:53,345.2625069102737,0,Normal,0.99,Normal
2026-10-30 03:20:53,338.94390903602493,0,Normal,1.0,Normal
2026-10-30 04:20:53,378.3418939638662,0,Normal,1.0,Normal
2026-10-30 05:20:53,401.3473605883698,0,Normal,1.0,Normal
2026-10-30 06:20:53,495.98391326498233,0,Database Load,1.0,Database Load
2026-10-30 07:20:53,293.9607539395205,0,Auto Scaling,1.0,Auto Scaling
2026-10-30 08:20:53,354.3356692416759,0,Normal,1.0,Normal
2026-10-30 09:20:53,384.16647416073386,0,Normal,0.96,Normal
2026-10-30 10:20:53,497.720017993138,0,Idle Resources,0.94,Idle Resources
2026-10-30 11:20:53,366.4741973157477,0,Normal,1.0,Normal
2026-10-30 12:20:53,355.9053989652677,0,Normal,1.0,Normal
2026-10-30 13:20:53,375.8409553598312,0,Idle Resources,1.0,Idle Resources
2026-10-30 14:20:53,368.3109906465457,0,Auto Scaling,1.0,Auto Scaling
2026-10-30 15:20:53,376.262331366204,0,Normal,1.0,Normal
2026-10-30 16:20:53,328.0103216869239,0,Storage Growth,0.99,Storage Growth
2026-10-30 17:20:53,317.05779034820495,0,Normal,0.99,Normal
2026-10-30 18:20:53,338.7296314712593,0,Normal,0.99,Normal
2026-10-30 19:20:53,346.55221415688334,0,Normal,1.0,Normal
2026-10-30 20:20:53,502.0505774806289,0,Idle Resources,1.0,Idle Resources
2026-10-30 21:20:53,315.671597057028,0,Normal,1.0,Normal
2026-10-30 22:20:53,334.05911575576584,0,Normal,1.0,Normal
2026-10-30 23:20:53,424.52794593135945,0,Idle Resources,1.0,Idle Resources
2026-10-31 00:20:53,362.2352870122844,0,Network Traffic,1.0,Network Traffic
2026-10-31 01:20:53,355.5047498728774,0,Normal,1.0,Normal
2026-10-31 02:20:53,368.698507881608,0,Auto Scaling,1.0,Auto Scaling
2026-10-31 03:20:53,340.0752835876766,0,Normal,1.0,Normal
2026-10-31 04:20:53,290.688239767782,0,Normal,1.0,Normal
2026-10-31 05:20:53,360.3112930274993,0,Idle Resources,1.0,Idle Resources
2026-10-31 06:20:53,399.79404131789033,0,Network Traffic,1.0,Network Traffic
2026-10-31 07:20:53,493.705908870053,0,Normal,0.99,Normal
2026-10-31 08:20:53,397.54287017914606,0,Normal,1.0,Normal
2026-10-31 09:20:53,403.3802327129965,0,Normal,1.0,Normal
2026-10-31 10:20:53,408.73794063052287,0,Normal,1.0,Normal
2026-10-31 11:20:53,585.726675461592,0,Database Load,1.0,Database Load
2026-10-31 12:20:53,436.4705445578094,1,Idle Resources,1.0,Idle Resources
2026-10-31 13:20:53,244.034731196103,0,Storage Growth,0.98,Storage Growth
2026-10-31 14:20:53,307.9714328481962,0,Normal,0.99,Normal
2026-10-31 15:20:53,337.56871003524566,0,Normal,1.0,Normal
2026-10-31 16:20:53,365.0902362324779,0,Normal,0.97,Normal
2026-10-31 17:20:53,410.5492291641452,0,Normal,0.99,Normal
2026-10-31 18:20:53,392.9553060044464,0,Normal,1.0,Normal
2026-10-31 19:20:53,598.7176399814545,0,Backup/Snapshot Growth,1.0,Backup/Snapshot Growth
2026-10-31 20:20:53,316.805982938214,0,Network Traffic,1.0,Network Traffic
2026-10-31 21:20:53,249.36074750852663,0,Normal,1.0,Normal
2026-10-31 22:20:53,384.111013133737,0,Database Load,0.79,Database Load
2026-10-31 23:20:53,373.97740303839487,0,Normal,1.0,Normal
2026-11-01 00:20:53,548.0958152514099,1,Idle Resources,1.0,Idle Resources
2026-11-01 01:20:53,301.8036233183857,0,Normal,0.99,Normal
2026-11-01 02:20:53,444.2513948142835,0,Database Load,0.97,Database Load
2026-11-01 03:20:53,317.0961142154717,0,Normal,1.0,Normal
2026-11-01 04:20:53,357.9366429494812,0,Idle Resources,0.99,Idle Resources
2026-11-01 05:20:53,343.39358844018807,0,Normal,1.0,Normal
2026-11-01 06:20:53,307.81586770232246,0,Normal,1.0,Normal
2026-11-01 07:20:53,360.4457131873863,0,Normal,1.0,Normal
2026-11-01 08:20:53,466.8145275437633,0,Idle Resources,1.0,Idle Resources
2026-11-01 09:20:53,442.4348633470358,0,Idle Resources,0.99,Idle Resources
2026-11-01 10:20:53,331.9316214695248,0,Normal,1.0,Normal
2026-11-01 11:20:53,324.06243438533534,0,Network Traffic,1.0,Network Traffic
2026-11-01 12:20:53,359.40323051713017,0,Network Traffic,1.0,Network Traffic
2026-11-01 13:20:53,341.9459515763226,0,Normal,1.0,Normal
2026-11-01 14:20:53,398.47615254036526,0,Normal,1.0,Normal
2026-11-01 15:20:53,370.63837020826975,0,Normal,1.0,Normal
2026-11-01 16:20:53,306.147250788262,0,Normal,1.0,Normal
2026-11-01 17:20:53,353.733920847801,0,Normal,1.0,Normal
2026-11-01 18:20:53,282.2853303272867,0,Storage Growth,1.0,Storage Growth
2026-11-01 19:20:53,273.0913211823114,0,Normal,1.0,Normal
2026-11-01 20:20:53,555.4451417294134,0,Backup/Snapshot Growth,1.0,Backup/Snapshot Growth
2026-11-01 21:20:53,583.5432112719332,0,Backup/Snapshot Growth,1.0,Backup/Snapshot Growth
2026-11-01 22:20:53,430.2081281071756,0,Normal,1.0,Normal
2026-11-01 23:20:53,497.6912556274384,0,Normal,1.0,Normal
2026-11-02 00:20:53,417.13387372874206,0,Network Traffic,1.0,Network Traffic
2026-11-02 01:20:53,448.636051522424,0,Network Traffic,0.99,Network Traffic
2026-11-02 02:20:53,378.4672661440306,0,Network Traffic,1.0,Network Traffic
2026-11-02 03:20:53,300.08196437802684,0,Normal,1.0,Normal
2026-11-02 04:20:53,353.3402993867871,0,Normal,1.0,Normal
2026-11-02 05:20:53,389.2791105339052,0,Storage Growth,1.0,Storage Growth
2026-11-02 06:20:53,438.0043577427949,0,Network Traffic,1.0,Network Traffic
2026-11-02 07:20:53,440.7692498324896,0,Auto Scaling,1.0,Auto Scaling
2026-11-02 08:20:53,417.31114240324,0,Idle Resources,1.0,Idle Resources
2026-11-02 09:20:53,390.3493984833733,0,Idle Resources,1.0,Idle Resources
2026-11-02 10:20:53,386.59440659212703,0,Idle Resources,1.0,Idle Resources
2026-11-02 11:20:53,335.1755316067793,0,Normal,1.0,Normal
2026-11-02 12:20:53,352.5640825051601,0,Auto Scaling,1.0,Auto Scaling
2026-11-02 13:20:53,629.212744626198,1,Database Load,1.0,Database Load
2026-11-02 14:20:53,545.7410070008913,0,Database Load,1.0,Database Load
2026-11-02 15:20:53,312.59355218807127,0,Normal,1.0,Normal
2026-11-02 16:20:53,346.89082913461704,0,Normal,1.0,Normal
2026-11-02 17:20:53,603.4423842836578,1,Database Load,1.0,Database Load
2026-11-02 18:20:53,377.22152902791447,0,Network Traffic,1.0,Network Traffic
2026-11-02 19:20:53,376.8885826466319,0,Normal,0.99,Normal
2026-11-02 20:20:53,540.9686636961259,1,Idle Resources,1.0,Idle Resources
2026-11-02 21:20:53,356.3478559060858,0,Normal,0.98,Normal
2026-11-02 22:20:53,464.3711024984208,0,Idle Resources,1.0,Idle Resources
2026-11-02 23:20:53,375.370237435703,0,Idle Resources,1.0,Idle Resources
2026-11-03 00:20:53,389.02636058122494,0,Network Traffic,1.0,Network Traffic
2026-11-03 01:20:53,405.2679889202864,0,Storage Growth,0.97,Storage Growth
2026-11-03 02:20:53,253.95113626741391,0,Normal,1.0,Normal
2026-11-03 03:20:53,334.6791686307049,0,Normal,1.0,Normal
2026-11-03 04:20:53,255.6694075405809,0,Normal,1.0,Normal
2026-11-03 05:20:53,282.21465566916373,0,Normal,0.99,Normal
2026-11-03 06:20:53,297.98705460272413,0,Normal,1.0,Normal
2026-11-03 07:20:53,325.67811248387017,0,Network Traffic,0.99,Network Traffic
2026-11-03 08:20:53,371.0406428442506,0,Normal,0.98,Normal
2026-11-03 09:20:53,262.8462447569667,0,Storage Growth,1.0,Storage Growth
2026-11-03 10:20:53,404.6663295157807,0,Idle Resources,1.0,Idle Resources
2026-11-03 11:20:53,277.90020908732254,0,Network Traffic,1.0,Network Traffic
2026-11-03 12:20:53,361.9897593842667,0,Storage Growth,0.99,Storage Growth
2026-11-03 13:20:53,409.995693018556,0,Storage Growth,0.81,Storage Growth
2026-11-03 14:20:53,484.9442872126409,0,Auto Scaling,1.0,Auto Scaling
2026-11-03 15:20:53,385.2643320453203,0,Normal,0.98,Normal
2026-11-03 16:20:53,420.6671778160702,0,Normal,1.0,Normal
2026-11-03 17:20:53,246.10243021453087,0,Normal,1.0,Normal
2026-11-03 18:20:53,303.14670432160386,0,Normal,1.0,Normal
2026-11-03 19:20:53,404.8046131059725,0,Normal,1.0,Normal
2026-11-03 20:20:53,317.0322107691917,0,Normal,0.95,Normal
2026-11-03 21:20:53,615.1341394531345,0,Database Load,1.0,Database Load
2026-11-03 22:20:53,311.79846082048755,0,Normal,1.0,Normal
2026-11-03 23:20:53,371.2756141752707,0,Database Load,0.98,Database Load
2026-11-04 00:20:53,392.41908341074986,0,Normal,1.0,Normal
2026-11-04 01:20:53,331.7051881013385,0,Normal,1.0,Normal
2026-11-04 02:20:53,492.5487659655098,0,Auto Scaling,1.0,Auto Scaling
2026-11-04 03:20:53,262.153704624776,0,Normal,1.0,Normal
2026-11-04 04:20:53,465.6496276705544,0,Auto Scaling,1.0,Auto Scaling
2026-11-04 05:20:53,453.8486470026879,0,Storage Growth,0.98,Storage Growth
2026-11-04 06:20:53,373.7318418020627,0,Normal,1.0,Normal
2026-11-04 07:20:53,262.401587023339,0,Normal,1.0,Normal
2026-11-04 08:20:53,537.4713673692395,0,Database Load,1.0,Database Load
2026-11-04 09:20:53,285.4852278274827,0,Normal,1.0,Normal
2026-11-04 10:20:53,314.78761377142325,0,Normal,1.0,Normal
2026-11-04 11:20:53,387.0710399552527,0,Auto Scaling,1.0,Auto Scaling
2026-11-04 12:20:53,427.8710759963761,0,Auto Scaling,1.0,Auto Scaling
2026-11-04 13:20:53,431.9909445849968,0,Normal,1.0,Normal
2026-11-04 14:20:53,226.68623589261048,0,Normal,0.99,Normal
2026-11-04 15:20:53,401.11454458542414,0,Normal,1.0,Normal
2026-11-04 16:20:53,247.1062281281769,0,Auto Scaling,1.0,Auto Scaling
2026-11-04 17:20:53,368.161310721418,0,Database Load,1.0,Database Load
2026-11-04 18:20:53,348.1828063674256,0,Normal,1.0,Normal
2026-11-04 19:20:53,460.2901363207312,0,Backup/Snapshot Growth,1.0,Backup/Snapshot Growth
2026-11-04 20:20:53,328.282487277386,0,Idle Resources,0.99,Idle Resources
2026-11-04 21:20:53,337.6161298096488,0,Normal,1.0,Normal
2026-11-04 22:20:53,416.78655244642346,0,Network Traffic,1.0,Network Traffic
2026-11-04 23:20:53,417.8115079812247,0,Normal,0.99,Normal
2026-11-05 00:20:53,355.48494503965605,0,Normal,1.0,Normal
2026-11-05 01:20:53,405.53810398034216,0,Normal,1.0,Normal
2026-11-05 02:20:53,417.9156418639318,0,Database Load,0.99,Database Load
2026-11-05 03:20:53,419.2109917293217,0,Storage Growth,0.99,Storage Growth
2026-11-05 04:20:53,298.8350870477918,0,Normal,1.0,Normal
2026-11-05 05:20:53,356.5324050168505,0,Normal,1.0,Normal
2026-11-05 06:20:53,423.2996279979525,0,Normal,1.0,Normal
2026-11-05 07:20:53,262.24660512273783,0,Normal,1.0,Normal
2026-11-05 08:20:53,334.88004540946133,0,Normal,1.0,Normal
2026-11-05 09:20:53,382.3054500498354,0,Network Traffic,1.0,Network Traffic
2026-11-05 10:20:53,297.0422831257206,0,Normal,1.0,Normal
2026-11-05 11:20:53,395.9118986119969,0,Normal,1.0,Normal
2026-11-05 12:20:53,268.9570405008179,0,Normal,1.0,Normal
2026-11-05 13:20:53,366.0374798408151,0,Normal,1.0,Normal
2026-11-05 14:20:53,295.1052370329189,0,Auto Scaling,1.0,Auto Scaling
2026-11-05 15:20:53,245.61831587439235,0,Normal,1.0,Normal
2026-11-05 16:20:53,350.3275999996804,0,Auto Scaling,1.0,Auto Scaling
2026-11-05 17:20:53,484.8204966028065,0,Idle Resources,1.0,Idle Resources
2026-11-05 18:20:53,384.2371936871289,0,Normal,1.0,Normal
2026-11-05 19:20:53,275.6595546232712,0,Normal,1.0,Normal
2026-11-05 20:20:53,251.7738030834648,0,Normal,1.0,Normal
2026-11-05 21:20:53,534.3874857580046,0,Backup/Snapshot Growth,0.97,Backup/Snapshot Growth
2026-11-05 22:20:53,298.2318487701124,0,Normal,1.0,Normal
2026-11-05 23:20:53,326.8652118908042,0,Normal,1.0,Normal
2026-11-06 00:20:53,382.6365819593737,0,Normal,1.0,Normal
2026-11-06 01:20:53,264.6796547047318,0,Normal,0.99,Normal
2026-11-06 02:20:53,450.525158479254,0,Idle Resources,1.0,Idle Resources
2026-11-06 03:20:53,354.95348469353314,0,Normal,1.0,Normal
2026-11-06 04:20:53,366.8904747537199,0,Normal,1.0,Normal
2026-11-06 05:20:53,357.9456649242665,0,Storage Growth,0.99,Storage Growth
2026-11-06 06:20:53,347.21799071890496,0,Idle Resources,1.0,Idle Resources
2026-11-06 07:20:53,400.2266217465528,0,Idle Resources,1.0,Idle Resources
2026-11-06 08:20:53,344.19860989354265,0,Normal,0.99,Normal
2026-11-06 09:20:53,222.4478894401149,0,Normal,1.0,Normal
2026-11-06 10:20:53,389.70875999107074,0,Auto Scaling,1.0,Auto Scaling
2026-11-06 11:20:53,353.78994641905365,0,Auto Scaling,1.0,Auto Scaling
2026-11-06 12:20:53,332.5198345634308,0,Normal,1.0,Normal
2026-11-06 13:20:53,352.523184310356,0,Normal,1.0,Normal
2026-11-06 14:20:53,428.3628279392816,0,Idle Resources,1.0,Idle Resources
2026-11-06 15:20:53,277.73590852447524,0,Normal,1.0,Normal
2026-11-06 16:20:53,368.599786513847,0,Normal,0.99,Normal
2026-11-06 17:20:53,400.2973018796389,0,Normal,1.0,Normal
2026-11-06 18:20:53,285.006049066096,0,Normal,1.0,Normal
2026-11-06 19:20:53,333.90445398652423,0,Network Traffic,1.0,Network Traffic
2026-11-06 20:20:53,326.578345432529,0,Normal,0.95,Normal
2026-11-06 21:20:53,244.8332667385312,0,Normal,0.98,Normal
2026-11-06 22:20:53,365.8792635864289,0,Normal,1.0,Normal
2026-11-06 23:20:53,402.2655900615941,0,Auto Scaling,1.0,Auto Scaling
2026-11-07 00:20:53,385.8519325160567,0,Auto Scaling,1.0,Auto Scaling
2026-11-07 01:20:53,339.07196803281806,0,Normal,1.0,Normal
2026-11-07 02:20:53,357.53675483674465,0,Normal,1.0,Normal
2026-11-07 03:20:53,483.77586611418144,0,Storage Growth,0.91,Storage Growth
2026-11-07 04:20:53,374.8067937981935,0,Normal,1.0,Normal
2026-11-07 05:20:53,368.7220198760384,0,Normal,1.0,Normal
2026-11-07 06:20:53,404.36065523479033,0,Auto Scaling,1.0,Auto Scaling
2026-11-07 07:20:53,356.11531831958166,0,Auto Scaling,1.0,Auto Scaling
2026-11-07 08:20:53,329.96966972580407,0,Normal,1.0,Normal
2026-11-07 09:20:53,435.2518671155291,0,Normal,0.95,Normal
2026-11-07 10:20:53,331.8164915232588,0,Normal,1.0,Normal
2026-11-07 11:20:53,642.8065094902432,1,Database Load,1.0,Database Load
2026-11-07 12:20:53,245.04603970859,0,Normal,1.0,Normal
2026-11-07 13:20:53,274.9905618273767,0,Normal,1.0,Normal
2026-11-07 14:20:53,469.2049424474344,0,Idle Resources,1.0,Idle Resources
2026-11-07 15:20:53,424.516793555533,0,Storage Growth,1.0,Storage Growth
2026-11-07 16:20:53,436.7836680174472,0,Network Traffic,1.0,Network Traffic
2026-11-07 17:20:53,323.9069506370804,0,Idle Resources,0.99,Idle Resources
2026-11-07 18:20:53,361.8444119379975,0,Normal,1.0,Normal
2026-11-07 19:20:53,260.6914991671725,0,Normal,1.0,Normal
2026-11-07 20:20:53,252.010322857732,0,Normal,1.0,Normal
2026-11-07 21:20:53,293.7992523304763,0,Normal,1.0,Normal
2026-11-07 22:20:53,394.4268274918275,0,Normal,1.0,Normal
2026-11-07 23:20:53,375.6766750323904,0,Normal,1.0,Normal
2026-11-08 00:20:53,457.07780216235454,0,Storage Growth,1.0,Storage Growth
2026-11-08 01:20:53,355.80168822134283,0,Normal,0.97,Normal
2026-11-08 02:20:53,470.1392496134513,0,Database Load,1.0,Database Load
2026-11-08 03:20:53,278.67305299600747,0,Normal,1.0,Normal
2026-11-08 04:20:53,387.4605747401776,0,Normal,0.95,Normal
2026-11-08 05:20:53,373.0525414758136,0,Network Traffic,1.0,Network Traffic
2026-11-08 06:20:53,453.40810932705546,0,Database Load,1.0,Database Load
2026-11-08 07:20:53,389.5673739627073,0,Normal,1.0,Normal
2026-11-08 08:20:53,335.9886194137343,0,Auto Scaling,1.0,Auto Scaling
2026-11-08 09:20:53,311.24539844404427,0,Normal,0.99,Normal
2026-11-08 10:20:53,265.0467494250499,0,Normal,1.0,Normal
2026-11-08 11:20:53,408.3390901052687,0,Database Load,0.96,Database Load
2026-11-08 12:20:53,250.6618678213673,0,Normal,1.0,Normal
2026-11-08 13:20:53,328.260767805171,0,Normal,1.0,Normal
2026-11-08 14:20:53,253.86757358797985,0,Normal,1.0,Normal
2026-11-08 15:20:53,237.1200542668222,0,Normal,1.0,Normal
2026-11-08 16:20:53,468.2422301627355,0,Idle Resources,0.97,Idle Resources
2026-11-08 17:20:53,420.4078633539445,0,Auto Scaling,1.0,Auto Scaling
2026-11-08 18:20:53,406.54001373243193,0,Normal,1.0,Normal
2026-11-08 19:20:53,339.60889313962565,0,Normal,1.0,Normal
2026-11-08 20:20:53,445.7069064481725,0,Database Load,1.0,Database Load
2026-11-08 21:20:53,417.8813814445896,0,Backup/Snapshot Growth,0.91,Backup/Snapshot Growth
2026-11-08 22:20:53,457.55755468707065,0,Idle Resources,1.0,Idle Resources
2026-11-08 23:20:53,381.8674300371147,0,Normal,1.0,Normal
2026-11-09 00:20:53,310.50373420035635,0,Normal,1.0,Normal
2026-11-09 01:20:53,301.13780036343144,0,Normal,1.0,Normal
2026-11-09 02:20:53,278.9351197741847,0,Normal,1.0,Normal
2026-11-09 03:20:53,287.08386684475363,0,Normal,1.0,Normal
2026-11-09 04:20:53,388.1927302354138,0,Auto Scaling,1.0,Auto Scaling
2026-11-09 05:20:53,364.95664878247584,0,Idle Resources,1.0,Idle Resources
2026-11-09 06:20:53,402.4519365859952,0,Auto Scaling,1.0,Auto Scaling
2026-11-09 07:20:53,691.3126699801543,1,Database Load,1.0,Database Load
2026-11-09 08:20:53,357.9181877422693,0,Normal,0.82,Normal
2026-11-09 09:20:53,533.6206384855296,0,Database Load,1.0,Database Load
2026-11-09 10:20:53,359.8500273371417,0,Normal,1.0,Normal
2026-11-09 11:20:53,323.81974872654644,0,Normal,1.0,Normal
2026-11-09 12:20:53,398.4665431943623,0,Network Traffic,1.0,Network Traffic
2026-11-09 13:20:53,266.3641068129403,0,Normal,1.0,Normal
2026-11-09 14:20:53,508.949616181107,0,Backup/Snapshot Growth,0.99,Backup/Snapshot Growth
2026-11-09 15:20:53,473.8953186091408,0,Auto Scaling,1.0,Auto Scaling
2026-11-09 16:20:53,276.6336012556486,0,Normal,1.0,Normal
2026-11-09 17:20:53,299.95169185003647,0,Normal,1.0,Normal
2026-11-09 18:20:53,389.5117050033988,0,Normal,1.0,Normal
2026-11-09 19:20:53,368.927180616712,0,Network Traffic,1.0,Network Traffic
2026-11-09 20:20:53,379.15911768601103,0,Normal,1.0,Normal
2026-11-09 21:20:53,395.72799076961104,0,Auto Scaling,1.0,Auto Scaling
2026-11-09 22:20:53,367.08174470756046,0,Network Traffic,1.0,Network Traffic
2026-11-09 23:20:53,359.0851985761322,0,Normal,1.0,Normal
2026-11-10 00:20:53,367.2427315535823,0,Auto Scaling,1.0,Auto Scaling
2026-11-10 01:20:53,452.251548576636,0,Normal,0.98,Normal
2026-11-10 02:20:53,276.49271019895843,0,Normal,0.99,Normal
2026-11-10 03:20:53,183.8683192755779,0,Normal,1.0,Normal
2026-11-10 04:20:53,305.3898671400024,0,Normal,1.0,Normal
2026-11-10 05:20:53,381.66637471192576,0,Storage Growth,1.0,Storage Growth
2026-11-10 06:20:53,492.6179943575335,0,Database Load,1.0,Database Load
2026-11-10 07:20:53,350.3171157183598,0,Idle Resources,0.85,Idle Resources
2026-11-10 08:20:53,418.2651337939276,1,Auto Scaling,1.0,Auto Scaling
2026-11-10 09:20:53,666.1692683951375,1,Database Load,1.0,Database Load
2026-11-10 10:20:53,525.8115227775859,0,Database Load,1.0,Database Load
2026-11-10 11:20:53,342.22641496589733,0,Normal,1.0,Normal
2026-11-10 12:20:53,404.3847603733525,0,Normal,1.0,Normal
2026-11-10 13:20:53,364.2243648887893,0,Network Traffic,1.0,Network Traffic
2026-11-10 14:20:53,295.5296751541929,0,Normal,1.0,Normal
2026-11-10 15:20:53,452.62232627113264,0,Normal,0.96,Normal
2026-11-10 16:20:53,263.42880191288293,0,Normal,1.0,Normal
2026-11-10 17:20:53,353.6760203624445,0,Normal,0.95,Normal
2026-11-10 18:20:53,354.1376536603128,0,Storage Growth,1.0,Storage Growth
2026-11-10 19:20:53,471.4217311356463,0,Idle Resources,1.0,Idle Resources
2026-11-10 20:20:53,593.3749563657431,1,Backup/Snapshot Growth,1.0,Backup/Snapshot Growth
2026-11-10 21:20:53,322.9980204634083,0,Network Traffic,0.99,Network Traffic
2026-11-10 22:20:53,400.769769990508,0,Auto Scaling,1.0,Auto Scaling
2026-11-10 23:20:53,409.9213589269281,0,Normal,1.0,Normal
2026-11-11 00:20:53,376.4244668495388,0,Auto Scaling,1.0,Auto Scaling
2026-11-11 01:20:53,568.3820521312535,0,Database Load,1.0,Database Load
2026-11-11 02:20:53,598.2425061233648,1,Idle Resources,1.0,Idle Resources
2026-11-11 03:20:53,422.2007835435132,0,Normal,1.0,Normal
2026-11-11 04:20:53,458.7464788014206,0,Idle Resources,1.0,Idle Resources
2026-11-11 05:20:53,346.85610426494384,0,Normal,1.0,Normal
2026-11-11 06:20:53,268.02704036859626,0,Normal,1.0,Normal
2026-11-11 07:20:53,341.94107039711577,0,Normal,1.0,Normal
2026-11-11 08:20:53,392.2711030152848,0,Normal,1.0,Normal
2026-11-11 09:20:53,572.7453263583848,0,Backup/Snapshot Growth,1.0,Backup/Snapshot Growth
2026-11-11 10:20:53,298.70478897761615,0,Normal,1.0,Normal
2026-11-11 11:20:53,401.9846371179511,0,Auto Scaling,1.0,Auto Scaling
2026-11-11 12:20:53,380.4565653065544,0,Auto Scaling,1.0,Auto Scaling
2026-11-11 13:20:53,296.9997543766356,0,Normal,1.0,Normal
2026-11-11 14:20:53,380.2676003866189,0,Normal,0.99,Normal
2026-11-11 15:20:53,387.4090293571858,0,Network Traffic,1.0,Network Traffic
2026-11-11 16:20:53,587.3642440331801,0,Database Load,1.0,Database Load
2026-11-11 17:20:53,328.44558174590054,0,Network Traffic,1.0,Network Traffic
2026-11-11 18:20:53,436.2869327729789,0,Database Load,1.0,Database Load
2026-11-11 19:20:53,366.9611247915649,0,Normal,1.0,Normal
2026-11-11 20:20:53,468.46219346947936,0,Idle Resources,0.99,Idle Resources
2026-11-11 21:20:53,400.22126060768255,0,Database Load,1.0,Database Load
2026-11-11 22:20:53,241.25142166427824,0,Normal,1.0,Normal
2026-11-11 23:20:53,491.2762348874561,0,Backup/Snapshot Growth,1.0,Backup/Snapshot Growth
2026-11-12 00:20:53,284.77253522047846,0,Normal,1.0,Normal
2026-11-12 01:20:53,309.7947971346204,0,Normal,1.0,Normal
2026-11-12 02:20:53,306.11692905513814,0,Normal,1.0,Normal
2026-11-12 03:20:53,236.8491470914977,0,Normal,1.0,Normal
2026-11-12 04:20:53,423.1842395061444,0,Backup/Snapshot Growth,0.98,Backup/Snapshot Growth
2026-11-12 05:20:53,363.2290650197374,0,Normal,1.0,Normal
2026-11-12 06:20:53,411.37972095532376,0,Idle Resources,1.0,Idle Resources
2026-11-12 07:20:53,280.24277903976457,0,Normal,1.0,Normal
2026-11-12 08:20:53,316.5616853182124,0,Normal,1.0,Normal
2026-11-12 09:20:53,387.6876845754117,0,Idle Resources,0.98,Idle Resources
2026-11-12 10:20:53,314.63478287068665,0,Normal,1.0,Normal
2026-11-12 11:20:53,423.4453973147439,0,Network Traffic,1.0,Network Traffic
2026-11-12 12:20:53,513.8990420570954,0,Database Load,1.0,Database Load
2026-11-12 13:20:53,303.82865273995907,0,Normal,1.0,Normal
2026-11-12 14:20:53,353.1125906043775,0,Normal,1.0,Normal
2026-11-12 15:20:53,448.55108976385833,0,Normal,1.0,Normal
2026-11-12 16:20:53,282.12035009127493,0,Network Traffic,1.0,Network Traffic
2026-11-12 17:20:53,455.9892540548921,0,Auto Scaling,0.99,Auto Scaling
2026-11-12 18:20:53,369.8817372065319,0,Backup/Snapshot Growth,0.84,Backup/Snapshot Growth
2026-11-12 19:20:53,353.1156398824808,0,Storage Growth,0.99,Storage Growth
2026-11-12 20:20:53,320.5877087101932,0,Network Traffic,1.0,Network Traffic
2026-11-12 21:20:53,403.3875463325741,0,Storage Growth,0.95,Storage Growth
2026-11-12 22:20:53,478.07114489095375,0,Auto Scaling,0.93,Auto Scaling
2026-11-12 23:20:53,327.3830532470853,0,Normal,1.0,Normal
2026-11-13 00:20:53,304.54420128102896,0,Normal,1.0,Normal
2026-11-13 01:20:53,364.8625060356813,0,Idle Resources,1.0,Idle Resources
2026-11-13 02:20:53,349.2946951452535,0,Network Traffic,0.97,Network Traffic
2026-11-13 03:20:53,361.9788597073314,0,Normal,1.0,Normal
2026-11-13 04:20:53,356.1545611521133,0,Normal,1.0,Normal
